2026-07-01 22:33:21,068 | ERROR    | StatisticsManager | FINNHUB failed after 0.2881s
2026-07-01 22:33:21,086 | WARNING  | SourceEngine | FINNHUB : EMPTY_DATA
2026-07-01 22:33:21,307 | WARNING  | HealthManager | Provider FMP is unhealthy.
2026-07-01 22:33:21,309 | WARNING  | SourceEngine | FMP OFFLINE
2026-07-01 22:33:21,568 | WARNING  | HealthManager | Provider ALPHA_VANTAGE is unhealthy.
2026-07-01 22:33:21,569 | WARNING  | SourceEngine | ALPHA_VANTAGE OFFLINE
2026-07-01 22:33:21,570 | CRITICAL | SourceEngine | ALL PROVIDERS FAILED : ^GSPC
2026-07-01 22:33:21,572 | INFO     | SourceEngine | REQUEST : TSM
2026-07-01 22:33:21,773 | WARNING  | HealthManager | Provider MASSIVE is unhealthy.
2026-07-01 22:33:21,774 | WARNING  | SourceEngine | MASSIVE OFFLINE
2026-07-01 22:33:22,247 | ERROR    | StatisticsManager | FINNHUB failed after 0.2275s
2026-07-01 22:33:22,248 | WARNING  | SourceEngine | FINNHUB : EMPTY_DATA
2026-07-01 22:33:22,454 | WARNING  | HealthManager | Provider FMP is unhealthy.
2026-07-01 22:33:22,455 | WARNING  | SourceEngine | FMP OFFLINE
2026-07-01 22:33:23,264 | WARNING  | HealthManager | Provider ALPHA_VANTAGE is unhealthy.
2026-07-01 22:33:23,266 | WARNING  | SourceEngine | ALPHA_VANTAGE OFFLINE
2026-07-01 22:33:23,267 | CRITICAL | SourceEngine | ALL PROVIDERS FAILED : TSM
2026-07-01 22:33:23,269 | INFO     | SourceEngine | REQUEST : TSM
2026-07-01 22:33:23,485 | WARNING  | HealthManager | Provider MASSIVE is unhealthy.
2026-07-01 22:33:23,487 | WARNING  | SourceEngine | MASSIVE OFFLINE
2026-07-01 22:33:23,945 | ERROR    | StatisticsManager | FINNHUB failed after 0.2217s
2026-07-01 22:33:23,945 | WARNING  | SourceEngine | FINNHUB : EMPTY_DATA
2026-07-01 22:33:24,145 | WARNING  | HealthManager | Provider FMP is unhealthy.
2026-07-01 22:33:24,145 | WARNING  | SourceEngine | FMP OFFLINE
2026-07-01 22:33:24,424 | WARNING  | HealthManager | Provider ALPHA_VANTAGE is unhealthy.
2026-07-01 22:33:24,424 | WARNING  | SourceEngine | ALPHA_VANTAGE OFFLINE
2026-07-01 22:33:24,424 | CRITICAL | SourceEngine | ALL PROVIDERS FAILED : TSM
2026-07-01 22:33:24,425 | INFO     | SourceEngine | REQUEST : AMAT
2026-07-01 22:33:24,625 | WARNING  | HealthManager | Provider MASSIVE is unhealthy.
2026-07-01 22:33:24,626 | WARNING  | SourceEngine | MASSIVE OFFLINE
2026-07-01 22:33:25,089 | ERROR    | StatisticsManager | FINNHUB failed after 0.2398s
2026-07-01 22:33:25,090 | WARNING  | SourceEngine | FINNHUB : EMPTY_DATA
2026-07-01 22:33:25,364 | WARNING  | HealthManager | Provider FMP is unhealthy.
2026-07-01 22:33:25,365 | WARNING  | SourceEngine | FMP OFFLINE
2026-07-01 22:33:27,048 | WARNING  | HealthManager | Provider ALPHA_VANTAGE is unhealthy.
2026-07-01 22:33:27,049 | WARNING  | SourceEngine | ALPHA_VANTAGE OFFLINE
2026-07-01 22:33:27,050 | CRITICAL | SourceEngine | ALL PROVIDERS FAILED : AMAT
2026-07-01 22:33:27,051 | INFO     | SourceEngine | REQUEST : AMAT
2026-07-01 22:33:27,256 | WARNING  | HealthManager | Provider MASSIVE is unhealthy.
2026-07-01 22:33:27,257 | WARNING  | SourceEngine | MASSIVE OFFLINE
2026-07-01 22:33:27,982 | ERROR    | StatisticsManager | FINNHUB failed after 0.4951s
2026-07-01 22:33:27,983 | WARNING  | SourceEngine | FINNHUB : EMPTY_DATA
2026-07-01 22:33:28,176 | WARNING  | HealthManager | Provider FMP is unhealthy.
2026-07-01 22:33:28,177 | WARNING  | SourceEngine | FMP OFFLINE
2026-07-01 22:33:31,873 | WARNING  | HealthManager | Provider ALPHA_VANTAGE is unhealthy.
2026-07-01 22:33:31,874 | WARNING  | SourceEngine | ALPHA_VANTAGE OFFLINE
2026-07-01 22:33:31,875 | CRITICAL | SourceEngine | ALL PROVIDERS FAILED : AMAT
2026-07-01 22:33:31,876 | INFO     | SourceEngine | REQUEST : AMAT
2026-07-01 22:33:32,079 | WARNING  | HealthManager | Provider MASSIVE is unhealthy.
2026-07-01 22:33:32,080 | WARNING  | SourceEngine | MASSIVE OFFLINE
2026-07-01 22:33:32,591 | ERROR    | StatisticsManager | FINNHUB failed after 0.2641s
2026-07-01 22:33:32,592 | WARNING  | SourceEngine | FINNHUB : EMPTY_DATA
2026-07-01 22:33:32,793 | WARNING  | HealthManager | Provider FMP is unhealthy.
2026-07-01 22:33:32,795 | WARNING  | SourceEngine | FMP OFFLINE
2026-07-01 22:33:33,130 | WARNING  | HealthManager | Provider ALPHA_VANTAGE is unhealthy.
2026-07-01 22:33:33,131 | WARNING  | SourceEngine | ALPHA_VANTAGE OFFLINE
2026-07-01 22:33:33,132 | CRITICAL | SourceEngine | ALL PROVIDERS FAILED : AMAT
2026-07-01 22:33:33,133 | INFO     | SourceEngine | REQUEST : MSTR
2026-07-01 22:33:33,321 | WARNING  | HealthManager | Provider MASSIVE is unhealthy.
2026-07-01 22:33:33,322 | WARNING  | SourceEngine | MASSIVE OFFLINE
2026-07-01 22:33:33,771 | ERROR    | StatisticsManager | FINNHUB failed after 0.2293s
2026-07-01 22:33:33,772 | WARNING  | SourceEngine | FINNHUB : EMPTY_DATA
2026-07-01 22:33:33,973 | WARNING  | HealthManager | Provider FMP is unhealthy.
2026-07-01 22:33:33,974 | WARNING  | SourceEngine | FMP OFFLINE
2026-07-01 22:33:34,187 | WARNING  | HealthManager | Provider ALPHA_VANTAGE is unhealthy.
2026-07-01 22:33:34,188 | WARNING  | SourceEngine | ALPHA_VANTAGE OFFLINE
2026-07-01 22:33:34,189 | CRITICAL | SourceEngine | ALL PROVIDERS FAILED : MSTR
2026-07-01 22:33:34,191 | INFO     | SourceEngine | REQUEST : MSTR
2026-07-01 22:33:34,387 | WARNING  | HealthManager | Provider MASSIVE is unhealthy.
2026-07-01 22:33:34,388 | WARNING  | SourceEngine | MASSIVE OFFLINE
2026-07-01 22:33:34,856 | ERROR    | StatisticsManager | FINNHUB failed after 0.2323s
2026-07-01 22:33:34,857 | WARNING  | SourceEngine | FINNHUB : EMPTY_DATA
2026-07-01 22:33:35,063 | WARNING  | HealthManager | Provider FMP is unhealthy.
2026-07-01 22:33:35,064 | WARNING  | SourceEngine | FMP OFFLINE
2026-07-01 22:33:36,666 | WARNING  | HealthManager | Provider ALPHA_VANTAGE is unhealthy.
2026-07-01 22:33:36,667 | WARNING  | SourceEngine | ALPHA_VANTAGE OFFLINE
2026-07-01 22:33:36,669 | CRITICAL | SourceEngine | ALL PROVIDERS FAILED : MSTR
2026-07-01 22:33:36,670 | INFO     | SourceEngine | REQUEST : MSTR
2026-07-01 22:33:36,854 | WARNING  | HealthManager | Provider MASSIVE is unhealthy.
2026-07-01 22:33:36,855 | WARNING  | SourceEngine | MASSIVE OFFLINE
2026-07-01 22:33:37,307 | ERROR    | StatisticsManager | FINNHUB failed after 0.2242s
2026-07-01 22:33:37,308 | WARNING  | SourceEngine | FINNHUB : EMPTY_DATA
2026-07-01 22:33:37,547 | WARNING  | HealthManager | Provider FMP is unhealthy.
2026-07-01 22:33:37,548 | WARNING  | SourceEngine | FMP OFFLINE
2026-07-01 22:33:37,924 | WARNING  | HealthManager | Provider ALPHA_VANTAGE is unhealthy.
2026-07-01 22:33:37,925 | WARNING  | SourceEngine | ALPHA_VANTAGE OFFLINE
2026-07-01 22:33:37,926 | CRITICAL | SourceEngine | ALL PROVIDERS FAILED : MSTR
2026-07-01 22:33:37,927 | INFO     | SourceEngine | REQUEST : ANET
2026-07-01 22:33:38,143 | WARNING  | HealthManager | Provider MASSIVE is unhealthy.
2026-07-01 22:33:38,144 | WARNING  | SourceEngine | MASSIVE OFFLINE
2026-07-01 22:33:38,603 | ERROR    | StatisticsManager | FINNHUB failed after 0.2352s
2026-07-01 22:33:38,604 | WARNING  | SourceEngine | FINNHUB : EMPTY_DATA
2026-07-01 22:33:38,830 | WARNING  | HealthManager | Provider FMP is unhealthy.
2026-07-01 22:33:38,831 | WARNING  | SourceEngine | FMP OFFLINE
2026-07-01 22:33:45,284 | WARNING  | HealthManager | Provider ALPHA_VANTAGE is unhealthy.
2026-07-01 22:33:45,284 | WARNING  | SourceEngine | ALPHA_VANTAGE OFFLINE
2026-07-01 22:33:45,285 | CRITICAL | SourceEngine | ALL PROVIDERS FAILED : ANET
2026-07-01 22:33:45,287 | INFO     | SourceEngine | REQUEST : ANET
2026-07-01 22:33:45,475 | WARNING  | HealthManager | Provider MASSIVE is unhealthy.
2026-07-01 22:33:45,476 | WARNING  | SourceEngine | MASSIVE OFFLINE
2026-07-01 22:33:45,970 | ERROR    | StatisticsManager | FINNHUB failed after 0.2484s
2026-07-01 22:33:45,971 | WARNING  | SourceEngine | FINNHUB : EMPTY_DATA
2026-07-01 22:33:46,179 | WARNING  | HealthManager | Provider FMP is unhealthy.
2026-07-01 22:33:46,180 | WARNING  | SourceEngine | FMP OFFLINE
2026-07-01 22:33:46,432 | WARNING  | HealthManager | Provider ALPHA_VANTAGE is unhealthy.
2026-07-01 22:33:46,433 | WARNING  | SourceEngine | ALPHA_VANTAGE OFFLINE
2026-07-01 22:33:46,434 | CRITICAL | SourceEngine | ALL PROVIDERS FAILED : ANET
2026-07-01 22:33:46,436 | INFO     | SourceEngine | REQUEST : ANET
2026-07-01 22:33:46,641 | WARNING  | HealthManager | Provider MASSIVE is unhealthy.
2026-07-01 22:33:46,642 | WARNING  | SourceEngine | MASSIVE OFFLINE
2026-07-01 22:33:47,101 | ERROR    | StatisticsManager | FINNHUB failed after 0.2242s
2026-07-01 22:33:47,102 | WARNING  | SourceEngine | FINNHUB : EMPTY_DATA
2026-07-01 22:33:47,315 | WARNING  | HealthManager | Provider FMP is unhealthy.
2026-07-01 22:33:47,316 | WARNING  | SourceEngine | FMP OFFLINE
2026-07-01 22:33:49,820 | WARNING  | HealthManager | Provider ALPHA_VANTAGE is unhealthy.
2026-07-01 22:33:49,821 | WARNING  | SourceEngine | ALPHA_VANTAGE OFFLINE
2026-07-01 22:33:49,822 | CRITICAL | SourceEngine | ALL PROVIDERS FAILED : ANET
2026-07-01 22:33:49,823 | INFO     | SourceEngine | REQUEST : SNOW
2026-07-01 22:33:50,039 | WARNING  | HealthManager | Provider MASSIVE is unhealthy.
2026-07-01 22:33:50,040 | WARNING  | SourceEngine | MASSIVE OFFLINE
2026-07-01 22:33:50,964 | ERROR    | StatisticsManager | FINNHUB failed after 0.3124s
2026-07-01 22:33:50,965 | WARNING  | SourceEngine | FINNHUB : EMPTY_DATA
2026-07-01 22:33:51,243 | WARNING  | HealthManager | Provider FMP is unhealthy.
2026-07-01 22:33:51,244 | WARNING  | SourceEngine | FMP OFFLINE
2026-07-01 22:33:52,015 | WARNING  | HealthManager | Provider ALPHA_VANTAGE is unhealthy.
2026-07-01 22:33:52,016 | WARNING  | SourceEngine | ALPHA_VANTAGE OFFLINE
2026-07-01 22:33:52,017 | CRITICAL | SourceEngine | ALL PROVIDERS FAILED : SNOW
2026-07-01 22:33:52,018 | INFO     | SourceEngine | REQUEST : SNOW
2026-07-01 22:33:52,212 | WARNING  | HealthManager | Provider MASSIVE is unhealthy.
2026-07-01 22:33:52,213 | WARNING  | SourceEngine | MASSIVE OFFLINE
2026-07-01 22:33:52,673 | ERROR    | StatisticsManager | FINNHUB failed after 0.2299s
2026-07-01 22:33:52,674 | WARNING  | SourceEngine | FINNHUB : EMPTY_DATA
2026-07-01 22:33:52,884 | WARNING  | HealthManager | Provider FMP is unhealthy.
2026-07-01 22:33:52,885 | WARNING  | SourceEngine | FMP OFFLINE
2026-07-01 22:33:53,140 | WARNING  | HealthManager | Provider ALPHA_VANTAGE is unhealthy.
2026-07-01 22:33:53,141 | WARNING  | SourceEngine | ALPHA_VANTAGE OFFLINE
2026-07-01 22:33:53,141 | CRITICAL | SourceEngine | ALL PROVIDERS FAILED : SNOW
2026-07-01 22:33:53,141 | INFO     | SourceEngine | REQUEST : SNOW
2026-07-01 22:33:53,329 | WARNING  | HealthManager | Provider MASSIVE is unhealthy.
2026-07-01 22:33:53,330 | WARNING  | SourceEngine | MASSIVE OFFLINE
2026-07-01 22:33:53,784 | ERROR    | StatisticsManager | FINNHUB failed after 0.2173s
2026-07-01 22:33:53,785 | WARNING  | SourceEngine | FINNHUB : EMPTY_DATA
2026-07-01 22:33:53,990 | WARNING  | HealthManager | Provider FMP is unhealthy.
2026-07-01 22:33:53,991 | WARNING  | SourceEngine | FMP OFFLINE
2026-07-01 22:33:55,396 | WARNING  | HealthManager | Provider ALPHA_VANTAGE is unhealthy.
2026-07-01 22:33:55,397 | WARNING  | SourceEngine | ALPHA_VANTAGE OFFLINE
2026-07-01 22:33:55,398 | CRITICAL | SourceEngine | ALL PROVIDERS FAILED : SNOW
2026-07-01 22:33:55,399 | INFO     | SourceEngine | REQUEST : MDB
2026-07-01 22:33:55,595 | WARNING  | HealthManager | Provider MASSIVE is unhealthy.
2026-07-01 22:33:55,597 | WARNING  | SourceEngine | MASSIVE OFFLINE
2026-07-01 22:33:56,046 | ERROR    | StatisticsManager | FINNHUB failed after 0.2148s
2026-07-01 22:33:56,047 | WARNING  | SourceEngine | FINNHUB : EMPTY_DATA
2026-07-01 22:33:56,248 | WARNING  | HealthManager | Provider FMP is unhealthy.
2026-07-01 22:33:56,248 | WARNING  | SourceEngine | FMP OFFLINE
2026-07-01 22:33:56,463 | WARNING  | HealthManager | Provider ALPHA_VANTAGE is unhealthy.
2026-07-01 22:33:56,464 | WARNING  | SourceEngine | ALPHA_VANTAGE OFFLINE
2026-07-01 22:33:56,465 | CRITICAL | SourceEngine | ALL PROVIDERS FAILED : MDB
2026-07-01 22:33:56,466 | INFO     | SourceEngine | REQUEST : MDB
2026-07-01 22:33:56,670 | WARNING  | HealthManager | Provider MASSIVE is unhealthy.
2026-07-01 22:33:56,671 | WARNING  | SourceEngine | MASSIVE OFFLINE
2026-07-01 22:33:57,142 | ERROR    | StatisticsManager | FINNHUB failed after 0.2273s
2026-07-01 22:33:57,143 | WARNING  | SourceEngine | FINNHUB : EMPTY_DATA
2026-07-01 22:33:57,344 | WARNING  | HealthManager | Provider FMP is unhealthy.
2026-07-01 22:33:57,345 | WARNING  | SourceEngine | FMP OFFLINE
2026-07-01 22:33:58,099 | WARNING  | HealthManager | Provider ALPHA_VANTAGE is unhealthy.
2026-07-01 22:33:58,100 | WARNING  | SourceEngine | ALPHA_VANTAGE OFFLINE
2026-07-01 22:33:58,101 | CRITICAL | SourceEngine | ALL PROVIDERS FAILED : MDB
2026-07-01 22:33:58,102 | INFO     | SourceEngine | REQUEST : MDB
2026-07-01 22:33:58,293 | WARNING  | HealthManager | Provider MASSIVE is unhealthy.
2026-07-01 22:33:58,294 | WARNING  | SourceEngine | MASSIVE OFFLINE
2026-07-01 22:33:58,817 | ERROR    | StatisticsManager | FINNHUB failed after 0.2267s
2026-07-01 22:33:58,818 | WARNING  | SourceEngine | FINNHUB : EMPTY_DATA
2026-07-01 22:33:59,029 | WARNING  | HealthManager | Provider FMP is unhealthy.
2026-07-01 22:33:59,030 | WARNING  | SourceEngine | FMP OFFLINE
2026-07-01 22:33:59,248 | WARNING  | HealthManager | Provider ALPHA_VANTAGE is unhealthy.
2026-07-01 22:33:59,249 | WARNING  | SourceEngine | ALPHA_VANTAGE OFFLINE
2026-07-01 22:33:59,250 | CRITICAL | SourceEngine | ALL PROVIDERS FAILED : MDB
2026-07-01 22:33:59,251 | INFO     | SourceEngine | REQUEST : DDOG
2026-07-01 22:33:59,445 | WARNING  | HealthManager | Provider MASSIVE is unhealthy.
2026-07-01 22:33:59,446 | WARNING  | SourceEngine | MASSIVE OFFLINE
2026-07-01 22:33:59,921 | ERROR    | StatisticsManager | FINNHUB failed after 0.2363s
2026-07-01 22:33:59,922 | WARNING  | SourceEngine | FINNHUB : EMPTY_DATA
2026-07-01 22:34:00,131 | WARNING  | HealthManager | Provider FMP is unhealthy.
2026-07-01 22:34:00,132 | WARNING  | SourceEngine | FMP OFFLINE
2026-07-01 22:34:00,379 | WARNING  | HealthManager | Provider ALPHA_VANTAGE is unhealthy.
2026-07-01 22:34:00,380 | WARNING  | SourceEngine | ALPHA_VANTAGE OFFLINE
2026-07-01 22:34:00,381 | CRITICAL | SourceEngine | ALL PROVIDERS FAILED : DDOG
2026-07-01 22:34:00,383 | INFO     | SourceEngine | REQUEST : DDOG
2026-07-01 22:34:00,589 | WARNING  | HealthManager | Provider MASSIVE is unhealthy.
2026-07-01 22:34:00,590 | WARNING  | SourceEngine | MASSIVE OFFLINE
2026-07-01 22:34:01,110 | ERROR    | StatisticsManager | FINNHUB failed after 0.2837s
2026-07-01 22:34:01,110 | WARNING  | SourceEngine | FINNHUB : EMPTY_DATA
2026-07-01 22:34:01,367 | WARNING  | HealthManager | Provider FMP is unhealthy.
2026-07-01 22:34:01,370 | WARNING  | SourceEngine | FMP OFFLINE
2026-07-01 22:34:01,831 | WARNING  | HealthManager | Provider ALPHA_VANTAGE is unhealthy.
2026-07-01 22:34:01,831 | WARNING  | SourceEngine | ALPHA_VANTAGE OFFLINE
2026-07-01 22:34:01,847 | CRITICAL | SourceEngine | ALL PROVIDERS FAILED : DDOG
2026-07-01 22:34:01,960 | INFO     | SourceEngine | REQUEST : DDOG
2026-07-01 22:34:02,224 | WARNING  | HealthManager | Provider MASSIVE is unhealthy.
2026-07-01 22:34:02,224 | WARNING  | SourceEngine | MASSIVE OFFLINE
2026-07-01 22:34:02,675 | ERROR    | StatisticsManager | FINNHUB failed after 0.2327s
2026-07-01 22:34:02,676 | WARNING  | SourceEngine | FINNHUB : EMPTY_DATA
2026-07-01 22:34:02,890 | WARNING  | HealthManager | Provider FMP is unhealthy.
2026-07-01 22:34:02,891 | WARNING  | SourceEngine | FMP OFFLINE
2026-07-01 22:34:05,988 | WARNING  | HealthManager | Provider ALPHA_VANTAGE is unhealthy.
2026-07-01 22:34:05,989 | WARNING  | SourceEngine | ALPHA_VANTAGE OFFLINE
2026-07-01 22:34:05,990 | CRITICAL | SourceEngine | ALL PROVIDERS FAILED : DDOG
2026-07-01 22:34:05,991 | INFO     | SourceEngine | REQUEST : NET
2026-07-01 22:34:06,187 | WARNING  | HealthManager | Provider MASSIVE is unhealthy.
2026-07-01 22:34:06,188 | WARNING  | SourceEngine | MASSIVE OFFLINE
2026-07-01 22:34:06,638 | ERROR    | StatisticsManager | FINNHUB failed after 0.2283s
2026-07-01 22:34:06,639 | WARNING  | SourceEngine | FINNHUB : EMPTY_DATA
2026-07-01 22:34:06,909 | WARNING  | HealthManager | Provider FMP is unhealthy.
2026-07-01 22:34:06,910 | WARNING  | SourceEngine | FMP OFFLINE
2026-07-01 22:34:07,720 | WARNING  | HealthManager | Provider ALPHA_VANTAGE is unhealthy.
2026-07-01 22:34:07,720 | WARNING  | SourceEngine | ALPHA_VANTAGE OFFLINE
2026-07-01 22:34:07,722 | CRITICAL | SourceEngine | ALL PROVIDERS FAILED : NET
2026-07-01 22:34:07,723 | INFO     | SourceEngine | REQUEST : NET
2026-07-01 22:34:07,932 | WARNING  | HealthManager | Provider MASSIVE is unhealthy.
2026-07-01 22:34:07,933 | WARNING  | SourceEngine | MASSIVE OFFLINE
2026-07-01 22:34:08,383 | ERROR    | StatisticsManager | FINNHUB failed after 0.2204s
2026-07-01 22:34:08,384 | WARNING  | SourceEngine | FINNHUB : EMPTY_DATA
2026-07-01 22:34:08,589 | WARNING  | HealthManager | Provider FMP is unhealthy.
2026-07-01 22:34:08,590 | WARNING  | SourceEngine | FMP OFFLINE
2026-07-01 22:34:09,868 | WARNING  | HealthManager | Provider ALPHA_VANTAGE is unhealthy.
2026-07-01 22:34:09,869 | WARNING  | SourceEngine | ALPHA_VANTAGE OFFLINE
2026-07-01 22:34:09,870 | CRITICAL | SourceEngine | ALL PROVIDERS FAILED : NET
2026-07-01 22:34:09,872 | INFO     | SourceEngine | REQUEST : NET
2026-07-01 22:34:10,137 | WARNING  | HealthManager | Provider MASSIVE is unhealthy.
2026-07-01 22:34:10,138 | WARNING  | SourceEngine | MASSIVE OFFLINE
2026-07-01 22:34:10,615 | ERROR    | StatisticsManager | FINNHUB failed after 0.2378s
2026-07-01 22:34:10,615 | WARNING  | SourceEngine | FINNHUB : EMPTY_DATA
2026-07-01 22:34:10,836 | WARNING  | HealthManager | Provider FMP is unhealthy.
2026-07-01 22:34:10,837 | WARNING  | SourceEngine | FMP OFFLINE
2026-07-01 22:34:12,862 | WARNING  | HealthManager | Provider ALPHA_VANTAGE is unhealthy.
2026-07-01 22:34:12,863 | WARNING  | SourceEngine | ALPHA_VANTAGE OFFLINE
2026-07-01 22:34:12,864 | CRITICAL | SourceEngine | ALL PROVIDERS FAILED : NET
2026-07-01 22:34:12,865 | INFO     | SourceEngine | REQUEST : QCOM
2026-07-01 22:34:13,148 | WARNING  | HealthManager | Provider MASSIVE is unhealthy.
2026-07-01 22:34:13,149 | WARNING  | SourceEngine | MASSIVE OFFLINE
2026-07-01 22:34:13,629 | ERROR    | StatisticsManager | FINNHUB failed after 0.2372s
2026-07-01 22:34:13,630 | WARNING  | SourceEngine | FINNHUB : EMPTY_DATA
2026-07-01 22:34:13,832 | WARNING  | HealthManager | Provider FMP is unhealthy.
2026-07-01 22:34:13,834 | WARNING  | SourceEngine | FMP OFFLINE
2026-07-01 22:34:17,506 | WARNING  | HealthManager | Provider ALPHA_VANTAGE is unhealthy.
2026-07-01 22:34:17,506 | WARNING  | SourceEngine | ALPHA_VANTAGE OFFLINE
2026-07-01 22:34:17,507 | CRITICAL | SourceEngine | ALL PROVIDERS FAILED : QCOM
2026-07-01 22:34:17,509 | INFO     | SourceEngine | REQUEST : QCOM
2026-07-01 22:34:17,715 | WARNING  | HealthManager | Provider MASSIVE is unhealthy.
2026-07-01 22:34:17,716 | WARNING  | SourceEngine | MASSIVE OFFLINE
2026-07-01 22:34:18,199 | ERROR    | StatisticsManager | FINNHUB failed after 0.2463s
2026-07-01 22:34:18,200 | WARNING  | SourceEngine | FINNHUB : EMPTY_DATA
2026-07-01 22:34:18,409 | WARNING  | HealthManager | Provider FMP is unhealthy.
2026-07-01 22:34:18,410 | WARNING  | SourceEngine | FMP OFFLINE
2026-07-01 22:34:21,178 | WARNING  | HealthManager | Provider ALPHA_VANTAGE is unhealthy.
2026-07-01 22:34:21,179 | WARNING  | SourceEngine | ALPHA_VANTAGE OFFLINE
2026-07-01 22:34:21,180 | CRITICAL | SourceEngine | ALL PROVIDERS FAILED : QCOM
2026-07-01 22:34:21,181 | INFO     | SourceEngine | REQUEST : QCOM
2026-07-01 22:34:21,428 | WARNING  | HealthManager | Provider MASSIVE is unhealthy.
2026-07-01 22:34:21,428 | WARNING  | SourceEngine | MASSIVE OFFLINE
2026-07-01 22:34:22,030 | ERROR    | StatisticsManager | FINNHUB failed after 0.3065s
2026-07-01 22:34:22,031 | WARNING  | SourceEngine | FINNHUB : EMPTY_DATA
2026-07-01 22:34:22,224 | WARNING  | HealthManager | Provider FMP is unhealthy.
2026-07-01 22:34:22,225 | WARNING  | SourceEngine | FMP OFFLINE
2026-07-01 22:34:23,468 | WARNING  | HealthManager | Provider ALPHA_VANTAGE is unhealthy.
2026-07-01 22:34:23,469 | WARNING  | SourceEngine | ALPHA_VANTAGE OFFLINE
2026-07-01 22:34:23,470 | CRITICAL | SourceEngine | ALL PROVIDERS FAILED : QCOM
2026-07-01 22:34:23,471 | INFO     | SourceEngine | REQUEST : ASML
2026-07-01 22:34:23,666 | WARNING  | HealthManager | Provider MASSIVE is unhealthy.
2026-07-01 22:34:23,667 | WARNING  | SourceEngine | MASSIVE OFFLINE
2026-07-01 22:34:24,214 | ERROR    | StatisticsManager | FINNHUB failed after 0.2367s
2026-07-01 22:34:24,216 | WARNING  | SourceEngine | FINNHUB : EMPTY_DATA
2026-07-01 22:34:24,486 | WARNING  | HealthManager | Provider FMP is unhealthy.
2026-07-01 22:34:24,487 | WARNING  | SourceEngine | FMP OFFLINE
2026-07-01 22:34:24,709 | WARNING  | HealthManager | Provider ALPHA_VANTAGE is unhealthy.
2026-07-01 22:34:24,710 | WARNING  | SourceEngine | ALPHA_VANTAGE OFFLINE
2026-07-01 22:34:24,711 | CRITICAL | SourceEngine | ALL PROVIDERS FAILED : ASML
2026-07-01 22:34:24,713 | INFO     | SourceEngine | REQUEST : ASML
2026-07-01 22:34:24,945 | WARNING  | HealthManager | Provider MASSIVE is unhealthy.
2026-07-01 22:34:24,946 | WARNING  | SourceEngine | MASSIVE OFFLINE
2026-07-01 22:34:25,568 | ERROR    | StatisticsManager | FINNHUB failed after 0.3965s
2026-07-01 22:34:25,569 | WARNING  | SourceEngine | FINNHUB : EMPTY_DATA
2026-07-01 22:34:25,856 | WARNING  | HealthManager | Provider FMP is unhealthy.
2026-07-01 22:34:25,857 | WARNING  | SourceEngine | FMP OFFLINE
2026-07-01 22:34:30,027 | WARNING  | HealthManager | Provider ALPHA_VANTAGE is unhealthy.
2026-07-01 22:34:30,028 | WARNING  | SourceEngine | ALPHA_VANTAGE OFFLINE
2026-07-01 22:34:30,029 | CRITICAL | SourceEngine | ALL PROVIDERS FAILED : ASML
2026-07-01 22:34:30,030 | INFO     | SourceEngine | REQUEST : ASML
2026-07-01 22:34:30,220 | WARNING  | HealthManager | Provider MASSIVE is unhealthy.
2026-07-01 22:34:30,221 | WARNING  | SourceEngine | MASSIVE OFFLINE
2026-07-01 22:34:30,678 | ERROR    | StatisticsManager | FINNHUB failed after 0.2254s
2026-07-01 22:34:30,679 | WARNING  | SourceEngine | FINNHUB : EMPTY_DATA
2026-07-01 22:34:30,887 | WARNING  | HealthManager | Provider FMP is unhealthy.
2026-07-01 22:34:30,888 | WARNING  | SourceEngine | FMP OFFLINE
2026-07-01 22:34:33,934 | WARNING  | HealthManager | Provider ALPHA_VANTAGE is unhealthy.
2026-07-01 22:34:33,935 | WARNING  | SourceEngine | ALPHA_VANTAGE OFFLINE
2026-07-01 22:34:33,936 | CRITICAL | SourceEngine | ALL PROVIDERS FAILED : ASML
2026-07-01 22:34:33,937 | INFO     | SourceEngine | REQUEST : ZS
2026-07-01 22:34:34,128 | WARNING  | HealthManager | Provider MASSIVE is unhealthy.
2026-07-01 22:34:34,129 | WARNING  | SourceEngine | MASSIVE OFFLINE
2026-07-01 22:34:34,689 | ERROR    | StatisticsManager | FINNHUB failed after 0.2376s
2026-07-01 22:34:34,690 | WARNING  | SourceEngine | FINNHUB : EMPTY_DATA
2026-07-01 22:34:34,923 | WARNING  | HealthManager | Provider FMP is unhealthy.
2026-07-01 22:34:34,924 | WARNING  | SourceEngine | FMP OFFLINE
2026-07-01 22:34:36,671 | WARNING  | HealthManager | Provider ALPHA_VANTAGE is unhealthy.
2026-07-01 22:34:36,672 | WARNING  | SourceEngine | ALPHA_VANTAGE OFFLINE
2026-07-01 22:34:36,673 | CRITICAL | SourceEngine | ALL PROVIDERS FAILED : ZS
2026-07-01 22:34:36,675 | INFO     | SourceEngine | REQUEST : ZS
2026-07-01 22:34:36,876 | WARNING  | HealthManager | Provider MASSIVE is unhealthy.
2026-07-01 22:34:36,877 | WARNING  | SourceEngine | MASSIVE OFFLINE
2026-07-01 22:34:37,388 | ERROR    | StatisticsManager | FINNHUB failed after 0.2698s
2026-07-01 22:34:37,389 | WARNING  | SourceEngine | FINNHUB : EMPTY_DATA
2026-07-01 22:34:37,594 | WARNING  | HealthManager | Provider FMP is unhealthy.
2026-07-01 22:34:37,595 | WARNING  | SourceEngine | FMP OFFLINE
2026-07-01 22:34:39,306 | WARNING  | HealthManager | Provider ALPHA_VANTAGE is unhealthy.
2026-07-01 22:34:39,307 | WARNING  | SourceEngine | ALPHA_VANTAGE OFFLINE
2026-07-01 22:34:39,307 | CRITICAL | SourceEngine | ALL PROVIDERS FAILED : ZS
2026-07-01 22:34:39,308 | INFO     | SourceEngine | REQUEST : ZS
2026-07-01 22:34:39,544 | WARNING  | HealthManager | Provider MASSIVE is unhealthy.
2026-07-01 22:34:39,545 | WARNING  | SourceEngine | MASSIVE OFFLINE
2026-07-01 22:34:40,166 | ERROR    | StatisticsManager | FINNHUB failed after 0.2375s
2026-07-01 22:34:40,167 | WARNING  | SourceEngine | FINNHUB : EMPTY_DATA
2026-07-01 22:34:40,368 | WARNING  | HealthManager | Provider FMP is unhealthy.
2026-07-01 22:34:40,369 | WARNING  | SourceEngine | FMP OFFLINE
2026-07-01 22:34:45,592 | WARNING  | HealthManager | Provider ALPHA_VANTAGE is unhealthy.
2026-07-01 22:34:45,593 | WARNING  | SourceEngine | ALPHA_VANTAGE OFFLINE
2026-07-01 22:34:45,594 | CRITICAL | SourceEngine | ALL PROVIDERS FAILED : ZS
2026-07-01 22:34:45,595 | INFO     | SourceEngine | REQUEST : WMT
2026-07-01 22:34:45,792 | WARNING  | HealthManager | Provider MASSIVE is unhealthy.
2026-07-01 22:34:45,793 | WARNING  | SourceEngine | MASSIVE OFFLINE
2026-07-01 22:34:46,274 | ERROR    | StatisticsManager | FINNHUB failed after 0.2328s
2026-07-01 22:34:46,275 | WARNING  | SourceEngine | FINNHUB : EMPTY_DATA
2026-07-01 22:34:46,481 | WARNING  | HealthManager | Provider FMP is unhealthy.
2026-07-01 22:34:46,482 | WARNING  | SourceEngine | FMP OFFLINE
2026-07-01 22:34:46,701 | WARNING  | HealthManager | Provider ALPHA_VANTAGE is unhealthy.
2026-07-01 22:34:46,702 | WARNING  | SourceEngine | ALPHA_VANTAGE OFFLINE
2026-07-01 22:34:46,703 | CRITICAL | SourceEngine | ALL PROVIDERS FAILED : WMT
2026-07-01 22:34:46,704 | INFO     | SourceEngine | REQUEST : WMT
2026-07-01 22:34:46,893 | WARNING  | HealthManager | Provider MASSIVE is unhealthy.
2026-07-01 22:34:46,893 | WARNING  | SourceEngine | MASSIVE OFFLINE
2026-07-01 22:34:47,768 | ERROR    | StatisticsManager | FINNHUB failed after 0.6619s
2026-07-01 22:34:47,768 | WARNING  | SourceEngine | FINNHUB : EMPTY_DATA
2026-07-01 22:34:47,984 | WARNING  | HealthManager | Provider FMP is unhealthy.
2026-07-01 22:34:47,985 | WARNING  | SourceEngine | FMP OFFLINE
2026-07-01 22:34:49,138 | WARNING  | HealthManager | Provider ALPHA_VANTAGE is unhealthy.
2026-07-01 22:34:49,139 | WARNING  | SourceEngine | ALPHA_VANTAGE OFFLINE
2026-07-01 22:34:49,141 | CRITICAL | SourceEngine | ALL PROVIDERS FAILED : WMT
2026-07-01 22:34:49,142 | INFO     | SourceEngine | REQUEST : WMT
2026-07-01 22:34:49,348 | WARNING  | HealthManager | Provider MASSIVE is unhealthy.
2026-07-01 22:34:49,349 | WARNING  | SourceEngine | MASSIVE OFFLINE
2026-07-01 22:34:49,821 | ERROR    | StatisticsManager | FINNHUB failed after 0.2192s
2026-07-01 22:34:49,822 | WARNING  | SourceEngine | FINNHUB : EMPTY_DATA
2026-07-01 22:34:50,025 | WARNING  | HealthManager | Provider FMP is unhealthy.
2026-07-01 22:34:50,026 | WARNING  | SourceEngine | FMP OFFLINE
2026-07-01 22:34:50,241 | WARNING  | HealthManager | Provider ALPHA_VANTAGE is unhealthy.
2026-07-01 22:34:50,242 | WARNING  | SourceEngine | ALPHA_VANTAGE OFFLINE
2026-07-01 22:34:50,243 | CRITICAL | SourceEngine | ALL PROVIDERS FAILED : WMT
2026-07-01 22:34:50,244 | INFO     | SourceEngine | REQUEST : HD
2026-07-01 22:34:50,593 | WARNING  | HealthManager | Provider MASSIVE is unhealthy.
2026-07-01 22:34:50,594 | WARNING  | SourceEngine | MASSIVE OFFLINE
2026-07-01 22:34:51,062 | ERROR    | StatisticsManager | FINNHUB failed after 0.2314s
2026-07-01 22:34:51,063 | WARNING  | SourceEngine | FINNHUB : EMPTY_DATA
2026-07-01 22:34:51,369 | WARNING  | HealthManager | Provider FMP is unhealthy.
2026-07-01 22:34:51,370 | WARNING  | SourceEngine | FMP OFFLINE
2026-07-01 22:34:54,233 | WARNING  | HealthManager | Provider ALPHA_VANTAGE is unhealthy.
2026-07-01 22:34:54,234 | WARNING  | SourceEngine | ALPHA_VANTAGE OFFLINE
2026-07-01 22:34:54,234 | CRITICAL | SourceEngine | ALL PROVIDERS FAILED : HD
2026-07-01 22:34:54,236 | INFO     | SourceEngine | REQUEST : HD
2026-07-01 22:34:54,446 | WARNING  | HealthManager | Provider MASSIVE is unhealthy.
2026-07-01 22:34:54,448 | WARNING  | SourceEngine | MASSIVE OFFLINE
2026-07-01 22:34:54,915 | ERROR    | StatisticsManager | FINNHUB failed after 0.2313s
2026-07-01 22:34:54,916 | WARNING  | SourceEngine | FINNHUB : EMPTY_DATA
2026-07-01 22:34:55,116 | WARNING  | HealthManager | Provider FMP is unhealthy.
2026-07-01 22:34:55,117 | WARNING  | SourceEngine | FMP OFFLINE
2026-07-01 22:34:55,739 | WARNING  | HealthManager | Provider ALPHA_VANTAGE is unhealthy.
2026-07-01 22:34:55,740 | WARNING  | SourceEngine | ALPHA_VANTAGE OFFLINE
2026-07-01 22:34:55,741 | CRITICAL | SourceEngine | ALL PROVIDERS FAILED : HD
2026-07-01 22:34:55,743 | INFO     | SourceEngine | REQUEST : HD
2026-07-01 22:34:55,943 | WARNING  | HealthManager | Provider MASSIVE is unhealthy.
2026-07-01 22:34:55,943 | WARNING  | SourceEngine | MASSIVE OFFLINE
2026-07-01 22:34:56,605 | ERROR    | StatisticsManager | FINNHUB failed after 0.2246s
2026-07-01 22:34:56,607 | WARNING  | SourceEngine | FINNHUB : EMPTY_DATA
2026-07-01 22:34:56,855 | WARNING  | HealthManager | Provider FMP is unhealthy.
2026-07-01 22:34:56,856 | WARNING  | SourceEngine | FMP OFFLINE
2026-07-01 22:34:58,134 | WARNING  | HealthManager | Provider ALPHA_VANTAGE is unhealthy.
2026-07-01 22:34:58,135 | WARNING  | SourceEngine | ALPHA_VANTAGE OFFLINE
2026-07-01 22:34:58,136 | CRITICAL | SourceEngine | ALL PROVIDERS FAILED : HD
2026-07-01 22:34:58,137 | INFO     | SourceEngine | REQUEST : JPM
2026-07-01 22:34:58,345 | WARNING  | HealthManager | Provider MASSIVE is unhealthy.
2026-07-01 22:34:58,346 | WARNING  | SourceEngine | MASSIVE OFFLINE
2026-07-01 22:34:58,822 | ERROR    | StatisticsManager | FINNHUB failed after 0.2456s
2026-07-01 22:34:58,824 | WARNING  | SourceEngine | FINNHUB : EMPTY_DATA
2026-07-01 22:34:59,030 | WARNING  | HealthManager | Provider FMP is unhealthy.
2026-07-01 22:34:59,031 | WARNING  | SourceEngine | FMP OFFLINE
2026-07-01 22:34:59,260 | WARNING  | HealthManager | Provider ALPHA_VANTAGE is unhealthy.
2026-07-01 22:34:59,261 | WARNING  | SourceEngine | ALPHA_VANTAGE OFFLINE
2026-07-01 22:34:59,262 | CRITICAL | SourceEngine | ALL PROVIDERS FAILED : JPM
2026-07-01 22:34:59,264 | INFO     | SourceEngine | REQUEST : JPM
2026-07-01 22:34:59,456 | WARNING  | HealthManager | Provider MASSIVE is unhealthy.
2026-07-01 22:34:59,457 | WARNING  | SourceEngine | MASSIVE OFFLINE
2026-07-01 22:34:59,989 | ERROR    | StatisticsManager | FINNHUB failed after 0.2935s
2026-07-01 22:34:59,990 | WARNING  | SourceEngine | FINNHUB : EMPTY_DATA
2026-07-01 22:35:00,188 | WARNING  | HealthManager | Provider FMP is unhealthy.
2026-07-01 22:35:00,189 | WARNING  | SourceEngine | FMP OFFLINE
2026-07-01 22:35:02,289 | WARNING  | HealthManager | Provider ALPHA_VANTAGE is unhealthy.
2026-07-01 22:35:02,290 | WARNING  | SourceEngine | ALPHA_VANTAGE OFFLINE
2026-07-01 22:35:02,291 | CRITICAL | SourceEngine | ALL PROVIDERS FAILED : JPM
2026-07-01 22:35:02,293 | INFO     | SourceEngine | REQUEST : JPM
2026-07-01 22:35:02,497 | WARNING  | HealthManager | Provider MASSIVE is unhealthy.
2026-07-01 22:35:02,498 | WARNING  | SourceEngine | MASSIVE OFFLINE
2026-07-01 22:35:03,109 | ERROR    | StatisticsManager | FINNHUB failed after 0.3782s
2026-07-01 22:35:03,110 | WARNING  | SourceEngine | FINNHUB : EMPTY_DATA
2026-07-01 22:35:03,303 | WARNING  | HealthManager | Provider FMP is unhealthy.
2026-07-01 22:35:03,304 | WARNING  | SourceEngine | FMP OFFLINE
2026-07-01 22:35:03,521 | WARNING  | HealthManager | Provider ALPHA_VANTAGE is unhealthy.
2026-07-01 22:35:03,522 | WARNING  | SourceEngine | ALPHA_VANTAGE OFFLINE
2026-07-01 22:35:03,523 | CRITICAL | SourceEngine | ALL PROVIDERS FAILED : JPM
2026-07-01 22:35:03,524 | INFO     | SourceEngine | REQUEST : GS
2026-07-01 22:35:03,720 | WARNING  | HealthManager | Provider MASSIVE is unhealthy.
2026-07-01 22:35:03,721 | WARNING  | SourceEngine | MASSIVE OFFLINE
2026-07-01 22:35:04,197 | ERROR    | StatisticsManager | FINNHUB failed after 0.2217s
2026-07-01 22:35:04,198 | WARNING  | SourceEngine | FINNHUB : EMPTY_DATA
2026-07-01 22:35:04,426 | WARNING  | HealthManager | Provider FMP is unhealthy.
2026-07-01 22:35:04,427 | WARNING  | SourceEngine | FMP OFFLINE
2026-07-01 22:35:04,651 | WARNING  | HealthManager | Provider ALPHA_VANTAGE is unhealthy.
2026-07-01 22:35:04,652 | WARNING  | SourceEngine | ALPHA_VANTAGE OFFLINE
2026-07-01 22:35:04,653 | CRITICAL | SourceEngine | ALL PROVIDERS FAILED : GS
2026-07-01 22:35:04,655 | INFO     | SourceEngine | REQUEST : GS
2026-07-01 22:35:04,839 | WARNING  | HealthManager | Provider MASSIVE is unhealthy.
2026-07-01 22:35:04,840 | WARNING  | SourceEngine | MASSIVE OFFLINE
2026-07-01 22:35:05,287 | ERROR    | StatisticsManager | FINNHUB failed after 0.2296s
2026-07-01 22:35:05,288 | WARNING  | SourceEngine | FINNHUB : EMPTY_DATA
2026-07-01 22:35:05,506 | WARNING  | HealthManager | Provider FMP is unhealthy.
2026-07-01 22:35:05,507 | WARNING  | SourceEngine | FMP OFFLINE
2026-07-01 22:35:06,314 | WARNING  | HealthManager | Provider ALPHA_VANTAGE is unhealthy.
2026-07-01 22:35:06,315 | WARNING  | SourceEngine | ALPHA_VANTAGE OFFLINE
2026-07-01 22:35:06,316 | CRITICAL | SourceEngine | ALL PROVIDERS FAILED : GS
2026-07-01 22:35:06,318 | INFO     | SourceEngine | REQUEST : GS
2026-07-01 22:35:06,513 | WARNING  | HealthManager | Provider MASSIVE is unhealthy.
2026-07-01 22:35:06,514 | WARNING  | SourceEngine | MASSIVE OFFLINE
2026-07-01 22:35:06,982 | ERROR    | StatisticsManager | FINNHUB failed after 0.2423s
2026-07-01 22:35:06,983 | WARNING  | SourceEngine | FINNHUB : EMPTY_DATA
2026-07-01 22:35:07,192 | WARNING  | HealthManager | Provider FMP is unhealthy.
2026-07-01 22:35:07,193 | WARNING  | SourceEngine | FMP OFFLINE
2026-07-01 22:35:11,314 | WARNING  | HealthManager | Provider ALPHA_VANTAGE is unhealthy.
2026-07-01 22:35:11,315 | WARNING  | SourceEngine | ALPHA_VANTAGE OFFLINE
2026-07-01 22:35:11,316 | CRITICAL | SourceEngine | ALL PROVIDERS FAILED : GS
2026-07-01 22:35:11,317 | INFO     | SourceEngine | REQUEST : V
2026-07-01 22:35:11,534 | WARNING  | HealthManager | Provider MASSIVE is unhealthy.
2026-07-01 22:35:11,535 | WARNING  | SourceEngine | MASSIVE OFFLINE
2026-07-01 22:35:11,980 | ERROR    | StatisticsManager | FINNHUB failed after 0.2129s
2026-07-01 22:35:11,981 | WARNING  | SourceEngine | FINNHUB : EMPTY_DATA
2026-07-01 22:35:12,184 | WARNING  | HealthManager | Provider FMP is unhealthy.
2026-07-01 22:35:12,185 | WARNING  | SourceEngine | FMP OFFLINE
2026-07-01 22:35:21,343 | WARNING  | HealthManager | Provider ALPHA_VANTAGE is unhealthy.
2026-07-01 22:35:21,344 | WARNING  | SourceEngine | ALPHA_VANTAGE OFFLINE
2026-07-01 22:35:21,345 | CRITICAL | SourceEngine | ALL PROVIDERS FAILED : V
2026-07-01 22:35:21,346 | INFO     | SourceEngine | REQUEST : V
2026-07-01 22:35:22,543 | WARNING  | HealthManager | Provider MASSIVE is unhealthy.
2026-07-01 22:35:22,544 | WARNING  | SourceEngine | MASSIVE OFFLINE
2026-07-01 22:35:23,013 | ERROR    | StatisticsManager | FINNHUB failed after 0.2336s
2026-07-01 22:35:23,014 | WARNING  | SourceEngine | FINNHUB : EMPTY_DATA
2026-07-01 22:35:23,216 | WARNING  | HealthManager | Provider FMP is unhealthy.
2026-07-01 22:35:23,217 | WARNING  | SourceEngine | FMP OFFLINE
2026-07-01 22:35:23,501 | WARNING  | HealthManager | Provider ALPHA_VANTAGE is unhealthy.
2026-07-01 22:35:23,503 | WARNING  | SourceEngine | ALPHA_VANTAGE OFFLINE
2026-07-01 22:35:23,504 | CRITICAL | SourceEngine | ALL PROVIDERS FAILED : V
2026-07-01 22:35:23,505 | INFO     | SourceEngine | REQUEST : V
2026-07-01 22:35:23,714 | WARNING  | HealthManager | Provider MASSIVE is unhealthy.
2026-07-01 22:35:23,715 | WARNING  | SourceEngine | MASSIVE OFFLINE
2026-07-01 22:35:24,279 | ERROR    | StatisticsManager | FINNHUB failed after 0.3299s
2026-07-01 22:35:24,280 | WARNING  | SourceEngine | FINNHUB : EMPTY_DATA
2026-07-01 22:35:24,488 | WARNING  | HealthManager | Provider FMP is unhealthy.
2026-07-01 22:35:24,489 | WARNING  | SourceEngine | FMP OFFLINE
2026-07-01 22:35:24,717 | WARNING  | HealthManager | Provider ALPHA_VANTAGE is unhealthy.
2026-07-01 22:35:24,718 | WARNING  | SourceEngine | ALPHA_VANTAGE OFFLINE
2026-07-01 22:35:24,719 | CRITICAL | SourceEngine | ALL PROVIDERS FAILED : V
2026-07-01 22:35:24,720 | INFO     | SourceEngine | REQUEST : MA
2026-07-01 22:35:24,931 | WARNING  | HealthManager | Provider MASSIVE is unhealthy.
2026-07-01 22:35:24,932 | WARNING  | SourceEngine | MASSIVE OFFLINE
2026-07-01 22:35:25,823 | ERROR    | StatisticsManager | FINNHUB failed after 0.4342s
2026-07-01 22:35:25,824 | WARNING  | SourceEngine | FINNHUB : EMPTY_DATA
2026-07-01 22:35:26,033 | WARNING  | HealthManager | Provider FMP is unhealthy.
2026-07-01 22:35:26,034 | WARNING  | SourceEngine | FMP OFFLINE
2026-07-01 22:35:27,178 | WARNING  | HealthManager | Provider ALPHA_VANTAGE is unhealthy.
2026-07-01 22:35:27,179 | WARNING  | SourceEngine | ALPHA_VANTAGE OFFLINE
2026-07-01 22:35:27,180 | CRITICAL | SourceEngine | ALL PROVIDERS FAILED : MA
2026-07-01 22:35:27,182 | INFO     | SourceEngine | REQUEST : MA
2026-07-01 22:35:27,380 | WARNING  | HealthManager | Provider MASSIVE is unhealthy.
2026-07-01 22:35:27,381 | WARNING  | SourceEngine | MASSIVE OFFLINE
2026-07-01 22:35:27,835 | ERROR    | StatisticsManager | FINNHUB failed after 0.2258s
2026-07-01 22:35:27,836 | WARNING  | SourceEngine | FINNHUB : EMPTY_DATA
2026-07-01 22:35:28,036 | WARNING  | HealthManager | Provider FMP is unhealthy.
2026-07-01 22:35:28,037 | WARNING  | SourceEngine | FMP OFFLINE
2026-07-01 22:35:29,473 | WARNING  | HealthManager | Provider ALPHA_VANTAGE is unhealthy.
2026-07-01 22:35:29,474 | WARNING  | SourceEngine | ALPHA_VANTAGE OFFLINE
2026-07-01 22:35:29,475 | CRITICAL | SourceEngine | ALL PROVIDERS FAILED : MA
2026-07-01 22:35:29,476 | INFO     | SourceEngine | REQUEST : MA
2026-07-01 22:35:29,699 | WARNING  | HealthManager | Provider MASSIVE is unhealthy.
2026-07-01 22:35:29,700 | WARNING  | SourceEngine | MASSIVE OFFLINE
2026-07-01 22:35:30,152 | ERROR    | StatisticsManager | FINNHUB failed after 0.2288s
2026-07-01 22:35:30,154 | WARNING  | SourceEngine | FINNHUB : EMPTY_DATA
2026-07-01 22:35:30,428 | WARNING  | HealthManager | Provider FMP is unhealthy.
2026-07-01 22:35:30,429 | WARNING  | SourceEngine | FMP OFFLINE
2026-07-01 22:35:31,159 | WARNING  | HealthManager | Provider ALPHA_VANTAGE is unhealthy.
2026-07-01 22:35:31,160 | WARNING  | SourceEngine | ALPHA_VANTAGE OFFLINE
2026-07-01 22:35:31,160 | CRITICAL | SourceEngine | ALL PROVIDERS FAILED : MA
2026-07-01 22:35:31,161 | INFO     | SourceEngine | REQUEST : LLY
2026-07-01 22:35:31,371 | WARNING  | HealthManager | Provider MASSIVE is unhealthy.
2026-07-01 22:35:31,372 | WARNING  | SourceEngine | MASSIVE OFFLINE
2026-07-01 22:35:31,831 | ERROR    | StatisticsManager | FINNHUB failed after 0.2417s
2026-07-01 22:35:31,832 | WARNING  | SourceEngine | FINNHUB : EMPTY_DATA
2026-07-01 22:35:32,127 | WARNING  | HealthManager | Provider FMP is unhealthy.
2026-07-01 22:35:32,128 | WARNING  | SourceEngine | FMP OFFLINE
2026-07-01 22:35:38,197 | WARNING  | HealthManager | Provider ALPHA_VANTAGE is unhealthy.
2026-07-01 22:35:38,198 | WARNING  | SourceEngine | ALPHA_VANTAGE OFFLINE
2026-07-01 22:35:38,199 | CRITICAL | SourceEngine | ALL PROVIDERS FAILED : LLY
2026-07-01 22:35:38,201 | INFO     | SourceEngine | REQUEST : LLY
2026-07-01 22:35:38,423 | WARNING  | HealthManager | Provider MASSIVE is unhealthy.
2026-07-01 22:35:38,425 | WARNING  | SourceEngine | MASSIVE OFFLINE
2026-07-01 22:35:38,897 | ERROR    | StatisticsManager | FINNHUB failed after 0.2293s
2026-07-01 22:35:38,901 | WARNING  | SourceEngine | FINNHUB : EMPTY_DATA
2026-07-01 22:35:39,105 | WARNING  | HealthManager | Provider FMP is unhealthy.
2026-07-01 22:35:39,106 | WARNING  | SourceEngine | FMP OFFLINE
2026-07-01 22:35:41,031 | WARNING  | HealthManager | Provider ALPHA_VANTAGE is unhealthy.
2026-07-01 22:35:41,033 | WARNING  | SourceEngine | ALPHA_VANTAGE OFFLINE
2026-07-01 22:35:41,034 | CRITICAL | SourceEngine | ALL PROVIDERS FAILED : LLY
2026-07-01 22:35:41,035 | INFO     | SourceEngine | REQUEST : LLY
2026-07-01 22:35:41,250 | WARNING  | HealthManager | Provider MASSIVE is unhealthy.
2026-07-01 22:35:41,251 | WARNING  | SourceEngine | MASSIVE OFFLINE
2026-07-01 22:35:41,720 | ERROR    | StatisticsManager | FINNHUB failed after 0.2446s
2026-07-01 22:35:41,721 | WARNING  | SourceEngine | FINNHUB : EMPTY_DATA
2026-07-01 22:35:41,928 | WARNING  | HealthManager | Provider FMP is unhealthy.
2026-07-01 22:35:41,929 | WARNING  | SourceEngine | FMP OFFLINE
2026-07-01 22:35:42,149 | WARNING  | HealthManager | Provider ALPHA_VANTAGE is unhealthy.
2026-07-01 22:35:42,150 | WARNING  | SourceEngine | ALPHA_VANTAGE OFFLINE
2026-07-01 22:35:42,151 | CRITICAL | SourceEngine | ALL PROVIDERS FAILED : LLY
2026-07-01 22:35:42,152 | INFO     | SourceEngine | REQUEST : UNH
2026-07-01 22:35:42,413 | WARNING  | HealthManager | Provider MASSIVE is unhealthy.
2026-07-01 22:35:42,414 | WARNING  | SourceEngine | MASSIVE OFFLINE
2026-07-01 22:35:42,889 | ERROR    | StatisticsManager | FINNHUB failed after 0.2381s
2026-07-01 22:35:42,890 | WARNING  | SourceEngine | FINNHUB : EMPTY_DATA
2026-07-01 22:35:43,098 | WARNING  | HealthManager | Provider FMP is unhealthy.
2026-07-01 22:35:43,098 | WARNING  | SourceEngine | FMP OFFLINE
2026-07-01 22:35:43,705 | WARNING  | HealthManager | Provider ALPHA_VANTAGE is unhealthy.
2026-07-01 22:35:43,706 | WARNING  | SourceEngine | ALPHA_VANTAGE OFFLINE
2026-07-01 22:35:43,707 | CRITICAL | SourceEngine | ALL PROVIDERS FAILED : UNH
2026-07-01 22:35:43,709 | INFO     | SourceEngine | REQUEST : UNH
2026-07-01 22:35:43,916 | WARNING  | HealthManager | Provider MASSIVE is unhealthy.
2026-07-01 22:35:43,918 | WARNING  | SourceEngine | MASSIVE OFFLINE
2026-07-01 22:35:44,389 | ERROR    | StatisticsManager | FINNHUB failed after 0.2331s
2026-07-01 22:35:44,390 | WARNING  | SourceEngine | FINNHUB : EMPTY_DATA
2026-07-01 22:35:44,600 | WARNING  | HealthManager | Provider FMP is unhealthy.
2026-07-01 22:35:44,601 | WARNING  | SourceEngine | FMP OFFLINE
2026-07-01 22:35:44,819 | WARNING  | HealthManager | Provider ALPHA_VANTAGE is unhealthy.
2026-07-01 22:35:44,820 | WARNING  | SourceEngine | ALPHA_VANTAGE OFFLINE
2026-07-01 22:35:44,821 | CRITICAL | SourceEngine | ALL PROVIDERS FAILED : UNH
2026-07-01 22:35:44,823 | INFO     | SourceEngine | REQUEST : UNH
2026-07-01 22:35:45,031 | WARNING  | HealthManager | Provider MASSIVE is unhealthy.
2026-07-01 22:35:45,032 | WARNING  | SourceEngine | MASSIVE OFFLINE
2026-07-01 22:35:45,497 | ERROR    | StatisticsManager | FINNHUB failed after 0.2249s
2026-07-01 22:35:45,498 | WARNING  | SourceEngine | FINNHUB : EMPTY_DATA
2026-07-01 22:35:45,756 | WARNING  | HealthManager | Provider FMP is unhealthy.
2026-07-01 22:35:45,757 | WARNING  | SourceEngine | FMP OFFLINE
2026-07-01 22:35:48,738 | WARNING  | HealthManager | Provider ALPHA_VANTAGE is unhealthy.
2026-07-01 22:35:48,739 | WARNING  | SourceEngine | ALPHA_VANTAGE OFFLINE
2026-07-01 22:35:48,740 | CRITICAL | SourceEngine | ALL PROVIDERS FAILED : UNH
2026-07-01 22:35:48,741 | INFO     | SourceEngine | REQUEST : ABBV
2026-07-01 22:35:49,007 | WARNING  | HealthManager | Provider MASSIVE is unhealthy.
2026-07-01 22:35:49,007 | WARNING  | SourceEngine | MASSIVE OFFLINE
2026-07-01 22:35:49,484 | ERROR    | StatisticsManager | FINNHUB failed after 0.2238s
2026-07-01 22:35:49,485 | WARNING  | SourceEngine | FINNHUB : EMPTY_DATA
2026-07-01 22:35:49,695 | WARNING  | HealthManager | Provider FMP is unhealthy.
2026-07-01 22:35:49,696 | WARNING  | SourceEngine | FMP OFFLINE
2026-07-01 22:35:52,103 | WARNING  | HealthManager | Provider ALPHA_VANTAGE is unhealthy.
2026-07-01 22:35:52,104 | WARNING  | SourceEngine | ALPHA_VANTAGE OFFLINE
2026-07-01 22:35:52,105 | CRITICAL | SourceEngine | ALL PROVIDERS FAILED : ABBV
2026-07-01 22:35:52,106 | INFO     | SourceEngine | REQUEST : ABBV
2026-07-01 22:35:52,314 | WARNING  | HealthManager | Provider MASSIVE is unhealthy.
2026-07-01 22:35:52,315 | WARNING  | SourceEngine | MASSIVE OFFLINE
2026-07-01 22:35:52,772 | ERROR    | StatisticsManager | FINNHUB failed after 0.2401s
2026-07-01 22:35:52,773 | WARNING  | SourceEngine | FINNHUB : EMPTY_DATA
2026-07-01 22:35:52,990 | WARNING  | HealthManager | Provider FMP is unhealthy.
2026-07-01 22:35:52,990 | WARNING  | SourceEngine | FMP OFFLINE
2026-07-01 22:35:53,208 | WARNING  | HealthManager | Provider ALPHA_VANTAGE is unhealthy.
2026-07-01 22:35:53,208 | WARNING  | SourceEngine | ALPHA_VANTAGE OFFLINE
2026-07-01 22:35:53,209 | CRITICAL | SourceEngine | ALL PROVIDERS FAILED : ABBV
2026-07-01 22:35:53,209 | INFO     | SourceEngine | REQUEST : ABBV
2026-07-01 22:35:53,406 | WARNING  | HealthManager | Provider MASSIVE is unhealthy.
2026-07-01 22:35:53,407 | WARNING  | SourceEngine | MASSIVE OFFLINE
2026-07-01 22:35:53,856 | ERROR    | StatisticsManager | FINNHUB failed after 0.2271s
2026-07-01 22:35:53,857 | WARNING  | SourceEngine | FINNHUB : EMPTY_DATA
2026-07-01 22:35:54,068 | WARNING  | HealthManager | Provider FMP is unhealthy.
2026-07-01 22:35:54,069 | WARNING  | SourceEngine | FMP OFFLINE
2026-07-01 22:35:54,284 | WARNING  | HealthManager | Provider ALPHA_VANTAGE is unhealthy.
2026-07-01 22:35:54,285 | WARNING  | SourceEngine | ALPHA_VANTAGE OFFLINE
2026-07-01 22:35:54,286 | CRITICAL | SourceEngine | ALL PROVIDERS FAILED : ABBV
2026-07-01 22:35:54,287 | INFO     | SourceEngine | REQUEST : XOM
2026-07-01 22:35:54,503 | WARNING  | HealthManager | Provider MASSIVE is unhealthy.
2026-07-01 22:35:54,504 | WARNING  | SourceEngine | MASSIVE OFFLINE
2026-07-01 22:35:54,965 | ERROR    | StatisticsManager | FINNHUB failed after 0.2277s
2026-07-01 22:35:54,966 | WARNING  | SourceEngine | FINNHUB : EMPTY_DATA
2026-07-01 22:35:55,181 | WARNING  | HealthManager | Provider FMP is unhealthy.
2026-07-01 22:35:55,182 | WARNING  | SourceEngine | FMP OFFLINE
2026-07-01 22:35:55,399 | WARNING  | HealthManager | Provider ALPHA_VANTAGE is unhealthy.
2026-07-01 22:35:55,400 | WARNING  | SourceEngine | ALPHA_VANTAGE OFFLINE
2026-07-01 22:35:55,402 | CRITICAL | SourceEngine | ALL PROVIDERS FAILED : XOM
2026-07-01 22:35:55,404 | INFO     | SourceEngine | REQUEST : XOM
2026-07-01 22:35:55,622 | WARNING  | HealthManager | Provider MASSIVE is unhealthy.
2026-07-01 22:35:55,623 | WARNING  | SourceEngine | MASSIVE OFFLINE
2026-07-01 22:35:56,110 | ERROR    | StatisticsManager | FINNHUB failed after 0.2675s
2026-07-01 22:35:56,110 | WARNING  | SourceEngine | FINNHUB : EMPTY_DATA
2026-07-01 22:35:56,324 | WARNING  | HealthManager | Provider FMP is unhealthy.
2026-07-01 22:35:56,325 | WARNING  | SourceEngine | FMP OFFLINE
2026-07-01 22:35:56,545 | WARNING  | HealthManager | Provider ALPHA_VANTAGE is unhealthy.
2026-07-01 22:35:56,547 | WARNING  | SourceEngine | ALPHA_VANTAGE OFFLINE
2026-07-01 22:35:56,548 | CRITICAL | SourceEngine | ALL PROVIDERS FAILED : XOM
2026-07-01 22:35:56,550 | INFO     | SourceEngine | REQUEST : XOM
2026-07-01 22:35:57,247 | WARNING  | HealthManager | Provider MASSIVE is unhealthy.
2026-07-01 22:35:57,248 | WARNING  | SourceEngine | MASSIVE OFFLINE
2026-07-01 22:35:57,864 | ERROR    | StatisticsManager | FINNHUB failed after 0.4030s
2026-07-01 22:35:57,864 | WARNING  | SourceEngine | FINNHUB : EMPTY_DATA
2026-07-01 22:35:58,140 | WARNING  | HealthManager | Provider FMP is unhealthy.
2026-07-01 22:35:58,246 | WARNING  | SourceEngine | FMP OFFLINE
2026-07-01 22:35:58,600 | WARNING  | HealthManager | Provider ALPHA_VANTAGE is unhealthy.
2026-07-01 22:35:58,600 | WARNING  | SourceEngine | ALPHA_VANTAGE OFFLINE
2026-07-01 22:35:58,706 | CRITICAL | SourceEngine | ALL PROVIDERS FAILED : XOM
2026-07-01 22:35:58,760 | INFO     | SourceEngine | REQUEST : CVX
2026-07-01 22:35:58,991 | WARNING  | HealthManager | Provider MASSIVE is unhealthy.
2026-07-01 22:35:58,991 | WARNING  | SourceEngine | MASSIVE OFFLINE
2026-07-01 22:35:59,458 | ERROR    | StatisticsManager | FINNHUB failed after 0.2262s
2026-07-01 22:35:59,460 | WARNING  | SourceEngine | FINNHUB : EMPTY_DATA
2026-07-01 22:35:59,668 | WARNING  | HealthManager | Provider FMP is unhealthy.
2026-07-01 22:35:59,668 | WARNING  | SourceEngine | FMP OFFLINE
2026-07-01 22:36:03,033 | WARNING  | HealthManager | Provider ALPHA_VANTAGE is unhealthy.
2026-07-01 22:36:03,033 | WARNING  | SourceEngine | ALPHA_VANTAGE OFFLINE
2026-07-01 22:36:03,034 | CRITICAL | SourceEngine | ALL PROVIDERS FAILED : CVX
2026-07-01 22:36:03,034 | INFO     | SourceEngine | REQUEST : CVX
2026-07-01 22:36:03,239 | WARNING  | HealthManager | Provider MASSIVE is unhealthy.
2026-07-01 22:36:03,240 | WARNING  | SourceEngine | MASSIVE OFFLINE
2026-07-01 22:36:03,734 | ERROR    | StatisticsManager | FINNHUB failed after 0.2806s
2026-07-01 22:36:03,807 | WARNING  | SourceEngine | FINNHUB : EMPTY_DATA
2026-07-01 22:36:04,082 | WARNING  | HealthManager | Provider FMP is unhealthy.
2026-07-01 22:36:04,085 | WARNING  | SourceEngine | FMP OFFLINE
2026-07-01 22:36:04,313 | WARNING  | HealthManager | Provider ALPHA_VANTAGE is unhealthy.
2026-07-01 22:36:04,314 | WARNING  | SourceEngine | ALPHA_VANTAGE OFFLINE
2026-07-01 22:36:04,315 | CRITICAL | SourceEngine | ALL PROVIDERS FAILED : CVX
2026-07-01 22:36:04,316 | INFO     | SourceEngine | REQUEST : CVX
2026-07-01 22:36:04,513 | WARNING  | HealthManager | Provider MASSIVE is unhealthy.
2026-07-01 22:36:04,513 | WARNING  | SourceEngine | MASSIVE OFFLINE
2026-07-01 22:36:04,964 | ERROR    | StatisticsManager | FINNHUB failed after 0.2240s
2026-07-01 22:36:04,965 | WARNING  | SourceEngine | FINNHUB : EMPTY_DATA
2026-07-01 22:36:05,181 | WARNING  | HealthManager | Provider FMP is unhealthy.
2026-07-01 22:36:05,182 | WARNING  | SourceEngine | FMP OFFLINE
2026-07-01 22:36:07,201 | WARNING  | HealthManager | Provider ALPHA_VANTAGE is unhealthy.
2026-07-01 22:36:07,202 | WARNING  | SourceEngine | ALPHA_VANTAGE OFFLINE
2026-07-01 22:36:07,203 | CRITICAL | SourceEngine | ALL PROVIDERS FAILED : CVX
2026-07-01 22:36:07,204 | INFO     | SourceEngine | REQUEST : GLD
2026-07-01 22:36:07,437 | WARNING  | HealthManager | Provider MASSIVE is unhealthy.
2026-07-01 22:36:07,438 | WARNING  | SourceEngine | MASSIVE OFFLINE
2026-07-01 22:36:07,875 | ERROR    | StatisticsManager | FINNHUB failed after 0.2209s
2026-07-01 22:36:07,876 | WARNING  | SourceEngine | FINNHUB : EMPTY_DATA
2026-07-01 22:36:08,080 | WARNING  | HealthManager | Provider FMP is unhealthy.
2026-07-01 22:36:08,080 | WARNING  | SourceEngine | FMP OFFLINE
2026-07-01 22:36:10,946 | WARNING  | HealthManager | Provider ALPHA_VANTAGE is unhealthy.
2026-07-01 22:36:10,947 | WARNING  | SourceEngine | ALPHA_VANTAGE OFFLINE
2026-07-01 22:36:10,948 | CRITICAL | SourceEngine | ALL PROVIDERS FAILED : GLD
2026-07-01 22:36:10,950 | INFO     | SourceEngine | REQUEST : GLD
2026-07-01 22:36:11,164 | WARNING  | HealthManager | Provider MASSIVE is unhealthy.
2026-07-01 22:36:11,165 | WARNING  | SourceEngine | MASSIVE OFFLINE
2026-07-01 22:36:11,712 | ERROR    | StatisticsManager | FINNHUB failed after 0.2865s
2026-07-01 22:36:11,713 | WARNING  | SourceEngine | FINNHUB : EMPTY_DATA
2026-07-01 22:36:11,945 | WARNING  | HealthManager | Provider FMP is unhealthy.
2026-07-01 22:36:11,946 | WARNING  | SourceEngine | FMP OFFLINE
2026-07-01 22:36:12,159 | WARNING  | HealthManager | Provider ALPHA_VANTAGE is unhealthy.
2026-07-01 22:36:12,159 | WARNING  | SourceEngine | ALPHA_VANTAGE OFFLINE
2026-07-01 22:36:12,159 | CRITICAL | SourceEngine | ALL PROVIDERS FAILED : GLD
2026-07-01 22:36:12,160 | INFO     | SourceEngine | REQUEST : GLD
2026-07-01 22:36:12,443 | WARNING  | HealthManager | Provider MASSIVE is unhealthy.
2026-07-01 22:36:12,444 | WARNING  | SourceEngine | MASSIVE OFFLINE
2026-07-01 22:36:12,911 | ERROR    | StatisticsManager | FINNHUB failed after 0.2288s
2026-07-01 22:36:12,911 | WARNING  | SourceEngine | FINNHUB : EMPTY_DATA
2026-07-01 22:36:13,123 | WARNING  | HealthManager | Provider FMP is unhealthy.
2026-07-01 22:36:13,124 | WARNING  | SourceEngine | FMP OFFLINE
2026-07-01 22:36:16,944 | WARNING  | HealthManager | Provider ALPHA_VANTAGE is unhealthy.
2026-07-01 22:36:16,945 | WARNING  | SourceEngine | ALPHA_VANTAGE OFFLINE
2026-07-01 22:36:16,946 | CRITICAL | SourceEngine | ALL PROVIDERS FAILED : GLD
2026-07-01 22:36:16,946 | INFO     | SourceEngine | REQUEST : BTC-USD
2026-07-01 22:36:17,199 | WARNING  | HealthManager | Provider MASSIVE is unhealthy.
2026-07-01 22:36:17,200 | WARNING  | SourceEngine | MASSIVE OFFLINE
2026-07-01 22:36:17,649 | ERROR    | StatisticsManager | FINNHUB failed after 0.2272s
2026-07-01 22:36:17,649 | WARNING  | SourceEngine | FINNHUB : EMPTY_DATA
2026-07-01 22:36:17,950 | WARNING  | HealthManager | Provider FMP is unhealthy.
2026-07-01 22:36:17,952 | WARNING  | SourceEngine | FMP OFFLINE
2026-07-01 22:36:19,879 | WARNING  | HealthManager | Provider ALPHA_VANTAGE is unhealthy.
2026-07-01 22:36:19,880 | WARNING  | SourceEngine | ALPHA_VANTAGE OFFLINE
2026-07-01 22:36:19,881 | CRITICAL | SourceEngine | ALL PROVIDERS FAILED : BTC-USD
2026-07-01 22:36:19,883 | INFO     | SourceEngine | REQUEST : BTC-USD
2026-07-01 22:36:20,103 | WARNING  | HealthManager | Provider MASSIVE is unhealthy.
2026-07-01 22:36:20,104 | WARNING  | SourceEngine | MASSIVE OFFLINE
2026-07-01 22:36:20,751 | ERROR    | StatisticsManager | FINNHUB failed after 0.4257s
2026-07-01 22:36:20,752 | WARNING  | SourceEngine | FINNHUB : EMPTY_DATA
2026-07-01 22:36:21,072 | WARNING  | HealthManager | Provider FMP is unhealthy.
2026-07-01 22:36:21,072 | WARNING  | SourceEngine | FMP OFFLINE
2026-07-01 22:36:21,289 | WARNING  | HealthManager | Provider ALPHA_VANTAGE is unhealthy.
2026-07-01 22:36:21,289 | WARNING  | SourceEngine | ALPHA_VANTAGE OFFLINE
2026-07-01 22:36:21,290 | CRITICAL | SourceEngine | ALL PROVIDERS FAILED : BTC-USD
2026-07-01 22:36:21,291 | INFO     | SourceEngine | REQUEST : BTC-USD
2026-07-01 22:36:21,567 | WARNING  | HealthManager | Provider MASSIVE is unhealthy.
2026-07-01 22:36:21,568 | WARNING  | SourceEngine | MASSIVE OFFLINE
2026-07-01 22:36:22,041 | ERROR    | StatisticsManager | FINNHUB failed after 0.2414s
2026-07-01 22:36:22,042 | WARNING  | SourceEngine | FINNHUB : EMPTY_DATA
2026-07-01 22:36:22,257 | WARNING  | HealthManager | Provider FMP is unhealthy.
2026-07-01 22:36:22,258 | WARNING  | SourceEngine | FMP OFFLINE
2026-07-01 22:36:27,528 | WARNING  | HealthManager | Provider ALPHA_VANTAGE is unhealthy.
2026-07-01 22:36:27,529 | WARNING  | SourceEngine | ALPHA_VANTAGE OFFLINE
2026-07-01 22:36:27,529 | CRITICAL | SourceEngine | ALL PROVIDERS FAILED : BTC-USD
2026-07-01 22:37:27,531 | INFO     | SourceEngine | REQUEST : SPX
2026-07-01 22:37:27,785 | WARNING  | HealthManager | Provider MASSIVE is unhealthy.
2026-07-01 22:37:27,786 | WARNING  | SourceEngine | MASSIVE OFFLINE
2026-07-01 22:37:28,227 | ERROR    | StatisticsManager | FINNHUB failed after 0.2218s
2026-07-01 22:37:28,228 | WARNING  | SourceEngine | FINNHUB : EMPTY_DATA
2026-07-01 22:37:29,721 | WARNING  | HealthManager | Provider FMP is unhealthy.
2026-07-01 22:37:29,723 | WARNING  | SourceEngine | FMP OFFLINE
2026-07-01 22:37:31,219 | WARNING  | HealthManager | Provider ALPHA_VANTAGE is unhealthy.
2026-07-01 22:37:31,220 | WARNING  | SourceEngine | ALPHA_VANTAGE OFFLINE
2026-07-01 22:37:31,221 | CRITICAL | SourceEngine | ALL PROVIDERS FAILED : SPX
2026-07-01 22:37:31,222 | INFO     | SourceEngine | REQUEST : SPX
2026-07-01 22:37:31,451 | WARNING  | HealthManager | Provider MASSIVE is unhealthy.
2026-07-01 22:37:31,452 | WARNING  | SourceEngine | MASSIVE OFFLINE
2026-07-01 22:37:31,898 | ERROR    | StatisticsManager | FINNHUB failed after 0.2207s
2026-07-01 22:37:31,899 | WARNING  | SourceEngine | FINNHUB : EMPTY_DATA
2026-07-01 22:37:32,133 | WARNING  | HealthManager | Provider FMP is unhealthy.
2026-07-01 22:37:32,134 | WARNING  | SourceEngine | FMP OFFLINE
2026-07-01 22:37:32,358 | WARNING  | HealthManager | Provider ALPHA_VANTAGE is unhealthy.
2026-07-01 22:37:32,359 | WARNING  | SourceEngine | ALPHA_VANTAGE OFFLINE
2026-07-01 22:37:32,360 | CRITICAL | SourceEngine | ALL PROVIDERS FAILED : SPX
2026-07-01 22:37:32,362 | INFO     | SourceEngine | REQUEST : SPX
2026-07-01 22:37:32,570 | WARNING  | HealthManager | Provider MASSIVE is unhealthy.
2026-07-01 22:37:32,571 | WARNING  | SourceEngine | MASSIVE OFFLINE
2026-07-01 22:37:33,086 | ERROR    | StatisticsManager | FINNHUB failed after 0.2441s
2026-07-01 22:37:33,087 | WARNING  | SourceEngine | FINNHUB : EMPTY_DATA
2026-07-01 22:37:33,311 | WARNING  | HealthManager | Provider FMP is unhealthy.
2026-07-01 22:37:33,313 | WARNING  | SourceEngine | FMP OFFLINE
2026-07-01 22:37:38,859 | WARNING  | HealthManager | Provider ALPHA_VANTAGE is unhealthy.
2026-07-01 22:37:38,860 | WARNING  | SourceEngine | ALPHA_VANTAGE OFFLINE
2026-07-01 22:37:38,861 | CRITICAL | SourceEngine | ALL PROVIDERS FAILED : SPX
2026-07-01 22:37:38,862 | INFO     | SourceEngine | REQUEST : NASDAQ
2026-07-01 22:37:39,077 | WARNING  | HealthManager | Provider MASSIVE is unhealthy.
2026-07-01 22:37:39,078 | WARNING  | SourceEngine | MASSIVE OFFLINE
2026-07-01 22:37:39,544 | ERROR    | StatisticsManager | FINNHUB failed after 0.2395s
2026-07-01 22:37:39,545 | WARNING  | SourceEngine | FINNHUB : EMPTY_DATA
2026-07-01 22:37:39,783 | WARNING  | HealthManager | Provider FMP is unhealthy.
2026-07-01 22:37:39,784 | WARNING  | SourceEngine | FMP OFFLINE
2026-07-01 22:37:40,582 | WARNING  | HealthManager | Provider ALPHA_VANTAGE is unhealthy.
2026-07-01 22:37:40,583 | WARNING  | SourceEngine | ALPHA_VANTAGE OFFLINE
2026-07-01 22:37:40,583 | CRITICAL | SourceEngine | ALL PROVIDERS FAILED : NASDAQ
2026-07-01 22:37:40,584 | INFO     | SourceEngine | REQUEST : NASDAQ
2026-07-01 22:37:40,786 | WARNING  | HealthManager | Provider MASSIVE is unhealthy.
2026-07-01 22:37:40,787 | WARNING  | SourceEngine | MASSIVE OFFLINE
2026-07-01 22:37:41,333 | ERROR    | StatisticsManager | FINNHUB failed after 0.2162s
2026-07-01 22:37:41,334 | WARNING  | SourceEngine | FINNHUB : EMPTY_DATA
2026-07-01 22:37:41,543 | WARNING  | HealthManager | Provider FMP is unhealthy.
2026-07-01 22:37:41,544 | WARNING  | SourceEngine | FMP OFFLINE
2026-07-01 22:37:47,483 | WARNING  | HealthManager | Provider ALPHA_VANTAGE is unhealthy.
2026-07-01 22:37:47,484 | WARNING  | SourceEngine | ALPHA_VANTAGE OFFLINE
2026-07-01 22:37:47,485 | CRITICAL | SourceEngine | ALL PROVIDERS FAILED : NASDAQ
2026-07-01 22:37:47,486 | INFO     | SourceEngine | REQUEST : NASDAQ
2026-07-01 22:37:47,694 | WARNING  | HealthManager | Provider MASSIVE is unhealthy.
2026-07-01 22:37:47,695 | WARNING  | SourceEngine | MASSIVE OFFLINE
2026-07-01 22:37:48,159 | ERROR    | StatisticsManager | FINNHUB failed after 0.2312s
2026-07-01 22:37:48,160 | WARNING  | SourceEngine | FINNHUB : EMPTY_DATA
2026-07-01 22:37:48,436 | WARNING  | HealthManager | Provider FMP is unhealthy.
2026-07-01 22:37:48,437 | WARNING  | SourceEngine | FMP OFFLINE
2026-07-01 22:37:49,907 | WARNING  | HealthManager | Provider ALPHA_VANTAGE is unhealthy.
2026-07-01 22:37:49,908 | WARNING  | SourceEngine | ALPHA_VANTAGE OFFLINE
2026-07-01 22:37:49,909 | CRITICAL | SourceEngine | ALL PROVIDERS FAILED : NASDAQ
2026-07-01 22:37:49,910 | INFO     | SourceEngine | REQUEST : SPY
2026-07-01 22:37:50,110 | WARNING  | HealthManager | Provider MASSIVE is unhealthy.
2026-07-01 22:37:50,111 | WARNING  | SourceEngine | MASSIVE OFFLINE
2026-07-01 22:37:50,587 | ERROR    | StatisticsManager | FINNHUB failed after 0.2367s
2026-07-01 22:37:50,588 | WARNING  | SourceEngine | FINNHUB : EMPTY_DATA
2026-07-01 22:37:50,796 | WARNING  | HealthManager | Provider FMP is unhealthy.
2026-07-01 22:37:50,797 | WARNING  | SourceEngine | FMP OFFLINE
2026-07-01 22:37:51,009 | WARNING  | HealthManager | Provider ALPHA_VANTAGE is unhealthy.
2026-07-01 22:37:51,010 | WARNING  | SourceEngine | ALPHA_VANTAGE OFFLINE
2026-07-01 22:37:51,011 | CRITICAL | SourceEngine | ALL PROVIDERS FAILED : SPY
2026-07-01 22:37:51,013 | INFO     | SourceEngine | REQUEST : SPY
2026-07-01 22:37:51,221 | WARNING  | HealthManager | Provider MASSIVE is unhealthy.
2026-07-01 22:37:51,222 | WARNING  | SourceEngine | MASSIVE OFFLINE
2026-07-01 22:37:51,776 | ERROR    | StatisticsManager | FINNHUB failed after 0.2235s
2026-07-01 22:37:51,777 | WARNING  | SourceEngine | FINNHUB : EMPTY_DATA
2026-07-01 22:37:51,983 | WARNING  | HealthManager | Provider FMP is unhealthy.
2026-07-01 22:37:51,984 | WARNING  | SourceEngine | FMP OFFLINE
2026-07-01 22:37:52,209 | WARNING  | HealthManager | Provider ALPHA_VANTAGE is unhealthy.
2026-07-01 22:37:52,210 | WARNING  | SourceEngine | ALPHA_VANTAGE OFFLINE
2026-07-01 22:37:52,211 | CRITICAL | SourceEngine | ALL PROVIDERS FAILED : SPY
2026-07-01 22:37:52,213 | INFO     | SourceEngine | REQUEST : SPY
2026-07-01 22:37:52,417 | WARNING  | HealthManager | Provider MASSIVE is unhealthy.
2026-07-01 22:37:52,418 | WARNING  | SourceEngine | MASSIVE OFFLINE
2026-07-01 22:37:52,933 | ERROR    | StatisticsManager | FINNHUB failed after 0.2526s
2026-07-01 22:37:52,934 | WARNING  | SourceEngine | FINNHUB : EMPTY_DATA
2026-07-01 22:37:53,137 | WARNING  | HealthManager | Provider FMP is unhealthy.
2026-07-01 22:37:53,138 | WARNING  | SourceEngine | FMP OFFLINE
2026-07-01 22:37:53,375 | WARNING  | HealthManager | Provider ALPHA_VANTAGE is unhealthy.
2026-07-01 22:37:53,376 | WARNING  | SourceEngine | ALPHA_VANTAGE OFFLINE
2026-07-01 22:37:53,377 | CRITICAL | SourceEngine | ALL PROVIDERS FAILED : SPY
2026-07-01 22:37:53,378 | INFO     | SourceEngine | REQUEST : QQQ
2026-07-01 22:37:53,586 | WARNING  | HealthManager | Provider MASSIVE is unhealthy.
2026-07-01 22:37:53,587 | WARNING  | SourceEngine | MASSIVE OFFLINE
2026-07-01 22:37:54,029 | ERROR    | StatisticsManager | FINNHUB failed after 0.2243s
2026-07-01 22:37:54,030 | WARNING  | SourceEngine | FINNHUB : EMPTY_DATA
2026-07-01 22:37:54,296 | WARNING  | HealthManager | Provider FMP is unhealthy.
2026-07-01 22:37:54,297 | WARNING  | SourceEngine | FMP OFFLINE
2026-07-01 22:37:55,020 | WARNING  | HealthManager | Provider ALPHA_VANTAGE is unhealthy.
2026-07-01 22:37:55,021 | WARNING  | SourceEngine | ALPHA_VANTAGE OFFLINE
2026-07-01 22:37:55,022 | CRITICAL | SourceEngine | ALL PROVIDERS FAILED : QQQ
2026-07-01 22:37:55,024 | INFO     | SourceEngine | REQUEST : QQQ
2026-07-01 22:37:55,228 | WARNING  | HealthManager | Provider MASSIVE is unhealthy.
2026-07-01 22:37:55,229 | WARNING  | SourceEngine | MASSIVE OFFLINE
2026-07-01 22:37:55,688 | ERROR    | StatisticsManager | FINNHUB failed after 0.2249s
2026-07-01 22:37:55,690 | WARNING  | SourceEngine | FINNHUB : EMPTY_DATA
2026-07-01 22:37:55,901 | WARNING  | HealthManager | Provider FMP is unhealthy.
2026-07-01 22:37:55,902 | WARNING  | SourceEngine | FMP OFFLINE
2026-07-01 22:37:56,127 | WARNING  | HealthManager | Provider ALPHA_VANTAGE is unhealthy.
2026-07-01 22:37:56,128 | WARNING  | SourceEngine | ALPHA_VANTAGE OFFLINE
2026-07-01 22:37:56,129 | CRITICAL | SourceEngine | ALL PROVIDERS FAILED : QQQ
2026-07-01 22:37:56,130 | INFO     | SourceEngine | REQUEST : QQQ
2026-07-01 22:37:56,352 | WARNING  | HealthManager | Provider MASSIVE is unhealthy.
2026-07-01 22:37:56,353 | WARNING  | SourceEngine | MASSIVE OFFLINE
2026-07-01 22:37:56,805 | ERROR    | StatisticsManager | FINNHUB failed after 0.2246s
2026-07-01 22:37:56,806 | WARNING  | SourceEngine | FINNHUB : EMPTY_DATA
2026-07-01 22:37:57,013 | WARNING  | HealthManager | Provider FMP is unhealthy.
2026-07-01 22:37:57,014 | WARNING  | SourceEngine | FMP OFFLINE
2026-07-01 22:37:57,238 | WARNING  | HealthManager | Provider ALPHA_VANTAGE is unhealthy.
2026-07-01 22:37:57,240 | WARNING  | SourceEngine | ALPHA_VANTAGE OFFLINE
2026-07-01 22:37:57,241 | CRITICAL | SourceEngine | ALL PROVIDERS FAILED : QQQ
2026-07-01 22:37:57,242 | INFO     | SourceEngine | REQUEST : NVDA
2026-07-01 22:37:57,445 | WARNING  | HealthManager | Provider MASSIVE is unhealthy.
2026-07-01 22:37:57,446 | WARNING  | SourceEngine | MASSIVE OFFLINE
2026-07-01 22:37:58,050 | ERROR    | StatisticsManager | FINNHUB failed after 0.2501s
2026-07-01 22:37:58,051 | WARNING  | SourceEngine | FINNHUB : EMPTY_DATA
2026-07-01 22:37:58,256 | WARNING  | HealthManager | Provider FMP is unhealthy.
2026-07-01 22:37:58,257 | WARNING  | SourceEngine | FMP OFFLINE
2026-07-01 22:37:58,640 | WARNING  | HealthManager | Provider ALPHA_VANTAGE is unhealthy.
2026-07-01 22:37:58,641 | WARNING  | SourceEngine | ALPHA_VANTAGE OFFLINE
2026-07-01 22:37:58,642 | CRITICAL | SourceEngine | ALL PROVIDERS FAILED : NVDA
2026-07-01 22:37:58,644 | INFO     | SourceEngine | REQUEST : NVDA
2026-07-01 22:37:58,848 | WARNING  | HealthManager | Provider MASSIVE is unhealthy.
2026-07-01 22:37:58,849 | WARNING  | SourceEngine | MASSIVE OFFLINE
2026-07-01 22:37:59,307 | ERROR    | StatisticsManager | FINNHUB failed after 0.2321s
2026-07-01 22:37:59,308 | WARNING  | SourceEngine | FINNHUB : EMPTY_DATA
2026-07-01 22:37:59,619 | WARNING  | HealthManager | Provider FMP is unhealthy.
2026-07-01 22:37:59,620 | WARNING  | SourceEngine | FMP OFFLINE
2026-07-01 22:38:00,616 | WARNING  | HealthManager | Provider ALPHA_VANTAGE is unhealthy.
2026-07-01 22:38:00,617 | WARNING  | SourceEngine | ALPHA_VANTAGE OFFLINE
2026-07-01 22:38:00,618 | CRITICAL | SourceEngine | ALL PROVIDERS FAILED : NVDA
2026-07-01 22:38:00,619 | INFO     | SourceEngine | REQUEST : NVDA
2026-07-01 22:38:00,916 | WARNING  | HealthManager | Provider MASSIVE is unhealthy.
2026-07-01 22:38:00,917 | WARNING  | SourceEngine | MASSIVE OFFLINE
2026-07-01 22:38:01,370 | ERROR    | StatisticsManager | FINNHUB failed after 0.2336s
2026-07-01 22:38:01,371 | WARNING  | SourceEngine | FINNHUB : EMPTY_DATA
2026-07-01 22:38:01,605 | WARNING  | HealthManager | Provider FMP is unhealthy.
2026-07-01 22:38:01,606 | WARNING  | SourceEngine | FMP OFFLINE
2026-07-01 22:38:01,825 | WARNING  | HealthManager | Provider ALPHA_VANTAGE is unhealthy.
2026-07-01 22:38:01,826 | WARNING  | SourceEngine | ALPHA_VANTAGE OFFLINE
2026-07-01 22:38:01,827 | CRITICAL | SourceEngine | ALL PROVIDERS FAILED : NVDA
2026-07-01 22:38:01,828 | INFO     | SourceEngine | REQUEST : AAPL
2026-07-01 22:38:02,036 | WARNING  | HealthManager | Provider MASSIVE is unhealthy.
2026-07-01 22:38:02,037 | WARNING  | SourceEngine | MASSIVE OFFLINE
2026-07-01 22:38:02,495 | ERROR    | StatisticsManager | FINNHUB failed after 0.2302s
2026-07-01 22:38:02,496 | WARNING  | SourceEngine | FINNHUB : EMPTY_DATA
2026-07-01 22:38:02,731 | WARNING  | HealthManager | Provider FMP is unhealthy.
2026-07-01 22:38:02,732 | WARNING  | SourceEngine | FMP OFFLINE
2026-07-01 22:38:03,837 | WARNING  | HealthManager | Provider ALPHA_VANTAGE is unhealthy.
2026-07-01 22:38:03,838 | WARNING  | SourceEngine | ALPHA_VANTAGE OFFLINE
2026-07-01 22:38:03,839 | CRITICAL | SourceEngine | ALL PROVIDERS FAILED : AAPL
2026-07-01 22:38:03,840 | INFO     | SourceEngine | REQUEST : AAPL
2026-07-01 22:38:04,049 | WARNING  | HealthManager | Provider MASSIVE is unhealthy.
2026-07-01 22:38:04,050 | WARNING  | SourceEngine | MASSIVE OFFLINE
2026-07-01 22:38:04,519 | ERROR    | StatisticsManager | FINNHUB failed after 0.2353s
2026-07-01 22:38:04,521 | WARNING  | SourceEngine | FINNHUB : EMPTY_DATA
2026-07-01 22:38:04,743 | WARNING  | HealthManager | Provider FMP is unhealthy.
2026-07-01 22:38:04,744 | WARNING  | SourceEngine | FMP OFFLINE
2026-07-01 22:38:07,230 | WARNING  | HealthManager | Provider ALPHA_VANTAGE is unhealthy.
2026-07-01 22:38:07,231 | WARNING  | SourceEngine | ALPHA_VANTAGE OFFLINE
2026-07-01 22:38:07,232 | CRITICAL | SourceEngine | ALL PROVIDERS FAILED : AAPL
2026-07-01 22:38:07,233 | INFO     | SourceEngine | REQUEST : AAPL
2026-07-01 22:38:07,446 | WARNING  | HealthManager | Provider MASSIVE is unhealthy.
2026-07-01 22:38:07,447 | WARNING  | SourceEngine | MASSIVE OFFLINE
2026-07-01 22:38:07,908 | ERROR    | StatisticsManager | FINNHUB failed after 0.2279s
2026-07-01 22:38:07,909 | WARNING  | SourceEngine | FINNHUB : EMPTY_DATA
2026-07-01 22:38:08,119 | WARNING  | HealthManager | Provider FMP is unhealthy.
2026-07-01 22:38:08,119 | WARNING  | SourceEngine | FMP OFFLINE
2026-07-01 22:38:08,339 | WARNING  | HealthManager | Provider ALPHA_VANTAGE is unhealthy.
2026-07-01 22:38:08,340 | WARNING  | SourceEngine | ALPHA_VANTAGE OFFLINE
2026-07-01 22:38:08,341 | CRITICAL | SourceEngine | ALL PROVIDERS FAILED : AAPL
2026-07-01 22:38:08,342 | INFO     | SourceEngine | REQUEST : MSFT
2026-07-01 22:38:08,548 | WARNING  | HealthManager | Provider MASSIVE is unhealthy.
2026-07-01 22:38:08,548 | WARNING  | SourceEngine | MASSIVE OFFLINE
2026-07-01 22:38:09,005 | ERROR    | StatisticsManager | FINNHUB failed after 0.2252s
2026-07-01 22:38:09,006 | WARNING  | SourceEngine | FINNHUB : EMPTY_DATA
2026-07-01 22:38:09,230 | WARNING  | HealthManager | Provider FMP is unhealthy.
2026-07-01 22:38:09,232 | WARNING  | SourceEngine | FMP OFFLINE
2026-07-01 22:38:09,449 | WARNING  | HealthManager | Provider ALPHA_VANTAGE is unhealthy.
2026-07-01 22:38:09,449 | WARNING  | SourceEngine | ALPHA_VANTAGE OFFLINE
2026-07-01 22:38:09,450 | CRITICAL | SourceEngine | ALL PROVIDERS FAILED : MSFT
2026-07-01 22:38:09,450 | INFO     | SourceEngine | REQUEST : MSFT
2026-07-01 22:38:09,661 | WARNING  | HealthManager | Provider MASSIVE is unhealthy.
2026-07-01 22:38:09,661 | WARNING  | SourceEngine | MASSIVE OFFLINE
2026-07-01 22:38:10,277 | ERROR    | StatisticsManager | FINNHUB failed after 0.3816s
2026-07-01 22:38:10,278 | WARNING  | SourceEngine | FINNHUB : EMPTY_DATA
2026-07-01 22:38:10,490 | WARNING  | HealthManager | Provider FMP is unhealthy.
2026-07-01 22:38:10,491 | WARNING  | SourceEngine | FMP OFFLINE
2026-07-01 22:38:10,894 | WARNING  | HealthManager | Provider ALPHA_VANTAGE is unhealthy.
2026-07-01 22:38:10,896 | WARNING  | SourceEngine | ALPHA_VANTAGE OFFLINE
2026-07-01 22:38:10,897 | CRITICAL | SourceEngine | ALL PROVIDERS FAILED : MSFT
2026-07-01 22:38:10,899 | INFO     | SourceEngine | REQUEST : MSFT
2026-07-01 22:38:11,106 | WARNING  | HealthManager | Provider MASSIVE is unhealthy.
2026-07-01 22:38:11,106 | WARNING  | SourceEngine | MASSIVE OFFLINE
2026-07-01 22:38:11,572 | ERROR    | StatisticsManager | FINNHUB failed after 0.2345s
2026-07-01 22:38:11,573 | WARNING  | SourceEngine | FINNHUB : EMPTY_DATA
2026-07-01 22:38:11,782 | WARNING  | HealthManager | Provider FMP is unhealthy.
2026-07-01 22:38:11,783 | WARNING  | SourceEngine | FMP OFFLINE
2026-07-01 22:38:11,998 | WARNING  | HealthManager | Provider ALPHA_VANTAGE is unhealthy.
2026-07-01 22:38:11,998 | WARNING  | SourceEngine | ALPHA_VANTAGE OFFLINE
2026-07-01 22:38:11,999 | CRITICAL | SourceEngine | ALL PROVIDERS FAILED : MSFT
2026-07-01 22:38:11,999 | INFO     | SourceEngine | REQUEST : META
2026-07-01 22:38:12,206 | WARNING  | HealthManager | Provider MASSIVE is unhealthy.
2026-07-01 22:38:12,207 | WARNING  | SourceEngine | MASSIVE OFFLINE
2026-07-01 22:38:12,651 | ERROR    | StatisticsManager | FINNHUB failed after 0.2213s
2026-07-01 22:38:12,652 | WARNING  | SourceEngine | FINNHUB : EMPTY_DATA
2026-07-01 22:38:12,870 | WARNING  | HealthManager | Provider FMP is unhealthy.
2026-07-01 22:38:12,871 | WARNING  | SourceEngine | FMP OFFLINE
2026-07-01 22:38:14,498 | WARNING  | HealthManager | Provider ALPHA_VANTAGE is unhealthy.
2026-07-01 22:38:14,499 | WARNING  | SourceEngine | ALPHA_VANTAGE OFFLINE
2026-07-01 22:38:14,499 | CRITICAL | SourceEngine | ALL PROVIDERS FAILED : META
2026-07-01 22:38:14,500 | INFO     | SourceEngine | REQUEST : META
2026-07-01 22:38:14,699 | WARNING  | HealthManager | Provider MASSIVE is unhealthy.
2026-07-01 22:38:14,700 | WARNING  | SourceEngine | MASSIVE OFFLINE
2026-07-01 22:38:15,184 | ERROR    | StatisticsManager | FINNHUB failed after 0.2520s
2026-07-01 22:38:15,197 | WARNING  | SourceEngine | FINNHUB : EMPTY_DATA
2026-07-01 22:38:15,441 | WARNING  | HealthManager | Provider FMP is unhealthy.
2026-07-01 22:38:15,442 | WARNING  | SourceEngine | FMP OFFLINE
2026-07-01 22:38:15,733 | WARNING  | HealthManager | Provider ALPHA_VANTAGE is unhealthy.
2026-07-01 22:38:15,734 | WARNING  | SourceEngine | ALPHA_VANTAGE OFFLINE
2026-07-01 22:38:15,734 | CRITICAL | SourceEngine | ALL PROVIDERS FAILED : META
2026-07-01 22:38:15,735 | INFO     | SourceEngine | REQUEST : META
2026-07-01 22:38:15,949 | WARNING  | HealthManager | Provider MASSIVE is unhealthy.
2026-07-01 22:38:15,950 | WARNING  | SourceEngine | MASSIVE OFFLINE
2026-07-01 22:38:16,515 | ERROR    | StatisticsManager | FINNHUB failed after 0.3419s
2026-07-01 22:38:16,517 | WARNING  | SourceEngine | FINNHUB : EMPTY_DATA
2026-07-01 22:38:16,729 | WARNING  | HealthManager | Provider FMP is unhealthy.
2026-07-01 22:38:16,730 | WARNING  | SourceEngine | FMP OFFLINE
2026-07-01 22:38:16,956 | WARNING  | HealthManager | Provider ALPHA_VANTAGE is unhealthy.
2026-07-01 22:38:16,958 | WARNING  | SourceEngine | ALPHA_VANTAGE OFFLINE
2026-07-01 22:38:16,959 | CRITICAL | SourceEngine | ALL PROVIDERS FAILED : META
2026-07-01 22:38:16,960 | INFO     | SourceEngine | REQUEST : AMZN
2026-07-01 22:38:17,181 | WARNING  | HealthManager | Provider MASSIVE is unhealthy.
2026-07-01 22:38:17,182 | WARNING  | SourceEngine | MASSIVE OFFLINE
2026-07-01 22:38:17,673 | ERROR    | StatisticsManager | FINNHUB failed after 0.2510s
2026-07-01 22:38:17,674 | WARNING  | SourceEngine | FINNHUB : EMPTY_DATA
2026-07-01 22:38:17,887 | WARNING  | HealthManager | Provider FMP is unhealthy.
2026-07-01 22:38:17,889 | WARNING  | SourceEngine | FMP OFFLINE
2026-07-01 22:38:19,030 | WARNING  | HealthManager | Provider ALPHA_VANTAGE is unhealthy.
2026-07-01 22:38:19,031 | WARNING  | SourceEngine | ALPHA_VANTAGE OFFLINE
2026-07-01 22:38:19,032 | CRITICAL | SourceEngine | ALL PROVIDERS FAILED : AMZN
2026-07-01 22:38:19,034 | INFO     | SourceEngine | REQUEST : AMZN
2026-07-01 22:38:19,237 | WARNING  | HealthManager | Provider MASSIVE is unhealthy.
2026-07-01 22:38:19,237 | WARNING  | SourceEngine | MASSIVE OFFLINE
2026-07-01 22:38:19,667 | ERROR    | StatisticsManager | FINNHUB failed after 0.2179s
2026-07-01 22:38:19,669 | WARNING  | SourceEngine | FINNHUB : EMPTY_DATA
2026-07-01 22:38:19,880 | WARNING  | HealthManager | Provider FMP is unhealthy.
2026-07-01 22:38:19,880 | WARNING  | SourceEngine | FMP OFFLINE
2026-07-01 22:38:22,105 | WARNING  | HealthManager | Provider ALPHA_VANTAGE is unhealthy.
2026-07-01 22:38:22,106 | WARNING  | SourceEngine | ALPHA_VANTAGE OFFLINE
2026-07-01 22:38:22,106 | CRITICAL | SourceEngine | ALL PROVIDERS FAILED : AMZN
2026-07-01 22:38:22,107 | INFO     | SourceEngine | REQUEST : AMZN
2026-07-01 22:38:22,315 | WARNING  | HealthManager | Provider MASSIVE is unhealthy.
2026-07-01 22:38:22,315 | WARNING  | SourceEngine | MASSIVE OFFLINE
2026-07-01 22:38:22,762 | ERROR    | StatisticsManager | FINNHUB failed after 0.2248s
2026-07-01 22:38:22,763 | WARNING  | SourceEngine | FINNHUB : EMPTY_DATA
2026-07-01 22:38:22,968 | WARNING  | HealthManager | Provider FMP is unhealthy.
2026-07-01 22:38:22,968 | WARNING  | SourceEngine | FMP OFFLINE
2026-07-01 22:38:27,301 | WARNING  | HealthManager | Provider ALPHA_VANTAGE is unhealthy.
2026-07-01 22:38:27,301 | WARNING  | SourceEngine | ALPHA_VANTAGE OFFLINE
2026-07-01 22:38:27,302 | CRITICAL | SourceEngine | ALL PROVIDERS FAILED : AMZN
2026-07-01 22:38:27,302 | INFO     | SourceEngine | REQUEST : GOOGL
2026-07-01 22:38:27,521 | WARNING  | HealthManager | Provider MASSIVE is unhealthy.
2026-07-01 22:38:27,521 | WARNING  | SourceEngine | MASSIVE OFFLINE
2026-07-01 22:38:27,958 | ERROR    | StatisticsManager | FINNHUB failed after 0.2200s
2026-07-01 22:38:27,959 | WARNING  | SourceEngine | FINNHUB : EMPTY_DATA
2026-07-01 22:38:28,163 | WARNING  | HealthManager | Provider FMP is unhealthy.
2026-07-01 22:38:28,163 | WARNING  | SourceEngine | FMP OFFLINE
2026-07-01 22:38:28,482 | WARNING  | HealthManager | Provider ALPHA_VANTAGE is unhealthy.
2026-07-01 22:38:28,483 | WARNING  | SourceEngine | ALPHA_VANTAGE OFFLINE
2026-07-01 22:38:28,484 | CRITICAL | SourceEngine | ALL PROVIDERS FAILED : GOOGL
2026-07-01 22:38:28,485 | INFO     | SourceEngine | REQUEST : ^GSPC
2026-07-01 22:38:28,805 | WARNING  | HealthManager | Provider MASSIVE is unhealthy.
2026-07-01 22:38:28,806 | WARNING  | SourceEngine | MASSIVE OFFLINE
2026-07-01 22:38:29,273 | ERROR    | StatisticsManager | FINNHUB failed after 0.2309s
2026-07-01 22:38:29,274 | WARNING  | SourceEngine | FINNHUB : EMPTY_DATA
2026-07-01 22:38:29,485 | WARNING  | HealthManager | Provider FMP is unhealthy.
2026-07-01 22:38:29,486 | WARNING  | SourceEngine | FMP OFFLINE
2026-07-01 22:38:31,303 | WARNING  | HealthManager | Provider ALPHA_VANTAGE is unhealthy.
2026-07-01 22:38:31,304 | WARNING  | SourceEngine | ALPHA_VANTAGE OFFLINE
2026-07-01 22:38:31,304 | CRITICAL | SourceEngine | ALL PROVIDERS FAILED : ^GSPC
2026-07-01 22:38:31,306 | INFO     | SourceEngine | REQUEST : GOOGL
2026-07-01 22:38:31,510 | WARNING  | HealthManager | Provider MASSIVE is unhealthy.
2026-07-01 22:38:31,511 | WARNING  | SourceEngine | MASSIVE OFFLINE
2026-07-01 22:38:32,120 | ERROR    | StatisticsManager | FINNHUB failed after 0.3778s
2026-07-01 22:38:32,121 | WARNING  | SourceEngine | FINNHUB : EMPTY_DATA
2026-07-01 22:38:32,335 | WARNING  | HealthManager | Provider FMP is unhealthy.
2026-07-01 22:38:32,337 | WARNING  | SourceEngine | FMP OFFLINE
2026-07-01 22:38:36,229 | WARNING  | HealthManager | Provider ALPHA_VANTAGE is unhealthy.
2026-07-01 22:38:36,230 | WARNING  | SourceEngine | ALPHA_VANTAGE OFFLINE
2026-07-01 22:38:36,231 | CRITICAL | SourceEngine | ALL PROVIDERS FAILED : GOOGL
2026-07-01 22:38:36,232 | INFO     | SourceEngine | REQUEST : GOOGL
2026-07-01 22:38:36,447 | WARNING  | HealthManager | Provider MASSIVE is unhealthy.
2026-07-01 22:38:36,448 | WARNING  | SourceEngine | MASSIVE OFFLINE
2026-07-01 22:38:36,922 | ERROR    | StatisticsManager | FINNHUB failed after 0.2361s
2026-07-01 22:38:36,923 | WARNING  | SourceEngine | FINNHUB : EMPTY_DATA
2026-07-01 22:38:37,130 | WARNING  | HealthManager | Provider FMP is unhealthy.
2026-07-01 22:38:37,130 | WARNING  | SourceEngine | FMP OFFLINE
2026-07-01 22:38:37,456 | WARNING  | HealthManager | Provider ALPHA_VANTAGE is unhealthy.
2026-07-01 22:38:37,456 | WARNING  | SourceEngine | ALPHA_VANTAGE OFFLINE
2026-07-01 22:38:37,456 | CRITICAL | SourceEngine | ALL PROVIDERS FAILED : GOOGL
2026-07-01 22:38:37,457 | INFO     | SourceEngine | REQUEST : AVGO
2026-07-01 22:38:37,679 | WARNING  | HealthManager | Provider MASSIVE is unhealthy.
2026-07-01 22:38:37,680 | WARNING  | SourceEngine | MASSIVE OFFLINE
2026-07-01 22:38:38,146 | ERROR    | StatisticsManager | FINNHUB failed after 0.2269s
2026-07-01 22:38:38,146 | WARNING  | SourceEngine | FINNHUB : EMPTY_DATA
2026-07-01 22:38:38,366 | WARNING  | HealthManager | Provider FMP is unhealthy.
2026-07-01 22:38:38,368 | WARNING  | SourceEngine | FMP OFFLINE
2026-07-01 22:38:39,990 | WARNING  | HealthManager | Provider ALPHA_VANTAGE is unhealthy.
2026-07-01 22:38:39,991 | WARNING  | SourceEngine | ALPHA_VANTAGE OFFLINE
2026-07-01 22:38:39,992 | CRITICAL | SourceEngine | ALL PROVIDERS FAILED : AVGO
2026-07-01 22:38:39,994 | INFO     | SourceEngine | REQUEST : AVGO
2026-07-01 22:38:40,206 | WARNING  | HealthManager | Provider MASSIVE is unhealthy.
2026-07-01 22:38:40,207 | WARNING  | SourceEngine | MASSIVE OFFLINE
2026-07-01 22:38:40,697 | ERROR    | StatisticsManager | FINNHUB failed after 0.2405s
2026-07-01 22:38:40,698 | WARNING  | SourceEngine | FINNHUB : EMPTY_DATA
2026-07-01 22:38:40,915 | WARNING  | HealthManager | Provider FMP is unhealthy.
2026-07-01 22:38:40,916 | WARNING  | SourceEngine | FMP OFFLINE
2026-07-01 22:38:41,189 | WARNING  | HealthManager | Provider ALPHA_VANTAGE is unhealthy.
2026-07-01 22:38:41,190 | WARNING  | SourceEngine | ALPHA_VANTAGE OFFLINE
2026-07-01 22:38:41,191 | CRITICAL | SourceEngine | ALL PROVIDERS FAILED : AVGO
2026-07-01 22:38:41,192 | INFO     | SourceEngine | REQUEST : AVGO
2026-07-01 22:38:41,450 | WARNING  | HealthManager | Provider MASSIVE is unhealthy.
2026-07-01 22:38:41,451 | WARNING  | SourceEngine | MASSIVE OFFLINE
2026-07-01 22:38:41,921 | ERROR    | StatisticsManager | FINNHUB failed after 0.2333s
2026-07-01 22:38:41,922 | WARNING  | SourceEngine | FINNHUB : EMPTY_DATA
2026-07-01 22:38:42,133 | WARNING  | HealthManager | Provider FMP is unhealthy.
2026-07-01 22:38:42,134 | WARNING  | SourceEngine | FMP OFFLINE
2026-07-01 22:38:45,466 | WARNING  | HealthManager | Provider ALPHA_VANTAGE is unhealthy.
2026-07-01 22:38:45,466 | WARNING  | SourceEngine | ALPHA_VANTAGE OFFLINE
2026-07-01 22:38:45,467 | CRITICAL | SourceEngine | ALL PROVIDERS FAILED : AVGO
2026-07-01 22:38:45,467 | INFO     | SourceEngine | REQUEST : TSLA
2026-07-01 22:38:45,671 | WARNING  | HealthManager | Provider MASSIVE is unhealthy.
2026-07-01 22:38:45,672 | WARNING  | SourceEngine | MASSIVE OFFLINE
2026-07-01 22:38:46,318 | ERROR    | StatisticsManager | FINNHUB failed after 0.2213s
2026-07-01 22:38:46,319 | WARNING  | SourceEngine | FINNHUB : EMPTY_DATA
2026-07-01 22:38:46,542 | WARNING  | HealthManager | Provider FMP is unhealthy.
2026-07-01 22:38:46,543 | WARNING  | SourceEngine | FMP OFFLINE
2026-07-01 22:38:46,902 | WARNING  | HealthManager | Provider ALPHA_VANTAGE is unhealthy.
2026-07-01 22:38:46,903 | WARNING  | SourceEngine | ALPHA_VANTAGE OFFLINE
2026-07-01 22:38:46,904 | CRITICAL | SourceEngine | ALL PROVIDERS FAILED : TSLA
2026-07-01 22:38:46,906 | INFO     | SourceEngine | REQUEST : TSLA
2026-07-01 22:38:47,115 | WARNING  | HealthManager | Provider MASSIVE is unhealthy.
2026-07-01 22:38:47,115 | WARNING  | SourceEngine | MASSIVE OFFLINE
2026-07-01 22:38:47,713 | ERROR    | StatisticsManager | FINNHUB failed after 0.3744s
2026-07-01 22:38:47,713 | WARNING  | SourceEngine | FINNHUB : EMPTY_DATA
2026-07-01 22:38:47,949 | WARNING  | HealthManager | Provider FMP is unhealthy.
2026-07-01 22:38:47,950 | WARNING  | SourceEngine | FMP OFFLINE
2026-07-01 22:38:48,168 | WARNING  | HealthManager | Provider ALPHA_VANTAGE is unhealthy.
2026-07-01 22:38:48,170 | WARNING  | SourceEngine | ALPHA_VANTAGE OFFLINE
2026-07-01 22:38:48,172 | CRITICAL | SourceEngine | ALL PROVIDERS FAILED : TSLA
2026-07-01 22:38:48,174 | INFO     | SourceEngine | REQUEST : TSLA
2026-07-01 22:38:48,383 | WARNING  | HealthManager | Provider MASSIVE is unhealthy.
2026-07-01 22:38:48,384 | WARNING  | SourceEngine | MASSIVE OFFLINE
2026-07-01 22:38:48,870 | ERROR    | StatisticsManager | FINNHUB failed after 0.2331s
2026-07-01 22:38:48,871 | WARNING  | SourceEngine | FINNHUB : EMPTY_DATA
2026-07-01 22:38:49,081 | WARNING  | HealthManager | Provider FMP is unhealthy.
2026-07-01 22:38:49,082 | WARNING  | SourceEngine | FMP OFFLINE
2026-07-01 22:38:49,322 | WARNING  | HealthManager | Provider ALPHA_VANTAGE is unhealthy.
2026-07-01 22:38:49,323 | WARNING  | SourceEngine | ALPHA_VANTAGE OFFLINE
2026-07-01 22:38:49,323 | CRITICAL | SourceEngine | ALL PROVIDERS FAILED : TSLA
2026-07-01 22:38:49,324 | INFO     | SourceEngine | REQUEST : NFLX
2026-07-01 22:38:49,536 | WARNING  | HealthManager | Provider MASSIVE is unhealthy.
2026-07-01 22:38:49,537 | WARNING  | SourceEngine | MASSIVE OFFLINE
2026-07-01 22:38:49,989 | ERROR    | StatisticsManager | FINNHUB failed after 0.2309s
2026-07-01 22:38:49,992 | WARNING  | SourceEngine | FINNHUB : EMPTY_DATA
2026-07-01 22:38:50,210 | WARNING  | HealthManager | Provider FMP is unhealthy.
2026-07-01 22:38:50,211 | WARNING  | SourceEngine | FMP OFFLINE
2026-07-01 22:38:50,450 | WARNING  | HealthManager | Provider ALPHA_VANTAGE is unhealthy.
2026-07-01 22:38:50,451 | WARNING  | SourceEngine | ALPHA_VANTAGE OFFLINE
2026-07-01 22:38:50,452 | CRITICAL | SourceEngine | ALL PROVIDERS FAILED : NFLX
2026-07-01 22:38:50,453 | INFO     | SourceEngine | REQUEST : NFLX
2026-07-01 22:38:50,664 | WARNING  | HealthManager | Provider MASSIVE is unhealthy.
2026-07-01 22:38:50,665 | WARNING  | SourceEngine | MASSIVE OFFLINE
2026-07-01 22:38:51,111 | ERROR    | StatisticsManager | FINNHUB failed after 0.2149s
2026-07-01 22:38:51,111 | WARNING  | SourceEngine | FINNHUB : EMPTY_DATA
2026-07-01 22:38:51,329 | WARNING  | HealthManager | Provider FMP is unhealthy.
2026-07-01 22:38:51,330 | WARNING  | SourceEngine | FMP OFFLINE
2026-07-01 22:38:51,549 | WARNING  | HealthManager | Provider ALPHA_VANTAGE is unhealthy.
2026-07-01 22:38:51,550 | WARNING  | SourceEngine | ALPHA_VANTAGE OFFLINE
2026-07-01 22:38:51,551 | CRITICAL | SourceEngine | ALL PROVIDERS FAILED : NFLX
2026-07-01 22:38:51,552 | INFO     | SourceEngine | REQUEST : NFLX
2026-07-01 22:38:51,777 | WARNING  | HealthManager | Provider MASSIVE is unhealthy.
2026-07-01 22:38:51,778 | WARNING  | SourceEngine | MASSIVE OFFLINE
2026-07-01 22:38:52,239 | ERROR    | StatisticsManager | FINNHUB failed after 0.2248s
2026-07-01 22:38:52,240 | WARNING  | SourceEngine | FINNHUB : EMPTY_DATA
2026-07-01 22:38:52,462 | WARNING  | HealthManager | Provider FMP is unhealthy.
2026-07-01 22:38:52,463 | WARNING  | SourceEngine | FMP OFFLINE
2026-07-01 22:38:53,123 | WARNING  | HealthManager | Provider ALPHA_VANTAGE is unhealthy.
2026-07-01 22:38:53,124 | WARNING  | SourceEngine | ALPHA_VANTAGE OFFLINE
2026-07-01 22:38:53,125 | CRITICAL | SourceEngine | ALL PROVIDERS FAILED : NFLX
2026-07-01 22:38:53,126 | INFO     | SourceEngine | REQUEST : AMD
2026-07-01 22:38:53,331 | WARNING  | HealthManager | Provider MASSIVE is unhealthy.
2026-07-01 22:38:53,332 | WARNING  | SourceEngine | MASSIVE OFFLINE
2026-07-01 22:38:53,985 | ERROR    | StatisticsManager | FINNHUB failed after 0.4207s
2026-07-01 22:38:53,987 | WARNING  | SourceEngine | FINNHUB : EMPTY_DATA
2026-07-01 22:38:54,210 | WARNING  | HealthManager | Provider FMP is unhealthy.
2026-07-01 22:38:54,211 | WARNING  | SourceEngine | FMP OFFLINE
2026-07-01 22:38:54,442 | WARNING  | HealthManager | Provider ALPHA_VANTAGE is unhealthy.
2026-07-01 22:38:54,443 | WARNING  | SourceEngine | ALPHA_VANTAGE OFFLINE
2026-07-01 22:38:54,443 | CRITICAL | SourceEngine | ALL PROVIDERS FAILED : AMD
2026-07-01 22:38:54,445 | INFO     | SourceEngine | REQUEST : AMD
2026-07-01 22:38:54,660 | WARNING  | HealthManager | Provider MASSIVE is unhealthy.
2026-07-01 22:38:54,661 | WARNING  | SourceEngine | MASSIVE OFFLINE
2026-07-01 22:38:55,120 | ERROR    | StatisticsManager | FINNHUB failed after 0.2396s
2026-07-01 22:38:55,121 | WARNING  | SourceEngine | FINNHUB : EMPTY_DATA
2026-07-01 22:38:55,350 | WARNING  | HealthManager | Provider FMP is unhealthy.
2026-07-01 22:38:55,351 | WARNING  | SourceEngine | FMP OFFLINE
2026-07-01 22:38:55,743 | WARNING  | HealthManager | Provider ALPHA_VANTAGE is unhealthy.
2026-07-01 22:38:55,744 | WARNING  | SourceEngine | ALPHA_VANTAGE OFFLINE
2026-07-01 22:38:55,745 | CRITICAL | SourceEngine | ALL PROVIDERS FAILED : AMD
2026-07-01 22:38:55,746 | INFO     | SourceEngine | REQUEST : AMD
2026-07-01 22:38:55,956 | WARNING  | HealthManager | Provider MASSIVE is unhealthy.
2026-07-01 22:38:55,957 | WARNING  | SourceEngine | MASSIVE OFFLINE
2026-07-01 22:38:56,429 | ERROR    | StatisticsManager | FINNHUB failed after 0.2248s
2026-07-01 22:38:56,430 | WARNING  | SourceEngine | FINNHUB : EMPTY_DATA
2026-07-01 22:38:56,661 | WARNING  | HealthManager | Provider FMP is unhealthy.
2026-07-01 22:38:56,662 | WARNING  | SourceEngine | FMP OFFLINE
2026-07-01 22:38:56,887 | WARNING  | HealthManager | Provider ALPHA_VANTAGE is unhealthy.
2026-07-01 22:38:56,887 | WARNING  | SourceEngine | ALPHA_VANTAGE OFFLINE
2026-07-01 22:38:56,888 | CRITICAL | SourceEngine | ALL PROVIDERS FAILED : AMD
2026-07-01 22:38:56,888 | INFO     | SourceEngine | REQUEST : CRWD
2026-07-01 22:38:57,086 | WARNING  | HealthManager | Provider MASSIVE is unhealthy.
2026-07-01 22:38:57,087 | WARNING  | SourceEngine | MASSIVE OFFLINE
2026-07-01 22:38:57,526 | ERROR    | StatisticsManager | FINNHUB failed after 0.2257s
2026-07-01 22:38:57,527 | WARNING  | SourceEngine | FINNHUB : EMPTY_DATA
2026-07-01 22:38:57,742 | WARNING  | HealthManager | Provider FMP is unhealthy.
2026-07-01 22:38:57,744 | WARNING  | SourceEngine | FMP OFFLINE
2026-07-01 22:38:58,031 | WARNING  | HealthManager | Provider ALPHA_VANTAGE is unhealthy.
2026-07-01 22:38:58,032 | WARNING  | SourceEngine | ALPHA_VANTAGE OFFLINE
2026-07-01 22:38:58,033 | CRITICAL | SourceEngine | ALL PROVIDERS FAILED : CRWD
2026-07-01 22:38:58,034 | INFO     | SourceEngine | REQUEST : CRWD
2026-07-01 22:38:58,249 | WARNING  | HealthManager | Provider MASSIVE is unhealthy.
2026-07-01 22:38:58,250 | WARNING  | SourceEngine | MASSIVE OFFLINE
2026-07-01 22:38:58,720 | ERROR    | StatisticsManager | FINNHUB failed after 0.2328s
2026-07-01 22:38:58,721 | WARNING  | SourceEngine | FINNHUB : EMPTY_DATA
2026-07-01 22:38:58,943 | WARNING  | HealthManager | Provider FMP is unhealthy.
2026-07-01 22:38:58,943 | WARNING  | SourceEngine | FMP OFFLINE
2026-07-01 22:38:59,171 | WARNING  | HealthManager | Provider ALPHA_VANTAGE is unhealthy.
2026-07-01 22:38:59,171 | WARNING  | SourceEngine | ALPHA_VANTAGE OFFLINE
2026-07-01 22:38:59,172 | CRITICAL | SourceEngine | ALL PROVIDERS FAILED : CRWD
2026-07-01 22:38:59,174 | INFO     | SourceEngine | REQUEST : CRWD
2026-07-01 22:38:59,381 | WARNING  | HealthManager | Provider MASSIVE is unhealthy.
2026-07-01 22:38:59,383 | WARNING  | SourceEngine | MASSIVE OFFLINE
2026-07-01 22:38:59,866 | ERROR    | StatisticsManager | FINNHUB failed after 0.2545s
2026-07-01 22:38:59,867 | WARNING  | SourceEngine | FINNHUB : EMPTY_DATA
2026-07-01 22:39:00,195 | WARNING  | HealthManager | Provider FMP is unhealthy.
2026-07-01 22:39:00,196 | WARNING  | SourceEngine | FMP OFFLINE
2026-07-01 22:39:00,435 | WARNING  | HealthManager | Provider ALPHA_VANTAGE is unhealthy.
2026-07-01 22:39:00,436 | WARNING  | SourceEngine | ALPHA_VANTAGE OFFLINE
2026-07-01 22:39:00,437 | CRITICAL | SourceEngine | ALL PROVIDERS FAILED : CRWD
2026-07-01 22:39:00,438 | INFO     | SourceEngine | REQUEST : PLTR
2026-07-01 22:39:00,654 | WARNING  | HealthManager | Provider MASSIVE is unhealthy.
2026-07-01 22:39:00,656 | WARNING  | SourceEngine | MASSIVE OFFLINE
2026-07-01 22:39:01,146 | ERROR    | StatisticsManager | FINNHUB failed after 0.2515s
2026-07-01 22:39:01,147 | WARNING  | SourceEngine | FINNHUB : EMPTY_DATA
2026-07-01 22:39:01,380 | WARNING  | HealthManager | Provider FMP is unhealthy.
2026-07-01 22:39:01,381 | WARNING  | SourceEngine | FMP OFFLINE
2026-07-01 22:39:02,661 | WARNING  | HealthManager | Provider ALPHA_VANTAGE is unhealthy.
2026-07-01 22:39:02,661 | WARNING  | SourceEngine | ALPHA_VANTAGE OFFLINE
2026-07-01 22:39:02,662 | CRITICAL | SourceEngine | ALL PROVIDERS FAILED : PLTR
2026-07-01 22:39:02,663 | INFO     | SourceEngine | REQUEST : PLTR
2026-07-01 22:39:02,865 | WARNING  | HealthManager | Provider MASSIVE is unhealthy.
2026-07-01 22:39:02,866 | WARNING  | SourceEngine | MASSIVE OFFLINE
2026-07-01 22:39:03,536 | ERROR    | StatisticsManager | FINNHUB failed after 0.2215s
2026-07-01 22:39:03,536 | WARNING  | SourceEngine | FINNHUB : EMPTY_DATA
2026-07-01 22:39:03,747 | WARNING  | HealthManager | Provider FMP is unhealthy.
2026-07-01 22:39:03,748 | WARNING  | SourceEngine | FMP OFFLINE
2026-07-01 22:39:04,104 | WARNING  | HealthManager | Provider ALPHA_VANTAGE is unhealthy.
2026-07-01 22:39:04,105 | WARNING  | SourceEngine | ALPHA_VANTAGE OFFLINE
2026-07-01 22:39:04,106 | CRITICAL | SourceEngine | ALL PROVIDERS FAILED : PLTR
2026-07-01 22:39:04,107 | INFO     | SourceEngine | REQUEST : PLTR
2026-07-01 22:39:04,316 | WARNING  | HealthManager | Provider MASSIVE is unhealthy.
2026-07-01 22:39:04,316 | WARNING  | SourceEngine | MASSIVE OFFLINE
2026-07-01 22:39:04,765 | ERROR    | StatisticsManager | FINNHUB failed after 0.2308s
2026-07-01 22:39:04,767 | WARNING  | SourceEngine | FINNHUB : EMPTY_DATA
2026-07-01 22:39:04,980 | WARNING  | HealthManager | Provider FMP is unhealthy.
2026-07-01 22:39:04,980 | WARNING  | SourceEngine | FMP OFFLINE
2026-07-01 22:39:10,470 | WARNING  | HealthManager | Provider ALPHA_VANTAGE is unhealthy.
2026-07-01 22:39:10,471 | WARNING  | SourceEngine | ALPHA_VANTAGE OFFLINE
2026-07-01 22:39:10,471 | CRITICAL | SourceEngine | ALL PROVIDERS FAILED : PLTR
2026-07-01 22:39:10,474 | INFO     | SourceEngine | REQUEST : COST
2026-07-01 22:39:10,678 | WARNING  | HealthManager | Provider MASSIVE is unhealthy.
2026-07-01 22:39:10,679 | WARNING  | SourceEngine | MASSIVE OFFLINE
2026-07-01 22:39:11,134 | ERROR    | StatisticsManager | FINNHUB failed after 0.2361s
2026-07-01 22:39:11,135 | WARNING  | SourceEngine | FINNHUB : EMPTY_DATA
2026-07-01 22:39:11,370 | WARNING  | HealthManager | Provider FMP is unhealthy.
2026-07-01 22:39:11,372 | WARNING  | SourceEngine | FMP OFFLINE
2026-07-01 22:39:12,692 | WARNING  | HealthManager | Provider ALPHA_VANTAGE is unhealthy.
2026-07-01 22:39:12,693 | WARNING  | SourceEngine | ALPHA_VANTAGE OFFLINE
2026-07-01 22:39:12,693 | CRITICAL | SourceEngine | ALL PROVIDERS FAILED : COST
2026-07-01 22:39:12,695 | INFO     | SourceEngine | REQUEST : COST
2026-07-01 22:39:12,911 | WARNING  | HealthManager | Provider MASSIVE is unhealthy.
2026-07-01 22:39:12,912 | WARNING  | SourceEngine | MASSIVE OFFLINE
2026-07-01 22:39:13,365 | ERROR    | StatisticsManager | FINNHUB failed after 0.2256s
2026-07-01 22:39:13,365 | WARNING  | SourceEngine | FINNHUB : EMPTY_DATA
2026-07-01 22:39:13,570 | WARNING  | HealthManager | Provider FMP is unhealthy.
2026-07-01 22:39:13,570 | WARNING  | SourceEngine | FMP OFFLINE
2026-07-01 22:39:13,812 | WARNING  | HealthManager | Provider ALPHA_VANTAGE is unhealthy.
2026-07-01 22:39:13,873 | WARNING  | SourceEngine | ALPHA_VANTAGE OFFLINE
2026-07-01 22:39:13,978 | CRITICAL | SourceEngine | ALL PROVIDERS FAILED : COST
2026-07-01 22:39:14,202 | INFO     | SourceEngine | REQUEST : COST
2026-07-01 22:39:14,489 | WARNING  | HealthManager | Provider MASSIVE is unhealthy.
2026-07-01 22:39:14,489 | WARNING  | SourceEngine | MASSIVE OFFLINE
2026-07-01 22:39:14,966 | ERROR    | StatisticsManager | FINNHUB failed after 0.2358s
2026-07-01 22:39:14,966 | WARNING  | SourceEngine | FINNHUB : EMPTY_DATA
2026-07-01 22:39:15,176 | WARNING  | HealthManager | Provider FMP is unhealthy.
2026-07-01 22:39:15,176 | WARNING  | SourceEngine | FMP OFFLINE
2026-07-01 22:39:22,489 | WARNING  | HealthManager | Provider ALPHA_VANTAGE is unhealthy.
2026-07-01 22:39:22,489 | WARNING  | SourceEngine | ALPHA_VANTAGE OFFLINE
2026-07-01 22:39:22,490 | CRITICAL | SourceEngine | ALL PROVIDERS FAILED : COST
2026-07-01 22:39:22,494 | INFO     | SourceEngine | REQUEST : SHOP
2026-07-01 22:39:22,703 | WARNING  | HealthManager | Provider MASSIVE is unhealthy.
2026-07-01 22:39:22,704 | WARNING  | SourceEngine | MASSIVE OFFLINE
2026-07-01 22:39:23,144 | ERROR    | StatisticsManager | FINNHUB failed after 0.2155s
2026-07-01 22:39:23,145 | WARNING  | SourceEngine | FINNHUB : EMPTY_DATA
2026-07-01 22:39:23,362 | WARNING  | HealthManager | Provider FMP is unhealthy.
2026-07-01 22:39:23,362 | WARNING  | SourceEngine | FMP OFFLINE
2026-07-01 22:39:23,818 | WARNING  | HealthManager | Provider ALPHA_VANTAGE is unhealthy.
2026-07-01 22:39:23,819 | WARNING  | SourceEngine | ALPHA_VANTAGE OFFLINE
2026-07-01 22:39:23,819 | CRITICAL | SourceEngine | ALL PROVIDERS FAILED : SHOP
2026-07-01 22:39:23,819 | INFO     | SourceEngine | REQUEST : SHOP
2026-07-01 22:39:24,014 | WARNING  | HealthManager | Provider MASSIVE is unhealthy.
2026-07-01 22:39:24,014 | WARNING  | SourceEngine | MASSIVE OFFLINE
2026-07-01 22:39:24,488 | ERROR    | StatisticsManager | FINNHUB failed after 0.2264s
2026-07-01 22:39:24,489 | WARNING  | SourceEngine | FINNHUB : EMPTY_DATA
2026-07-01 22:39:24,692 | WARNING  | HealthManager | Provider FMP is unhealthy.
2026-07-01 22:39:24,692 | WARNING  | SourceEngine | FMP OFFLINE
2026-07-01 22:39:26,149 | WARNING  | HealthManager | Provider ALPHA_VANTAGE is unhealthy.
2026-07-01 22:39:26,149 | WARNING  | SourceEngine | ALPHA_VANTAGE OFFLINE
2026-07-01 22:39:26,149 | CRITICAL | SourceEngine | ALL PROVIDERS FAILED : SHOP
2026-07-01 22:39:26,149 | INFO     | SourceEngine | REQUEST : SHOP
2026-07-01 22:39:26,357 | WARNING  | HealthManager | Provider MASSIVE is unhealthy.
2026-07-01 22:39:26,358 | WARNING  | SourceEngine | MASSIVE OFFLINE
2026-07-01 22:39:26,816 | ERROR    | StatisticsManager | FINNHUB failed after 0.2166s
2026-07-01 22:39:26,817 | WARNING  | SourceEngine | FINNHUB : EMPTY_DATA
2026-07-01 22:39:27,029 | WARNING  | HealthManager | Provider FMP is unhealthy.
2026-07-01 22:39:27,030 | WARNING  | SourceEngine | FMP OFFLINE
2026-07-01 22:39:27,273 | WARNING  | HealthManager | Provider ALPHA_VANTAGE is unhealthy.
2026-07-01 22:39:27,274 | WARNING  | SourceEngine | ALPHA_VANTAGE OFFLINE
2026-07-01 22:39:27,274 | CRITICAL | SourceEngine | ALL PROVIDERS FAILED : SHOP
2026-07-01 22:39:27,275 | INFO     | SourceEngine | REQUEST : COIN
2026-07-01 22:39:27,488 | WARNING  | HealthManager | Provider MASSIVE is unhealthy.
2026-07-01 22:39:27,490 | WARNING  | SourceEngine | MASSIVE OFFLINE
2026-07-01 22:39:27,949 | ERROR    | StatisticsManager | FINNHUB failed after 0.2312s
2026-07-01 22:39:27,951 | WARNING  | SourceEngine | FINNHUB : EMPTY_DATA
2026-07-01 22:39:28,300 | WARNING  | HealthManager | Provider FMP is unhealthy.
2026-07-01 22:39:28,301 | WARNING  | SourceEngine | FMP OFFLINE
2026-07-01 22:39:29,905 | WARNING  | HealthManager | Provider ALPHA_VANTAGE is unhealthy.
2026-07-01 22:39:29,906 | WARNING  | SourceEngine | ALPHA_VANTAGE OFFLINE
2026-07-01 22:39:29,907 | CRITICAL | SourceEngine | ALL PROVIDERS FAILED : COIN
2026-07-01 22:39:29,908 | INFO     | SourceEngine | REQUEST : COIN
2026-07-01 22:39:30,112 | WARNING  | HealthManager | Provider MASSIVE is unhealthy.
2026-07-01 22:39:30,113 | WARNING  | SourceEngine | MASSIVE OFFLINE
2026-07-01 22:39:30,588 | ERROR    | StatisticsManager | FINNHUB failed after 0.2347s
2026-07-01 22:39:30,589 | WARNING  | SourceEngine | FINNHUB : EMPTY_DATA
2026-07-01 22:39:30,805 | WARNING  | HealthManager | Provider FMP is unhealthy.
2026-07-01 22:39:30,805 | WARNING  | SourceEngine | FMP OFFLINE
2026-07-01 22:39:33,090 | WARNING  | HealthManager | Provider ALPHA_VANTAGE is unhealthy.
2026-07-01 22:39:33,091 | WARNING  | SourceEngine | ALPHA_VANTAGE OFFLINE
2026-07-01 22:39:33,091 | CRITICAL | SourceEngine | ALL PROVIDERS FAILED : COIN
2026-07-01 22:39:33,092 | INFO     | SourceEngine | REQUEST : COIN
2026-07-01 22:39:33,322 | WARNING  | HealthManager | Provider MASSIVE is unhealthy.
2026-07-01 22:39:33,322 | WARNING  | SourceEngine | MASSIVE OFFLINE
2026-07-01 22:39:33,793 | ERROR    | StatisticsManager | FINNHUB failed after 0.2327s
2026-07-01 22:39:33,794 | WARNING  | SourceEngine | FINNHUB : EMPTY_DATA
2026-07-01 22:39:34,006 | WARNING  | HealthManager | Provider FMP is unhealthy.
2026-07-01 22:39:34,006 | WARNING  | SourceEngine | FMP OFFLINE
2026-07-01 22:39:36,069 | WARNING  | HealthManager | Provider ALPHA_VANTAGE is unhealthy.
2026-07-01 22:39:36,070 | WARNING  | SourceEngine | ALPHA_VANTAGE OFFLINE
2026-07-01 22:39:36,071 | CRITICAL | SourceEngine | ALL PROVIDERS FAILED : COIN
2026-07-01 22:39:36,072 | INFO     | SourceEngine | REQUEST : BABA
2026-07-01 22:39:36,285 | WARNING  | HealthManager | Provider MASSIVE is unhealthy.
2026-07-01 22:39:36,286 | WARNING  | SourceEngine | MASSIVE OFFLINE
2026-07-01 22:39:36,751 | ERROR    | StatisticsManager | FINNHUB failed after 0.2212s
2026-07-01 22:39:36,751 | WARNING  | SourceEngine | FINNHUB : EMPTY_DATA
2026-07-01 22:39:36,964 | WARNING  | HealthManager | Provider FMP is unhealthy.
2026-07-01 22:39:36,965 | WARNING  | SourceEngine | FMP OFFLINE
2026-07-01 22:39:39,269 | WARNING  | HealthManager | Provider ALPHA_VANTAGE is unhealthy.
2026-07-01 22:39:39,271 | WARNING  | SourceEngine | ALPHA_VANTAGE OFFLINE
2026-07-01 22:39:39,273 | CRITICAL | SourceEngine | ALL PROVIDERS FAILED : BABA
2026-07-01 22:39:39,286 | INFO     | SourceEngine | REQUEST : BABA
2026-07-01 22:39:39,489 | WARNING  | HealthManager | Provider MASSIVE is unhealthy.
2026-07-01 22:39:39,489 | WARNING  | SourceEngine | MASSIVE OFFLINE
2026-07-01 22:39:40,084 | ERROR    | StatisticsManager | FINNHUB failed after 0.2313s
2026-07-01 22:39:40,086 | WARNING  | SourceEngine | FINNHUB : EMPTY_DATA
2026-07-01 22:39:40,571 | WARNING  | HealthManager | Provider FMP is unhealthy.
2026-07-01 22:39:40,572 | WARNING  | SourceEngine | FMP OFFLINE
2026-07-01 22:39:41,392 | WARNING  | HealthManager | Provider ALPHA_VANTAGE is unhealthy.
2026-07-01 22:39:41,392 | WARNING  | SourceEngine | ALPHA_VANTAGE OFFLINE
2026-07-01 22:39:41,393 | CRITICAL | SourceEngine | ALL PROVIDERS FAILED : BABA
2026-07-01 22:39:41,395 | INFO     | SourceEngine | REQUEST : BABA
2026-07-01 22:39:41,605 | WARNING  | HealthManager | Provider MASSIVE is unhealthy.
2026-07-01 22:39:41,606 | WARNING  | SourceEngine | MASSIVE OFFLINE
2026-07-01 22:39:42,150 | ERROR    | StatisticsManager | FINNHUB failed after 0.2545s
2026-07-01 22:39:42,150 | WARNING  | SourceEngine | FINNHUB : EMPTY_DATA
2026-07-01 22:39:42,359 | WARNING  | HealthManager | Provider FMP is unhealthy.
2026-07-01 22:39:42,359 | WARNING  | SourceEngine | FMP OFFLINE
2026-07-01 22:39:42,571 | WARNING  | HealthManager | Provider ALPHA_VANTAGE is unhealthy.
2026-07-01 22:39:42,572 | WARNING  | SourceEngine | ALPHA_VANTAGE OFFLINE
2026-07-01 22:39:42,573 | CRITICAL | SourceEngine | ALL PROVIDERS FAILED : BABA
2026-07-01 22:39:42,574 | INFO     | SourceEngine | REQUEST : ARM
2026-07-01 22:39:42,781 | WARNING  | HealthManager | Provider MASSIVE is unhealthy.
2026-07-01 22:39:42,781 | WARNING  | SourceEngine | MASSIVE OFFLINE
2026-07-01 22:39:43,243 | ERROR    | StatisticsManager | FINNHUB failed after 0.2345s
2026-07-01 22:39:43,243 | WARNING  | SourceEngine | FINNHUB : EMPTY_DATA
2026-07-01 22:39:43,461 | WARNING  | HealthManager | Provider FMP is unhealthy.
2026-07-01 22:39:43,462 | WARNING  | SourceEngine | FMP OFFLINE
2026-07-01 22:39:43,676 | WARNING  | HealthManager | Provider ALPHA_VANTAGE is unhealthy.
2026-07-01 22:39:43,676 | WARNING  | SourceEngine | ALPHA_VANTAGE OFFLINE
2026-07-01 22:39:43,676 | CRITICAL | SourceEngine | ALL PROVIDERS FAILED : ARM
2026-07-01 22:39:43,677 | INFO     | SourceEngine | REQUEST : ARM
2026-07-01 22:39:43,874 | WARNING  | HealthManager | Provider MASSIVE is unhealthy.
2026-07-01 22:39:43,874 | WARNING  | SourceEngine | MASSIVE OFFLINE
2026-07-01 22:39:44,335 | ERROR    | StatisticsManager | FINNHUB failed after 0.2319s
2026-07-01 22:39:44,336 | WARNING  | SourceEngine | FINNHUB : EMPTY_DATA
2026-07-01 22:39:44,549 | WARNING  | HealthManager | Provider FMP is unhealthy.
2026-07-01 22:39:44,551 | WARNING  | SourceEngine | FMP OFFLINE
2026-07-01 22:39:44,870 | WARNING  | HealthManager | Provider ALPHA_VANTAGE is unhealthy.
2026-07-01 22:39:44,871 | WARNING  | SourceEngine | ALPHA_VANTAGE OFFLINE
2026-07-01 22:39:44,871 | CRITICAL | SourceEngine | ALL PROVIDERS FAILED : ARM
2026-07-01 22:39:44,872 | INFO     | SourceEngine | REQUEST : ARM
2026-07-01 22:39:45,101 | WARNING  | HealthManager | Provider MASSIVE is unhealthy.
2026-07-01 22:39:45,103 | WARNING  | SourceEngine | MASSIVE OFFLINE
2026-07-01 22:39:45,564 | ERROR    | StatisticsManager | FINNHUB failed after 0.2264s
2026-07-01 22:39:45,565 | WARNING  | SourceEngine | FINNHUB : EMPTY_DATA
2026-07-01 22:39:45,786 | WARNING  | HealthManager | Provider FMP is unhealthy.
2026-07-01 22:39:45,786 | WARNING  | SourceEngine | FMP OFFLINE
2026-07-01 22:39:47,738 | WARNING  | HealthManager | Provider ALPHA_VANTAGE is unhealthy.
2026-07-01 22:39:47,739 | WARNING  | SourceEngine | ALPHA_VANTAGE OFFLINE
2026-07-01 22:39:47,740 | CRITICAL | SourceEngine | ALL PROVIDERS FAILED : ARM
2026-07-01 22:39:47,741 | INFO     | SourceEngine | REQUEST : PANW
2026-07-01 22:39:47,950 | WARNING  | HealthManager | Provider MASSIVE is unhealthy.
2026-07-01 22:39:47,951 | WARNING  | SourceEngine | MASSIVE OFFLINE
2026-07-01 22:39:48,417 | ERROR    | StatisticsManager | FINNHUB failed after 0.2240s
2026-07-01 22:39:48,419 | WARNING  | SourceEngine | FINNHUB : EMPTY_DATA
2026-07-01 22:39:48,656 | WARNING  | HealthManager | Provider FMP is unhealthy.
2026-07-01 22:39:48,657 | WARNING  | SourceEngine | FMP OFFLINE
2026-07-01 22:39:49,380 | WARNING  | HealthManager | Provider ALPHA_VANTAGE is unhealthy.
2026-07-01 22:39:49,381 | WARNING  | SourceEngine | ALPHA_VANTAGE OFFLINE
2026-07-01 22:39:49,382 | CRITICAL | SourceEngine | ALL PROVIDERS FAILED : PANW
2026-07-01 22:39:49,384 | INFO     | SourceEngine | REQUEST : PANW
2026-07-01 22:39:49,580 | WARNING  | HealthManager | Provider MASSIVE is unhealthy.
2026-07-01 22:39:49,581 | WARNING  | SourceEngine | MASSIVE OFFLINE
2026-07-01 22:39:50,115 | ERROR    | StatisticsManager | FINNHUB failed after 0.2960s
2026-07-01 22:39:50,116 | WARNING  | SourceEngine | FINNHUB : EMPTY_DATA
2026-07-01 22:39:50,323 | WARNING  | HealthManager | Provider FMP is unhealthy.
2026-07-01 22:39:50,323 | WARNING  | SourceEngine | FMP OFFLINE
2026-07-01 22:39:50,759 | WARNING  | HealthManager | Provider ALPHA_VANTAGE is unhealthy.
2026-07-01 22:39:50,760 | WARNING  | SourceEngine | ALPHA_VANTAGE OFFLINE
2026-07-01 22:39:50,761 | CRITICAL | SourceEngine | ALL PROVIDERS FAILED : PANW
2026-07-01 22:39:50,763 | INFO     | SourceEngine | REQUEST : PANW
2026-07-01 22:39:50,965 | WARNING  | HealthManager | Provider MASSIVE is unhealthy.
2026-07-01 22:39:50,966 | WARNING  | SourceEngine | MASSIVE OFFLINE
2026-07-01 22:39:51,440 | ERROR    | StatisticsManager | FINNHUB failed after 0.2315s
2026-07-01 22:39:51,441 | WARNING  | SourceEngine | FINNHUB : EMPTY_DATA
2026-07-01 22:39:51,661 | WARNING  | HealthManager | Provider FMP is unhealthy.
2026-07-01 22:39:51,662 | WARNING  | SourceEngine | FMP OFFLINE
2026-07-01 22:39:51,885 | WARNING  | HealthManager | Provider ALPHA_VANTAGE is unhealthy.
2026-07-01 22:39:51,885 | WARNING  | SourceEngine | ALPHA_VANTAGE OFFLINE
2026-07-01 22:39:51,886 | CRITICAL | SourceEngine | ALL PROVIDERS FAILED : PANW
2026-07-01 22:39:51,887 | INFO     | SourceEngine | REQUEST : MU
2026-07-01 22:39:52,100 | WARNING  | HealthManager | Provider MASSIVE is unhealthy.
2026-07-01 22:39:52,101 | WARNING  | SourceEngine | MASSIVE OFFLINE
2026-07-01 22:39:52,565 | ERROR    | StatisticsManager | FINNHUB failed after 0.2287s
2026-07-01 22:39:52,566 | WARNING  | SourceEngine | FINNHUB : EMPTY_DATA
2026-07-01 22:39:52,787 | WARNING  | HealthManager | Provider FMP is unhealthy.
2026-07-01 22:39:52,788 | WARNING  | SourceEngine | FMP OFFLINE
2026-07-01 22:39:53,013 | WARNING  | HealthManager | Provider ALPHA_VANTAGE is unhealthy.
2026-07-01 22:39:53,014 | WARNING  | SourceEngine | ALPHA_VANTAGE OFFLINE
2026-07-01 22:39:53,014 | CRITICAL | SourceEngine | ALL PROVIDERS FAILED : MU
2026-07-01 22:39:53,016 | INFO     | SourceEngine | REQUEST : MU
2026-07-01 22:39:53,235 | WARNING  | HealthManager | Provider MASSIVE is unhealthy.
2026-07-01 22:39:53,236 | WARNING  | SourceEngine | MASSIVE OFFLINE
2026-07-01 22:39:53,693 | ERROR    | StatisticsManager | FINNHUB failed after 0.2278s
2026-07-01 22:39:53,694 | WARNING  | SourceEngine | FINNHUB : EMPTY_DATA
2026-07-01 22:39:53,943 | WARNING  | HealthManager | Provider FMP is unhealthy.
2026-07-01 22:39:53,944 | WARNING  | SourceEngine | FMP OFFLINE
2026-07-01 22:39:54,156 | WARNING  | HealthManager | Provider ALPHA_VANTAGE is unhealthy.
2026-07-01 22:39:54,157 | WARNING  | SourceEngine | ALPHA_VANTAGE OFFLINE
2026-07-01 22:39:54,162 | CRITICAL | SourceEngine | ALL PROVIDERS FAILED : MU
2026-07-01 22:39:54,163 | INFO     | SourceEngine | REQUEST : MU
2026-07-01 22:39:54,380 | WARNING  | HealthManager | Provider MASSIVE is unhealthy.
2026-07-01 22:39:54,381 | WARNING  | SourceEngine | MASSIVE OFFLINE
2026-07-01 22:39:54,850 | ERROR    | StatisticsManager | FINNHUB failed after 0.2427s
2026-07-01 22:39:54,851 | WARNING  | SourceEngine | FINNHUB : EMPTY_DATA
2026-07-01 22:39:55,078 | WARNING  | HealthManager | Provider FMP is unhealthy.
2026-07-01 22:39:55,079 | WARNING  | SourceEngine | FMP OFFLINE
2026-07-01 22:39:55,782 | WARNING  | HealthManager | Provider ALPHA_VANTAGE is unhealthy.
2026-07-01 22:39:55,783 | WARNING  | SourceEngine | ALPHA_VANTAGE OFFLINE
2026-07-01 22:39:55,783 | CRITICAL | SourceEngine | ALL PROVIDERS FAILED : MU
2026-07-01 22:39:55,784 | INFO     | SourceEngine | REQUEST : TSM
2026-07-01 22:39:55,992 | WARNING  | HealthManager | Provider MASSIVE is unhealthy.
2026-07-01 22:39:55,993 | WARNING  | SourceEngine | MASSIVE OFFLINE
2026-07-01 22:39:56,507 | ERROR    | StatisticsManager | FINNHUB failed after 0.2268s
2026-07-01 22:39:56,508 | WARNING  | SourceEngine | FINNHUB : EMPTY_DATA
2026-07-01 22:39:56,719 | WARNING  | HealthManager | Provider FMP is unhealthy.
2026-07-01 22:39:56,720 | WARNING  | SourceEngine | FMP OFFLINE
2026-07-01 22:39:59,522 | WARNING  | HealthManager | Provider ALPHA_VANTAGE is unhealthy.
2026-07-01 22:39:59,523 | WARNING  | SourceEngine | ALPHA_VANTAGE OFFLINE
2026-07-01 22:39:59,524 | CRITICAL | SourceEngine | ALL PROVIDERS FAILED : TSM
2026-07-01 22:39:59,526 | INFO     | SourceEngine | REQUEST : TSM
2026-07-01 22:39:59,807 | WARNING  | HealthManager | Provider MASSIVE is unhealthy.
2026-07-01 22:39:59,808 | WARNING  | SourceEngine | MASSIVE OFFLINE
2026-07-01 22:40:00,277 | ERROR    | StatisticsManager | FINNHUB failed after 0.2266s
2026-07-01 22:40:00,278 | WARNING  | SourceEngine | FINNHUB : EMPTY_DATA
2026-07-01 22:40:00,500 | WARNING  | HealthManager | Provider FMP is unhealthy.
2026-07-01 22:40:00,501 | WARNING  | SourceEngine | FMP OFFLINE
2026-07-01 22:40:00,847 | WARNING  | HealthManager | Provider ALPHA_VANTAGE is unhealthy.
2026-07-01 22:40:00,848 | WARNING  | SourceEngine | ALPHA_VANTAGE OFFLINE
2026-07-01 22:40:00,849 | CRITICAL | SourceEngine | ALL PROVIDERS FAILED : TSM
2026-07-01 22:40:00,850 | INFO     | SourceEngine | REQUEST : TSM
2026-07-01 22:40:01,120 | WARNING  | HealthManager | Provider MASSIVE is unhealthy.
2026-07-01 22:40:01,121 | WARNING  | SourceEngine | MASSIVE OFFLINE
2026-07-01 22:40:01,596 | ERROR    | StatisticsManager | FINNHUB failed after 0.2332s
2026-07-01 22:40:01,596 | WARNING  | SourceEngine | FINNHUB : EMPTY_DATA
2026-07-01 22:40:01,809 | WARNING  | HealthManager | Provider FMP is unhealthy.
2026-07-01 22:40:01,811 | WARNING  | SourceEngine | FMP OFFLINE
2026-07-01 22:40:02,105 | WARNING  | HealthManager | Provider ALPHA_VANTAGE is unhealthy.
2026-07-01 22:40:02,106 | WARNING  | SourceEngine | ALPHA_VANTAGE OFFLINE
2026-07-01 22:40:02,107 | CRITICAL | SourceEngine | ALL PROVIDERS FAILED : TSM
2026-07-01 22:40:02,108 | INFO     | SourceEngine | REQUEST : AMAT
2026-07-01 22:40:02,313 | WARNING  | HealthManager | Provider MASSIVE is unhealthy.
2026-07-01 22:40:02,313 | WARNING  | SourceEngine | MASSIVE OFFLINE
2026-07-01 22:40:02,828 | ERROR    | StatisticsManager | FINNHUB failed after 0.2267s
2026-07-01 22:40:02,828 | WARNING  | SourceEngine | FINNHUB : EMPTY_DATA
2026-07-01 22:40:03,045 | WARNING  | HealthManager | Provider FMP is unhealthy.
2026-07-01 22:40:03,045 | WARNING  | SourceEngine | FMP OFFLINE
2026-07-01 22:40:05,431 | WARNING  | HealthManager | Provider ALPHA_VANTAGE is unhealthy.
2026-07-01 22:40:05,432 | WARNING  | SourceEngine | ALPHA_VANTAGE OFFLINE
2026-07-01 22:40:05,432 | CRITICAL | SourceEngine | ALL PROVIDERS FAILED : AMAT
2026-07-01 22:40:05,433 | INFO     | SourceEngine | REQUEST : AMAT
2026-07-01 22:40:07,056 | WARNING  | HealthManager | Provider MASSIVE is unhealthy.
2026-07-01 22:40:07,057 | WARNING  | SourceEngine | MASSIVE OFFLINE
2026-07-01 22:40:10,790 | ERROR    | StatisticsManager | FINNHUB failed after 0.4426s
2026-07-01 22:40:10,791 | WARNING  | SourceEngine | FINNHUB : EMPTY_DATA
2026-07-01 22:40:10,995 | WARNING  | HealthManager | Provider FMP is unhealthy.
2026-07-01 22:40:10,996 | WARNING  | SourceEngine | FMP OFFLINE
2026-07-01 22:40:11,502 | WARNING  | HealthManager | Provider ALPHA_VANTAGE is unhealthy.
2026-07-01 22:40:11,503 | WARNING  | SourceEngine | ALPHA_VANTAGE OFFLINE
2026-07-01 22:40:11,504 | CRITICAL | SourceEngine | ALL PROVIDERS FAILED : AMAT
2026-07-01 22:40:11,505 | INFO     | SourceEngine | REQUEST : AMAT
2026-07-01 22:40:11,732 | WARNING  | HealthManager | Provider MASSIVE is unhealthy.
2026-07-01 22:40:11,733 | WARNING  | SourceEngine | MASSIVE OFFLINE
2026-07-01 22:40:12,638 | ERROR    | StatisticsManager | FINNHUB failed after 0.4525s
2026-07-01 22:40:12,640 | WARNING  | SourceEngine | FINNHUB : EMPTY_DATA
2026-07-01 22:40:12,885 | WARNING  | HealthManager | Provider FMP is unhealthy.
2026-07-01 22:40:12,887 | WARNING  | SourceEngine | FMP OFFLINE
2026-07-01 22:40:13,180 | WARNING  | HealthManager | Provider ALPHA_VANTAGE is unhealthy.
2026-07-01 22:40:13,181 | WARNING  | SourceEngine | ALPHA_VANTAGE OFFLINE
2026-07-01 22:40:13,182 | CRITICAL | SourceEngine | ALL PROVIDERS FAILED : AMAT
2026-07-01 22:40:13,184 | INFO     | SourceEngine | REQUEST : MSTR
2026-07-01 22:40:13,404 | WARNING  | HealthManager | Provider MASSIVE is unhealthy.
2026-07-01 22:40:13,404 | WARNING  | SourceEngine | MASSIVE OFFLINE
2026-07-01 22:40:14,393 | ERROR    | StatisticsManager | FINNHUB failed after 0.4522s
2026-07-01 22:40:14,394 | WARNING  | SourceEngine | FINNHUB : EMPTY_DATA
2026-07-01 22:40:14,609 | WARNING  | HealthManager | Provider FMP is unhealthy.
2026-07-01 22:40:14,610 | WARNING  | SourceEngine | FMP OFFLINE
2026-07-01 22:40:16,871 | WARNING  | HealthManager | Provider ALPHA_VANTAGE is unhealthy.
2026-07-01 22:40:16,872 | WARNING  | SourceEngine | ALPHA_VANTAGE OFFLINE
2026-07-01 22:40:16,873 | CRITICAL | SourceEngine | ALL PROVIDERS FAILED : MSTR
2026-07-01 22:40:16,875 | INFO     | SourceEngine | REQUEST : MSTR
2026-07-01 22:40:17,081 | WARNING  | HealthManager | Provider MASSIVE is unhealthy.
2026-07-01 22:40:17,082 | WARNING  | SourceEngine | MASSIVE OFFLINE
2026-07-01 22:40:17,982 | ERROR    | StatisticsManager | FINNHUB failed after 0.4480s
2026-07-01 22:40:17,983 | WARNING  | SourceEngine | FINNHUB : EMPTY_DATA
2026-07-01 22:40:18,208 | WARNING  | HealthManager | Provider FMP is unhealthy.
2026-07-01 22:40:18,209 | WARNING  | SourceEngine | FMP OFFLINE
2026-07-01 22:40:18,822 | WARNING  | HealthManager | Provider ALPHA_VANTAGE is unhealthy.
2026-07-01 22:40:18,823 | WARNING  | SourceEngine | ALPHA_VANTAGE OFFLINE
2026-07-01 22:40:18,824 | CRITICAL | SourceEngine | ALL PROVIDERS FAILED : MSTR
2026-07-01 22:40:18,826 | INFO     | SourceEngine | REQUEST : MSTR
2026-07-01 22:40:19,034 | WARNING  | HealthManager | Provider MASSIVE is unhealthy.
2026-07-01 22:40:19,035 | WARNING  | SourceEngine | MASSIVE OFFLINE
2026-07-01 22:40:20,043 | ERROR    | StatisticsManager | FINNHUB failed after 0.5517s
2026-07-01 22:40:20,044 | WARNING  | SourceEngine | FINNHUB : EMPTY_DATA
2026-07-01 22:40:20,270 | WARNING  | HealthManager | Provider FMP is unhealthy.
2026-07-01 22:40:20,270 | WARNING  | SourceEngine | FMP OFFLINE
2026-07-01 22:40:24,480 | WARNING  | HealthManager | Provider ALPHA_VANTAGE is unhealthy.
2026-07-01 22:40:24,481 | WARNING  | SourceEngine | ALPHA_VANTAGE OFFLINE
2026-07-01 22:40:24,482 | CRITICAL | SourceEngine | ALL PROVIDERS FAILED : MSTR
2026-07-01 22:40:24,483 | INFO     | SourceEngine | REQUEST : ANET
2026-07-01 22:40:24,683 | WARNING  | HealthManager | Provider MASSIVE is unhealthy.
2026-07-01 22:40:24,684 | WARNING  | SourceEngine | MASSIVE OFFLINE
2026-07-01 22:40:25,738 | ERROR    | StatisticsManager | FINNHUB failed after 0.4495s
2026-07-01 22:40:25,739 | WARNING  | SourceEngine | FINNHUB : EMPTY_DATA
2026-07-01 22:40:25,959 | WARNING  | HealthManager | Provider FMP is unhealthy.
2026-07-01 22:40:25,959 | WARNING  | SourceEngine | FMP OFFLINE
2026-07-01 22:40:26,388 | WARNING  | HealthManager | Provider ALPHA_VANTAGE is unhealthy.
2026-07-01 22:40:26,389 | WARNING  | SourceEngine | ALPHA_VANTAGE OFFLINE
2026-07-01 22:40:26,390 | CRITICAL | SourceEngine | ALL PROVIDERS FAILED : ANET
2026-07-01 22:40:26,391 | INFO     | SourceEngine | REQUEST : ANET
2026-07-01 22:40:26,590 | WARNING  | HealthManager | Provider MASSIVE is unhealthy.
2026-07-01 22:40:26,591 | WARNING  | SourceEngine | MASSIVE OFFLINE
2026-07-01 22:40:27,569 | ERROR    | StatisticsManager | FINNHUB failed after 0.5159s
2026-07-01 22:40:27,570 | WARNING  | SourceEngine | FINNHUB : EMPTY_DATA
2026-07-01 22:40:27,783 | WARNING  | HealthManager | Provider FMP is unhealthy.
2026-07-01 22:40:27,784 | WARNING  | SourceEngine | FMP OFFLINE
2026-07-01 22:40:28,263 | WARNING  | HealthManager | Provider ALPHA_VANTAGE is unhealthy.
2026-07-01 22:40:28,264 | WARNING  | SourceEngine | ALPHA_VANTAGE OFFLINE
2026-07-01 22:40:28,265 | CRITICAL | SourceEngine | ALL PROVIDERS FAILED : ANET
2026-07-01 22:40:28,267 | INFO     | SourceEngine | REQUEST : ANET
2026-07-01 22:40:28,464 | WARNING  | HealthManager | Provider MASSIVE is unhealthy.
2026-07-01 22:40:28,465 | WARNING  | SourceEngine | MASSIVE OFFLINE
2026-07-01 22:40:29,387 | ERROR    | StatisticsManager | FINNHUB failed after 0.4537s
2026-07-01 22:40:29,388 | WARNING  | SourceEngine | FINNHUB : EMPTY_DATA
2026-07-01 22:40:29,613 | WARNING  | HealthManager | Provider FMP is unhealthy.
2026-07-01 22:40:29,614 | WARNING  | SourceEngine | FMP OFFLINE
2026-07-01 22:40:32,181 | WARNING  | HealthManager | Provider ALPHA_VANTAGE is unhealthy.
2026-07-01 22:40:32,182 | WARNING  | SourceEngine | ALPHA_VANTAGE OFFLINE
2026-07-01 22:40:32,183 | CRITICAL | SourceEngine | ALL PROVIDERS FAILED : ANET
2026-07-01 22:40:32,184 | INFO     | SourceEngine | REQUEST : SNOW
2026-07-01 22:40:32,383 | WARNING  | HealthManager | Provider MASSIVE is unhealthy.
2026-07-01 22:40:32,384 | WARNING  | SourceEngine | MASSIVE OFFLINE
2026-07-01 22:40:33,603 | ERROR    | StatisticsManager | FINNHUB failed after 0.5044s
2026-07-01 22:40:33,604 | WARNING  | SourceEngine | FINNHUB : EMPTY_DATA
2026-07-01 22:40:33,821 | WARNING  | HealthManager | Provider FMP is unhealthy.
2026-07-01 22:40:33,822 | WARNING  | SourceEngine | FMP OFFLINE
2026-07-01 22:40:37,920 | WARNING  | HealthManager | Provider ALPHA_VANTAGE is unhealthy.
2026-07-01 22:40:37,921 | WARNING  | SourceEngine | ALPHA_VANTAGE OFFLINE
2026-07-01 22:40:37,922 | CRITICAL | SourceEngine | ALL PROVIDERS FAILED : SNOW
2026-07-01 22:40:37,923 | INFO     | SourceEngine | REQUEST : SNOW
2026-07-01 22:40:38,129 | WARNING  | HealthManager | Provider MASSIVE is unhealthy.
2026-07-01 22:40:38,130 | WARNING  | SourceEngine | MASSIVE OFFLINE
2026-07-01 22:40:39,031 | ERROR    | StatisticsManager | FINNHUB failed after 0.4557s
2026-07-01 22:40:39,032 | WARNING  | SourceEngine | FINNHUB : EMPTY_DATA
2026-07-01 22:40:39,242 | WARNING  | HealthManager | Provider FMP is unhealthy.
2026-07-01 22:40:39,243 | WARNING  | SourceEngine | FMP OFFLINE
2026-07-01 22:40:39,521 | WARNING  | HealthManager | Provider ALPHA_VANTAGE is unhealthy.
2026-07-01 22:40:39,522 | WARNING  | SourceEngine | ALPHA_VANTAGE OFFLINE
2026-07-01 22:40:39,523 | CRITICAL | SourceEngine | ALL PROVIDERS FAILED : SNOW
2026-07-01 22:40:39,524 | INFO     | SourceEngine | REQUEST : SNOW
2026-07-01 22:40:39,745 | WARNING  | HealthManager | Provider MASSIVE is unhealthy.
2026-07-01 22:40:39,746 | WARNING  | SourceEngine | MASSIVE OFFLINE
2026-07-01 22:40:40,644 | ERROR    | StatisticsManager | FINNHUB failed after 0.4418s
2026-07-01 22:40:40,645 | WARNING  | SourceEngine | FINNHUB : EMPTY_DATA
2026-07-01 22:40:40,855 | WARNING  | HealthManager | Provider FMP is unhealthy.
2026-07-01 22:40:40,856 | WARNING  | SourceEngine | FMP OFFLINE
2026-07-01 22:40:43,199 | WARNING  | HealthManager | Provider ALPHA_VANTAGE is unhealthy.
2026-07-01 22:40:43,200 | WARNING  | SourceEngine | ALPHA_VANTAGE OFFLINE
2026-07-01 22:40:43,201 | CRITICAL | SourceEngine | ALL PROVIDERS FAILED : SNOW
2026-07-01 22:40:43,202 | INFO     | SourceEngine | REQUEST : MDB
2026-07-01 22:40:43,429 | WARNING  | HealthManager | Provider MASSIVE is unhealthy.
2026-07-01 22:40:43,432 | WARNING  | SourceEngine | MASSIVE OFFLINE
2026-07-01 22:40:44,348 | ERROR    | StatisticsManager | FINNHUB failed after 0.4690s
2026-07-01 22:40:44,349 | WARNING  | SourceEngine | FINNHUB : EMPTY_DATA
2026-07-01 22:40:44,554 | WARNING  | HealthManager | Provider FMP is unhealthy.
2026-07-01 22:40:44,555 | WARNING  | SourceEngine | FMP OFFLINE
2026-07-01 22:40:45,553 | WARNING  | HealthManager | Provider ALPHA_VANTAGE is unhealthy.
2026-07-01 22:40:45,554 | WARNING  | SourceEngine | ALPHA_VANTAGE OFFLINE
2026-07-01 22:40:45,555 | CRITICAL | SourceEngine | ALL PROVIDERS FAILED : MDB
2026-07-01 22:40:45,556 | INFO     | SourceEngine | REQUEST : MDB
2026-07-01 22:40:46,059 | WARNING  | HealthManager | Provider MASSIVE is unhealthy.
2026-07-01 22:40:46,060 | WARNING  | SourceEngine | MASSIVE OFFLINE
2026-07-01 22:40:46,981 | ERROR    | StatisticsManager | FINNHUB failed after 0.4671s
2026-07-01 22:40:46,982 | WARNING  | SourceEngine | FINNHUB : EMPTY_DATA
2026-07-01 22:40:47,202 | WARNING  | HealthManager | Provider FMP is unhealthy.
2026-07-01 22:40:47,203 | WARNING  | SourceEngine | FMP OFFLINE
2026-07-01 22:40:47,425 | WARNING  | HealthManager | Provider ALPHA_VANTAGE is unhealthy.
2026-07-01 22:40:47,425 | WARNING  | SourceEngine | ALPHA_VANTAGE OFFLINE
2026-07-01 22:40:47,425 | CRITICAL | SourceEngine | ALL PROVIDERS FAILED : MDB
2026-07-01 22:40:47,426 | INFO     | SourceEngine | REQUEST : MDB
2026-07-01 22:40:47,638 | WARNING  | HealthManager | Provider MASSIVE is unhealthy.
2026-07-01 22:40:47,639 | WARNING  | SourceEngine | MASSIVE OFFLINE
2026-07-01 22:40:48,803 | ERROR    | StatisticsManager | FINNHUB failed after 0.5433s
2026-07-01 22:40:48,804 | WARNING  | SourceEngine | FINNHUB : EMPTY_DATA
2026-07-01 22:40:49,019 | WARNING  | HealthManager | Provider FMP is unhealthy.
2026-07-01 22:40:49,020 | WARNING  | SourceEngine | FMP OFFLINE
2026-07-01 22:40:50,387 | WARNING  | HealthManager | Provider ALPHA_VANTAGE is unhealthy.
2026-07-01 22:40:50,388 | WARNING  | SourceEngine | ALPHA_VANTAGE OFFLINE
2026-07-01 22:40:50,389 | CRITICAL | SourceEngine | ALL PROVIDERS FAILED : MDB
2026-07-01 22:40:50,390 | INFO     | SourceEngine | REQUEST : DDOG
2026-07-01 22:40:50,606 | WARNING  | HealthManager | Provider MASSIVE is unhealthy.
2026-07-01 22:40:50,607 | WARNING  | SourceEngine | MASSIVE OFFLINE
2026-07-01 22:40:51,528 | ERROR    | StatisticsManager | FINNHUB failed after 0.4606s
2026-07-01 22:40:51,529 | WARNING  | SourceEngine | FINNHUB : EMPTY_DATA
2026-07-01 22:40:51,746 | WARNING  | HealthManager | Provider FMP is unhealthy.
2026-07-01 22:40:51,747 | WARNING  | SourceEngine | FMP OFFLINE
2026-07-01 22:40:52,491 | WARNING  | HealthManager | Provider ALPHA_VANTAGE is unhealthy.
2026-07-01 22:40:52,492 | WARNING  | SourceEngine | ALPHA_VANTAGE OFFLINE
2026-07-01 22:40:52,493 | CRITICAL | SourceEngine | ALL PROVIDERS FAILED : DDOG
2026-07-01 22:40:52,495 | INFO     | SourceEngine | REQUEST : DDOG
2026-07-01 22:40:52,729 | WARNING  | HealthManager | Provider MASSIVE is unhealthy.
2026-07-01 22:40:52,730 | WARNING  | SourceEngine | MASSIVE OFFLINE
2026-07-01 22:40:53,686 | ERROR    | StatisticsManager | FINNHUB failed after 0.5060s
2026-07-01 22:40:53,687 | WARNING  | SourceEngine | FINNHUB : EMPTY_DATA
2026-07-01 22:40:53,902 | WARNING  | HealthManager | Provider FMP is unhealthy.
2026-07-01 22:40:53,903 | WARNING  | SourceEngine | FMP OFFLINE
2026-07-01 22:40:54,869 | WARNING  | HealthManager | Provider ALPHA_VANTAGE is unhealthy.
2026-07-01 22:40:54,870 | WARNING  | SourceEngine | ALPHA_VANTAGE OFFLINE
2026-07-01 22:40:54,871 | CRITICAL | SourceEngine | ALL PROVIDERS FAILED : DDOG
2026-07-01 22:40:54,872 | INFO     | SourceEngine | REQUEST : DDOG
2026-07-01 22:40:55,165 | WARNING  | HealthManager | Provider MASSIVE is unhealthy.
2026-07-01 22:40:55,166 | WARNING  | SourceEngine | MASSIVE OFFLINE
2026-07-01 22:40:56,213 | ERROR    | StatisticsManager | FINNHUB failed after 0.5587s
2026-07-01 22:40:56,214 | WARNING  | SourceEngine | FINNHUB : EMPTY_DATA
2026-07-01 22:40:56,413 | WARNING  | HealthManager | Provider FMP is unhealthy.
2026-07-01 22:40:56,414 | WARNING  | SourceEngine | FMP OFFLINE
2026-07-01 22:40:56,795 | WARNING  | HealthManager | Provider ALPHA_VANTAGE is unhealthy.
2026-07-01 22:40:56,795 | WARNING  | SourceEngine | ALPHA_VANTAGE OFFLINE
2026-07-01 22:40:56,796 | CRITICAL | SourceEngine | ALL PROVIDERS FAILED : DDOG
2026-07-01 22:40:56,796 | INFO     | SourceEngine | REQUEST : NET
2026-07-01 22:40:57,487 | WARNING  | HealthManager | Provider MASSIVE is unhealthy.
2026-07-01 22:40:57,488 | WARNING  | SourceEngine | MASSIVE OFFLINE
2026-07-01 22:40:58,569 | ERROR    | StatisticsManager | FINNHUB failed after 0.4694s
2026-07-01 22:40:58,570 | WARNING  | SourceEngine | FINNHUB : EMPTY_DATA
2026-07-01 22:40:58,956 | WARNING  | HealthManager | Provider FMP is unhealthy.
2026-07-01 22:40:58,957 | WARNING  | SourceEngine | FMP OFFLINE
2026-07-01 22:40:59,500 | WARNING  | HealthManager | Provider ALPHA_VANTAGE is unhealthy.
2026-07-01 22:40:59,501 | WARNING  | SourceEngine | ALPHA_VANTAGE OFFLINE
2026-07-01 22:40:59,502 | CRITICAL | SourceEngine | ALL PROVIDERS FAILED : NET
2026-07-01 22:40:59,504 | INFO     | SourceEngine | REQUEST : NET
2026-07-01 22:40:59,724 | WARNING  | HealthManager | Provider MASSIVE is unhealthy.
2026-07-01 22:40:59,725 | WARNING  | SourceEngine | MASSIVE OFFLINE
2026-07-01 22:41:00,796 | ERROR    | StatisticsManager | FINNHUB failed after 0.5512s
2026-07-01 22:41:00,797 | WARNING  | SourceEngine | FINNHUB : EMPTY_DATA
2026-07-01 22:41:01,016 | WARNING  | HealthManager | Provider FMP is unhealthy.
2026-07-01 22:41:01,016 | WARNING  | SourceEngine | FMP OFFLINE
2026-07-01 22:41:01,941 | WARNING  | HealthManager | Provider ALPHA_VANTAGE is unhealthy.
2026-07-01 22:41:01,941 | WARNING  | SourceEngine | ALPHA_VANTAGE OFFLINE
2026-07-01 22:41:01,941 | CRITICAL | SourceEngine | ALL PROVIDERS FAILED : NET
2026-07-01 22:41:01,942 | INFO     | SourceEngine | REQUEST : NET
2026-07-01 22:41:02,147 | WARNING  | HealthManager | Provider MASSIVE is unhealthy.
2026-07-01 22:41:02,148 | WARNING  | SourceEngine | MASSIVE OFFLINE
2026-07-01 22:41:03,070 | ERROR    | StatisticsManager | FINNHUB failed after 0.4646s
2026-07-01 22:41:03,071 | WARNING  | SourceEngine | FINNHUB : EMPTY_DATA
2026-07-01 22:41:03,286 | WARNING  | HealthManager | Provider FMP is unhealthy.
2026-07-01 22:41:03,287 | WARNING  | SourceEngine | FMP OFFLINE
2026-07-01 22:41:06,143 | WARNING  | HealthManager | Provider ALPHA_VANTAGE is unhealthy.
2026-07-01 22:41:06,144 | WARNING  | SourceEngine | ALPHA_VANTAGE OFFLINE
2026-07-01 22:41:06,145 | CRITICAL | SourceEngine | ALL PROVIDERS FAILED : NET
2026-07-01 22:41:06,146 | INFO     | SourceEngine | REQUEST : QCOM
2026-07-01 22:41:06,340 | WARNING  | HealthManager | Provider MASSIVE is unhealthy.
2026-07-01 22:41:06,341 | WARNING  | SourceEngine | MASSIVE OFFLINE
2026-07-01 22:41:07,258 | ERROR    | StatisticsManager | FINNHUB failed after 0.4621s
2026-07-01 22:41:07,259 | WARNING  | SourceEngine | FINNHUB : EMPTY_DATA
2026-07-01 22:41:07,463 | WARNING  | HealthManager | Provider FMP is unhealthy.
2026-07-01 22:41:07,464 | WARNING  | SourceEngine | FMP OFFLINE
2026-07-01 22:41:07,772 | WARNING  | HealthManager | Provider ALPHA_VANTAGE is unhealthy.
2026-07-01 22:41:07,773 | WARNING  | SourceEngine | ALPHA_VANTAGE OFFLINE
2026-07-01 22:41:07,774 | CRITICAL | SourceEngine | ALL PROVIDERS FAILED : QCOM
2026-07-01 22:41:07,775 | INFO     | SourceEngine | REQUEST : QCOM
2026-07-01 22:41:08,128 | WARNING  | HealthManager | Provider MASSIVE is unhealthy.
2026-07-01 22:41:08,129 | WARNING  | SourceEngine | MASSIVE OFFLINE
2026-07-01 22:41:09,036 | ERROR    | StatisticsManager | FINNHUB failed after 0.4480s
2026-07-01 22:41:09,037 | WARNING  | SourceEngine | FINNHUB : EMPTY_DATA
2026-07-01 22:41:09,294 | WARNING  | HealthManager | Provider FMP is unhealthy.
2026-07-01 22:41:09,295 | WARNING  | SourceEngine | FMP OFFLINE
2026-07-01 22:41:09,940 | WARNING  | HealthManager | Provider ALPHA_VANTAGE is unhealthy.
2026-07-01 22:41:09,941 | WARNING  | SourceEngine | ALPHA_VANTAGE OFFLINE
2026-07-01 22:41:09,942 | CRITICAL | SourceEngine | ALL PROVIDERS FAILED : QCOM
2026-07-01 22:41:09,943 | INFO     | SourceEngine | REQUEST : QCOM
2026-07-01 22:41:10,141 | WARNING  | HealthManager | Provider MASSIVE is unhealthy.
2026-07-01 22:41:10,142 | WARNING  | SourceEngine | MASSIVE OFFLINE
2026-07-01 22:41:11,062 | ERROR    | StatisticsManager | FINNHUB failed after 0.4586s
2026-07-01 22:41:11,063 | WARNING  | SourceEngine | FINNHUB : EMPTY_DATA
2026-07-01 22:41:11,334 | WARNING  | HealthManager | Provider FMP is unhealthy.
2026-07-01 22:41:11,335 | WARNING  | SourceEngine | FMP OFFLINE
2026-07-01 22:41:13,428 | WARNING  | HealthManager | Provider ALPHA_VANTAGE is unhealthy.
2026-07-01 22:41:13,429 | WARNING  | SourceEngine | ALPHA_VANTAGE OFFLINE
2026-07-01 22:41:13,430 | CRITICAL | SourceEngine | ALL PROVIDERS FAILED : QCOM
2026-07-01 22:41:13,431 | INFO     | SourceEngine | REQUEST : ASML
2026-07-01 22:41:13,651 | WARNING  | HealthManager | Provider MASSIVE is unhealthy.
2026-07-01 22:41:13,652 | WARNING  | SourceEngine | MASSIVE OFFLINE
2026-07-01 22:41:14,541 | ERROR    | StatisticsManager | FINNHUB failed after 0.4367s
2026-07-01 22:41:14,542 | WARNING  | SourceEngine | FINNHUB : EMPTY_DATA
2026-07-01 22:41:14,778 | WARNING  | HealthManager | Provider FMP is unhealthy.
2026-07-01 22:41:14,779 | WARNING  | SourceEngine | FMP OFFLINE
2026-07-01 22:41:15,259 | WARNING  | HealthManager | Provider ALPHA_VANTAGE is unhealthy.
2026-07-01 22:41:15,260 | WARNING  | SourceEngine | ALPHA_VANTAGE OFFLINE
2026-07-01 22:41:15,261 | CRITICAL | SourceEngine | ALL PROVIDERS FAILED : ASML
2026-07-01 22:41:15,262 | INFO     | SourceEngine | REQUEST : ASML
2026-07-01 22:41:15,488 | WARNING  | HealthManager | Provider MASSIVE is unhealthy.
2026-07-01 22:41:15,489 | WARNING  | SourceEngine | MASSIVE OFFLINE
2026-07-01 22:41:16,402 | ERROR    | StatisticsManager | FINNHUB failed after 0.4528s
2026-07-01 22:41:16,403 | WARNING  | SourceEngine | FINNHUB : EMPTY_DATA
2026-07-01 22:41:16,613 | WARNING  | HealthManager | Provider FMP is unhealthy.
2026-07-01 22:41:16,615 | WARNING  | SourceEngine | FMP OFFLINE
2026-07-01 22:41:16,830 | WARNING  | HealthManager | Provider ALPHA_VANTAGE is unhealthy.
2026-07-01 22:41:16,831 | WARNING  | SourceEngine | ALPHA_VANTAGE OFFLINE
2026-07-01 22:41:16,832 | CRITICAL | SourceEngine | ALL PROVIDERS FAILED : ASML
2026-07-01 22:41:16,833 | INFO     | SourceEngine | REQUEST : ASML
2026-07-01 22:41:17,049 | WARNING  | HealthManager | Provider MASSIVE is unhealthy.
2026-07-01 22:41:17,050 | WARNING  | SourceEngine | MASSIVE OFFLINE
2026-07-01 22:41:17,976 | ERROR    | StatisticsManager | FINNHUB failed after 0.4772s
2026-07-01 22:41:17,977 | WARNING  | SourceEngine | FINNHUB : EMPTY_DATA
2026-07-01 22:41:18,190 | WARNING  | HealthManager | Provider FMP is unhealthy.
2026-07-01 22:41:18,190 | WARNING  | SourceEngine | FMP OFFLINE
2026-07-01 22:41:21,708 | WARNING  | HealthManager | Provider ALPHA_VANTAGE is unhealthy.
2026-07-01 22:41:21,709 | WARNING  | SourceEngine | ALPHA_VANTAGE OFFLINE
2026-07-01 22:41:21,710 | CRITICAL | SourceEngine | ALL PROVIDERS FAILED : ASML
2026-07-01 22:41:21,711 | INFO     | SourceEngine | REQUEST : ZS
2026-07-01 22:41:21,912 | WARNING  | HealthManager | Provider MASSIVE is unhealthy.
2026-07-01 22:41:21,913 | WARNING  | SourceEngine | MASSIVE OFFLINE
2026-07-01 22:41:22,862 | ERROR    | StatisticsManager | FINNHUB failed after 0.4452s
2026-07-01 22:41:22,863 | WARNING  | SourceEngine | FINNHUB : EMPTY_DATA
2026-07-01 22:41:23,073 | WARNING  | HealthManager | Provider FMP is unhealthy.
2026-07-01 22:41:23,074 | WARNING  | SourceEngine | FMP OFFLINE
2026-07-01 22:41:24,632 | WARNING  | HealthManager | Provider ALPHA_VANTAGE is unhealthy.
2026-07-01 22:41:24,633 | WARNING  | SourceEngine | ALPHA_VANTAGE OFFLINE
2026-07-01 22:41:24,634 | CRITICAL | SourceEngine | ALL PROVIDERS FAILED : ZS
2026-07-01 22:41:24,636 | INFO     | SourceEngine | REQUEST : ZS
2026-07-01 22:41:24,858 | WARNING  | HealthManager | Provider MASSIVE is unhealthy.
2026-07-01 22:41:24,859 | WARNING  | SourceEngine | MASSIVE OFFLINE
2026-07-01 22:41:25,850 | ERROR    | StatisticsManager | FINNHUB failed after 0.5012s
2026-07-01 22:41:25,850 | WARNING  | SourceEngine | FINNHUB : EMPTY_DATA
2026-07-01 22:41:26,065 | WARNING  | HealthManager | Provider FMP is unhealthy.
2026-07-01 22:41:26,066 | WARNING  | SourceEngine | FMP OFFLINE
2026-07-01 22:41:26,974 | WARNING  | HealthManager | Provider ALPHA_VANTAGE is unhealthy.
2026-07-01 22:41:26,977 | WARNING  | SourceEngine | ALPHA_VANTAGE OFFLINE
2026-07-01 22:41:26,978 | CRITICAL | SourceEngine | ALL PROVIDERS FAILED : ZS
2026-07-01 22:41:26,979 | INFO     | SourceEngine | REQUEST : ZS
2026-07-01 22:41:27,197 | WARNING  | HealthManager | Provider MASSIVE is unhealthy.
2026-07-01 22:41:27,198 | WARNING  | SourceEngine | MASSIVE OFFLINE
2026-07-01 22:41:28,115 | ERROR    | StatisticsManager | FINNHUB failed after 0.4731s
2026-07-01 22:41:28,116 | WARNING  | SourceEngine | FINNHUB : EMPTY_DATA
2026-07-01 22:41:28,331 | WARNING  | HealthManager | Provider FMP is unhealthy.
2026-07-01 22:41:28,331 | WARNING  | SourceEngine | FMP OFFLINE
2026-07-01 22:41:33,516 | WARNING  | HealthManager | Provider ALPHA_VANTAGE is unhealthy.
2026-07-01 22:41:33,516 | WARNING  | SourceEngine | ALPHA_VANTAGE OFFLINE
2026-07-01 22:41:33,516 | CRITICAL | SourceEngine | ALL PROVIDERS FAILED : ZS
2026-07-01 22:41:33,517 | INFO     | SourceEngine | REQUEST : WMT
2026-07-01 22:41:33,717 | WARNING  | HealthManager | Provider MASSIVE is unhealthy.
2026-07-01 22:41:33,718 | WARNING  | SourceEngine | MASSIVE OFFLINE
2026-07-01 22:41:34,641 | ERROR    | StatisticsManager | FINNHUB failed after 0.4687s
2026-07-01 22:41:34,642 | WARNING  | SourceEngine | FINNHUB : EMPTY_DATA
2026-07-01 22:41:34,855 | WARNING  | HealthManager | Provider FMP is unhealthy.
2026-07-01 22:41:34,855 | WARNING  | SourceEngine | FMP OFFLINE
2026-07-01 22:41:35,950 | WARNING  | HealthManager | Provider ALPHA_VANTAGE is unhealthy.
2026-07-01 22:41:35,951 | WARNING  | SourceEngine | ALPHA_VANTAGE OFFLINE
2026-07-01 22:41:35,951 | CRITICAL | SourceEngine | ALL PROVIDERS FAILED : WMT
2026-07-01 22:41:35,952 | INFO     | SourceEngine | REQUEST : WMT
2026-07-01 22:41:36,209 | WARNING  | HealthManager | Provider MASSIVE is unhealthy.
2026-07-01 22:41:36,210 | WARNING  | SourceEngine | MASSIVE OFFLINE
2026-07-01 22:41:37,130 | ERROR    | StatisticsManager | FINNHUB failed after 0.4645s
2026-07-01 22:41:37,131 | WARNING  | SourceEngine | FINNHUB : EMPTY_DATA
2026-07-01 22:41:37,343 | WARNING  | HealthManager | Provider FMP is unhealthy.
2026-07-01 22:41:37,344 | WARNING  | SourceEngine | FMP OFFLINE
2026-07-01 22:41:39,041 | WARNING  | HealthManager | Provider ALPHA_VANTAGE is unhealthy.
2026-07-01 22:41:39,042 | WARNING  | SourceEngine | ALPHA_VANTAGE OFFLINE
2026-07-01 22:41:39,044 | CRITICAL | SourceEngine | ALL PROVIDERS FAILED : WMT
2026-07-01 22:41:39,046 | INFO     | SourceEngine | REQUEST : WMT
2026-07-01 22:41:39,329 | WARNING  | HealthManager | Provider MASSIVE is unhealthy.
2026-07-01 22:41:39,330 | WARNING  | SourceEngine | MASSIVE OFFLINE
2026-07-01 22:41:40,259 | ERROR    | StatisticsManager | FINNHUB failed after 0.4587s
2026-07-01 22:41:40,259 | WARNING  | SourceEngine | FINNHUB : EMPTY_DATA
2026-07-01 22:41:40,464 | WARNING  | HealthManager | Provider FMP is unhealthy.
2026-07-01 22:41:40,465 | WARNING  | SourceEngine | FMP OFFLINE
2026-07-01 22:41:40,682 | WARNING  | HealthManager | Provider ALPHA_VANTAGE is unhealthy.
2026-07-01 22:41:40,682 | WARNING  | SourceEngine | ALPHA_VANTAGE OFFLINE
2026-07-01 22:41:40,683 | CRITICAL | SourceEngine | ALL PROVIDERS FAILED : WMT
2026-07-01 22:41:40,683 | INFO     | SourceEngine | REQUEST : HD
2026-07-01 22:41:40,911 | WARNING  | HealthManager | Provider MASSIVE is unhealthy.
2026-07-01 22:41:40,912 | WARNING  | SourceEngine | MASSIVE OFFLINE
2026-07-01 22:41:42,972 | ERROR    | StatisticsManager | FINNHUB failed after 1.5355s
2026-07-01 22:41:42,973 | WARNING  | SourceEngine | FINNHUB : EMPTY_DATA
2026-07-01 22:41:43,329 | WARNING  | HealthManager | Provider FMP is unhealthy.
2026-07-01 22:41:43,330 | WARNING  | SourceEngine | FMP OFFLINE
2026-07-01 22:41:43,538 | WARNING  | HealthManager | Provider ALPHA_VANTAGE is unhealthy.
2026-07-01 22:41:43,539 | WARNING  | SourceEngine | ALPHA_VANTAGE OFFLINE
2026-07-01 22:41:43,540 | CRITICAL | SourceEngine | ALL PROVIDERS FAILED : HD
2026-07-01 22:41:43,540 | INFO     | SourceEngine | REQUEST : HD
2026-07-01 22:41:43,759 | WARNING  | HealthManager | Provider MASSIVE is unhealthy.
2026-07-01 22:41:43,760 | WARNING  | SourceEngine | MASSIVE OFFLINE
2026-07-01 22:41:45,018 | ERROR    | StatisticsManager | FINNHUB failed after 0.5206s
2026-07-01 22:41:45,018 | WARNING  | SourceEngine | FINNHUB : EMPTY_DATA
2026-07-01 22:41:45,235 | WARNING  | HealthManager | Provider FMP is unhealthy.
2026-07-01 22:41:45,235 | WARNING  | SourceEngine | FMP OFFLINE
2026-07-01 22:41:45,571 | WARNING  | HealthManager | Provider ALPHA_VANTAGE is unhealthy.
2026-07-01 22:41:45,573 | WARNING  | SourceEngine | ALPHA_VANTAGE OFFLINE
2026-07-01 22:41:45,576 | CRITICAL | SourceEngine | ALL PROVIDERS FAILED : HD
2026-07-01 22:41:45,577 | INFO     | SourceEngine | REQUEST : HD
2026-07-01 22:41:45,797 | WARNING  | HealthManager | Provider MASSIVE is unhealthy.
2026-07-01 22:41:45,797 | WARNING  | SourceEngine | MASSIVE OFFLINE
2026-07-01 22:41:54,937 | ERROR    | StatisticsManager | FINNHUB failed after 8.3992s
2026-07-01 22:41:54,938 | WARNING  | SourceEngine | FINNHUB : EMPTY_DATA
2026-07-01 22:41:55,163 | WARNING  | HealthManager | Provider FMP is unhealthy.
2026-07-01 22:41:55,164 | WARNING  | SourceEngine | FMP OFFLINE
2026-07-01 22:41:55,482 | WARNING  | HealthManager | Provider ALPHA_VANTAGE is unhealthy.
2026-07-01 22:41:55,483 | WARNING  | SourceEngine | ALPHA_VANTAGE OFFLINE
2026-07-01 22:41:55,483 | CRITICAL | SourceEngine | ALL PROVIDERS FAILED : HD
2026-07-01 22:41:55,484 | INFO     | SourceEngine | REQUEST : JPM
2026-07-01 22:41:55,706 | WARNING  | HealthManager | Provider MASSIVE is unhealthy.
2026-07-01 22:41:55,706 | WARNING  | SourceEngine | MASSIVE OFFLINE
2026-07-01 22:42:01,943 | ERROR    | StatisticsManager | FINNHUB failed after 1.7374s
2026-07-01 22:42:01,944 | WARNING  | SourceEngine | FINNHUB : EMPTY_DATA
2026-07-01 22:42:02,379 | WARNING  | HealthManager | Provider FMP is unhealthy.
2026-07-01 22:42:02,380 | WARNING  | SourceEngine | FMP OFFLINE
2026-07-01 22:42:05,101 | WARNING  | HealthManager | Provider ALPHA_VANTAGE is unhealthy.
2026-07-01 22:42:05,102 | WARNING  | SourceEngine | ALPHA_VANTAGE OFFLINE
2026-07-01 22:42:05,103 | CRITICAL | SourceEngine | ALL PROVIDERS FAILED : JPM
2026-07-01 22:42:05,105 | INFO     | SourceEngine | REQUEST : JPM
2026-07-01 22:42:05,306 | WARNING  | HealthManager | Provider MASSIVE is unhealthy.
2026-07-01 22:42:05,307 | WARNING  | SourceEngine | MASSIVE OFFLINE
2026-07-01 22:42:08,301 | ERROR    | StatisticsManager | FINNHUB failed after 0.8886s
2026-07-01 22:42:08,302 | WARNING  | SourceEngine | FINNHUB : EMPTY_DATA
2026-07-01 22:42:08,522 | WARNING  | HealthManager | Provider FMP is unhealthy.
2026-07-01 22:42:08,523 | WARNING  | SourceEngine | FMP OFFLINE
2026-07-01 22:42:11,159 | WARNING  | HealthManager | Provider ALPHA_VANTAGE is unhealthy.
2026-07-01 22:42:11,160 | WARNING  | SourceEngine | ALPHA_VANTAGE OFFLINE
2026-07-01 22:42:11,160 | CRITICAL | SourceEngine | ALL PROVIDERS FAILED : JPM
2026-07-01 22:42:11,160 | INFO     | SourceEngine | REQUEST : JPM
2026-07-01 22:42:11,365 | WARNING  | HealthManager | Provider MASSIVE is unhealthy.
2026-07-01 22:42:11,366 | WARNING  | SourceEngine | MASSIVE OFFLINE
2026-07-01 22:42:16,390 | WARNING  | HealthManager | Provider FINNHUB is unhealthy.
2026-07-01 22:42:16,391 | WARNING  | SourceEngine | FINNHUB OFFLINE
2026-07-01 22:42:16,773 | WARNING  | HealthManager | Provider FMP is unhealthy.
2026-07-01 22:42:16,774 | WARNING  | SourceEngine | FMP OFFLINE
2026-07-01 22:42:19,923 | WARNING  | HealthManager | Provider ALPHA_VANTAGE is unhealthy.
2026-07-01 22:42:19,924 | WARNING  | SourceEngine | ALPHA_VANTAGE OFFLINE
2026-07-01 22:42:19,925 | CRITICAL | SourceEngine | ALL PROVIDERS FAILED : JPM
2026-07-01 22:42:19,926 | INFO     | SourceEngine | REQUEST : GS
2026-07-01 22:42:20,119 | WARNING  | HealthManager | Provider MASSIVE is unhealthy.
2026-07-01 22:42:20,120 | WARNING  | SourceEngine | MASSIVE OFFLINE
2026-07-01 22:42:21,470 | ERROR    | StatisticsManager | FINNHUB failed after 0.2193s
2026-07-01 22:42:21,471 | WARNING  | SourceEngine | FINNHUB : EMPTY_DATA
2026-07-01 22:42:21,698 | WARNING  | HealthManager | Provider FMP is unhealthy.
2026-07-01 22:42:21,699 | WARNING  | SourceEngine | FMP OFFLINE
2026-07-01 22:42:24,157 | WARNING  | HealthManager | Provider ALPHA_VANTAGE is unhealthy.
2026-07-01 22:42:24,158 | WARNING  | SourceEngine | ALPHA_VANTAGE OFFLINE
2026-07-01 22:42:24,158 | CRITICAL | SourceEngine | ALL PROVIDERS FAILED : GS
2026-07-01 22:42:24,159 | INFO     | SourceEngine | REQUEST : GS
2026-07-01 22:42:24,360 | WARNING  | HealthManager | Provider MASSIVE is unhealthy.
2026-07-01 22:42:24,361 | WARNING  | SourceEngine | MASSIVE OFFLINE
2026-07-01 22:42:29,373 | WARNING  | HealthManager | Provider FINNHUB is unhealthy.
2026-07-01 22:42:29,374 | WARNING  | SourceEngine | FINNHUB OFFLINE
2026-07-01 22:42:29,584 | WARNING  | HealthManager | Provider FMP is unhealthy.
2026-07-01 22:42:29,585 | WARNING  | SourceEngine | FMP OFFLINE
2026-07-01 22:42:30,362 | WARNING  | HealthManager | Provider ALPHA_VANTAGE is unhealthy.
2026-07-01 22:42:30,363 | WARNING  | SourceEngine | ALPHA_VANTAGE OFFLINE
2026-07-01 22:42:30,364 | CRITICAL | SourceEngine | ALL PROVIDERS FAILED : GS
2026-07-01 22:42:30,366 | INFO     | SourceEngine | REQUEST : GS
2026-07-01 22:42:30,580 | WARNING  | HealthManager | Provider MASSIVE is unhealthy.
2026-07-01 22:42:30,581 | WARNING  | SourceEngine | MASSIVE OFFLINE
2026-07-01 22:42:31,907 | ERROR    | StatisticsManager | FINNHUB failed after 0.2242s
2026-07-01 22:42:31,908 | WARNING  | SourceEngine | FINNHUB : EMPTY_DATA
2026-07-01 22:42:32,137 | WARNING  | HealthManager | Provider FMP is unhealthy.
2026-07-01 22:42:32,138 | WARNING  | SourceEngine | FMP OFFLINE
2026-07-01 22:42:33,177 | WARNING  | HealthManager | Provider ALPHA_VANTAGE is unhealthy.
2026-07-01 22:42:33,178 | WARNING  | SourceEngine | ALPHA_VANTAGE OFFLINE
2026-07-01 22:42:33,179 | CRITICAL | SourceEngine | ALL PROVIDERS FAILED : GS
2026-07-01 22:42:33,180 | INFO     | SourceEngine | REQUEST : V
2026-07-01 22:42:33,388 | WARNING  | HealthManager | Provider MASSIVE is unhealthy.
2026-07-01 22:42:33,389 | WARNING  | SourceEngine | MASSIVE OFFLINE
2026-07-01 22:42:33,856 | ERROR    | StatisticsManager | FINNHUB failed after 0.2298s
2026-07-01 22:42:33,857 | WARNING  | SourceEngine | FINNHUB : EMPTY_DATA
2026-07-01 22:42:34,072 | WARNING  | HealthManager | Provider FMP is unhealthy.
2026-07-01 22:42:34,072 | WARNING  | SourceEngine | FMP OFFLINE
2026-07-01 22:42:37,313 | WARNING  | HealthManager | Provider ALPHA_VANTAGE is unhealthy.
2026-07-01 22:42:37,314 | WARNING  | SourceEngine | ALPHA_VANTAGE OFFLINE
2026-07-01 22:42:37,315 | CRITICAL | SourceEngine | ALL PROVIDERS FAILED : V
2026-07-01 22:42:37,317 | INFO     | SourceEngine | REQUEST : V
2026-07-01 22:42:37,532 | WARNING  | HealthManager | Provider MASSIVE is unhealthy.
2026-07-01 22:42:37,532 | WARNING  | SourceEngine | MASSIVE OFFLINE
2026-07-01 22:42:38,005 | ERROR    | StatisticsManager | FINNHUB failed after 0.2352s
2026-07-01 22:42:38,006 | WARNING  | SourceEngine | FINNHUB : EMPTY_DATA
2026-07-01 22:42:38,217 | WARNING  | HealthManager | Provider FMP is unhealthy.
2026-07-01 22:42:38,218 | WARNING  | SourceEngine | FMP OFFLINE
2026-07-01 22:42:38,988 | WARNING  | HealthManager | Provider ALPHA_VANTAGE is unhealthy.
2026-07-01 22:42:38,989 | WARNING  | SourceEngine | ALPHA_VANTAGE OFFLINE
2026-07-01 22:42:38,990 | CRITICAL | SourceEngine | ALL PROVIDERS FAILED : V
2026-07-01 22:42:38,992 | INFO     | SourceEngine | REQUEST : V
2026-07-01 22:42:39,191 | WARNING  | HealthManager | Provider MASSIVE is unhealthy.
2026-07-01 22:42:39,192 | WARNING  | SourceEngine | MASSIVE OFFLINE
2026-07-01 22:42:39,656 | ERROR    | StatisticsManager | FINNHUB failed after 0.2364s
2026-07-01 22:42:39,657 | WARNING  | SourceEngine | FINNHUB : EMPTY_DATA
2026-07-01 22:42:39,873 | WARNING  | HealthManager | Provider FMP is unhealthy.
2026-07-01 22:42:39,874 | WARNING  | SourceEngine | FMP OFFLINE
2026-07-01 22:42:40,179 | WARNING  | HealthManager | Provider ALPHA_VANTAGE is unhealthy.
2026-07-01 22:42:40,180 | WARNING  | SourceEngine | ALPHA_VANTAGE OFFLINE
2026-07-01 22:42:40,181 | CRITICAL | SourceEngine | ALL PROVIDERS FAILED : V
2026-07-01 22:42:40,182 | INFO     | SourceEngine | REQUEST : MA
2026-07-01 22:42:40,387 | WARNING  | HealthManager | Provider MASSIVE is unhealthy.
2026-07-01 22:42:40,388 | WARNING  | SourceEngine | MASSIVE OFFLINE
2026-07-01 22:42:40,835 | ERROR    | StatisticsManager | FINNHUB failed after 0.2213s
2026-07-01 22:42:40,836 | WARNING  | SourceEngine | FINNHUB : EMPTY_DATA
2026-07-01 22:42:41,057 | WARNING  | HealthManager | Provider FMP is unhealthy.
2026-07-01 22:42:41,058 | WARNING  | SourceEngine | FMP OFFLINE
2026-07-01 22:42:41,281 | WARNING  | HealthManager | Provider ALPHA_VANTAGE is unhealthy.
2026-07-01 22:42:41,282 | WARNING  | SourceEngine | ALPHA_VANTAGE OFFLINE
2026-07-01 22:42:41,283 | CRITICAL | SourceEngine | ALL PROVIDERS FAILED : MA
2026-07-01 22:42:41,285 | INFO     | SourceEngine | REQUEST : MA
2026-07-01 22:42:41,495 | WARNING  | HealthManager | Provider MASSIVE is unhealthy.
2026-07-01 22:42:41,496 | WARNING  | SourceEngine | MASSIVE OFFLINE
2026-07-01 22:42:41,969 | ERROR    | StatisticsManager | FINNHUB failed after 0.2375s
2026-07-01 22:42:41,971 | WARNING  | SourceEngine | FINNHUB : EMPTY_DATA
2026-07-01 22:42:42,195 | WARNING  | HealthManager | Provider FMP is unhealthy.
2026-07-01 22:42:42,196 | WARNING  | SourceEngine | FMP OFFLINE
2026-07-01 22:42:43,469 | WARNING  | HealthManager | Provider ALPHA_VANTAGE is unhealthy.
2026-07-01 22:42:43,470 | WARNING  | SourceEngine | ALPHA_VANTAGE OFFLINE
2026-07-01 22:42:43,471 | CRITICAL | SourceEngine | ALL PROVIDERS FAILED : MA
2026-07-01 22:42:43,473 | INFO     | SourceEngine | REQUEST : MA
2026-07-01 22:42:43,675 | WARNING  | HealthManager | Provider MASSIVE is unhealthy.
2026-07-01 22:42:43,676 | WARNING  | SourceEngine | MASSIVE OFFLINE
2026-07-01 22:42:44,137 | ERROR    | StatisticsManager | FINNHUB failed after 0.2320s
2026-07-01 22:42:44,138 | WARNING  | SourceEngine | FINNHUB : EMPTY_DATA
2026-07-01 22:42:44,350 | WARNING  | HealthManager | Provider FMP is unhealthy.
2026-07-01 22:42:44,351 | WARNING  | SourceEngine | FMP OFFLINE
2026-07-01 22:42:44,570 | WARNING  | HealthManager | Provider ALPHA_VANTAGE is unhealthy.
2026-07-01 22:42:44,571 | WARNING  | SourceEngine | ALPHA_VANTAGE OFFLINE
2026-07-01 22:42:44,572 | CRITICAL | SourceEngine | ALL PROVIDERS FAILED : MA
2026-07-01 22:42:44,573 | INFO     | SourceEngine | REQUEST : LLY
2026-07-01 22:42:44,849 | WARNING  | HealthManager | Provider MASSIVE is unhealthy.
2026-07-01 22:42:44,850 | WARNING  | SourceEngine | MASSIVE OFFLINE
2026-07-01 22:42:45,306 | ERROR    | StatisticsManager | FINNHUB failed after 0.2195s
2026-07-01 22:42:45,307 | WARNING  | SourceEngine | FINNHUB : EMPTY_DATA
2026-07-01 22:42:45,548 | WARNING  | HealthManager | Provider FMP is unhealthy.
2026-07-01 22:42:45,549 | WARNING  | SourceEngine | FMP OFFLINE
2026-07-01 22:42:46,098 | WARNING  | HealthManager | Provider ALPHA_VANTAGE is unhealthy.
2026-07-01 22:42:46,100 | WARNING  | SourceEngine | ALPHA_VANTAGE OFFLINE
2026-07-01 22:42:46,100 | CRITICAL | SourceEngine | ALL PROVIDERS FAILED : LLY
2026-07-01 22:42:46,102 | INFO     | SourceEngine | REQUEST : LLY
2026-07-01 22:42:46,308 | WARNING  | HealthManager | Provider MASSIVE is unhealthy.
2026-07-01 22:42:46,309 | WARNING  | SourceEngine | MASSIVE OFFLINE
2026-07-01 22:42:46,742 | ERROR    | StatisticsManager | FINNHUB failed after 0.2125s
2026-07-01 22:42:46,743 | WARNING  | SourceEngine | FINNHUB : EMPTY_DATA
2026-07-01 22:42:46,954 | WARNING  | HealthManager | Provider FMP is unhealthy.
2026-07-01 22:42:46,955 | WARNING  | SourceEngine | FMP OFFLINE
2026-07-01 22:42:47,292 | WARNING  | HealthManager | Provider ALPHA_VANTAGE is unhealthy.
2026-07-01 22:42:47,293 | WARNING  | SourceEngine | ALPHA_VANTAGE OFFLINE
2026-07-01 22:42:47,294 | CRITICAL | SourceEngine | ALL PROVIDERS FAILED : LLY
2026-07-01 22:42:47,295 | INFO     | SourceEngine | REQUEST : LLY
2026-07-01 22:42:47,506 | WARNING  | HealthManager | Provider MASSIVE is unhealthy.
2026-07-01 22:42:47,507 | WARNING  | SourceEngine | MASSIVE OFFLINE
2026-07-01 22:42:47,975 | ERROR    | StatisticsManager | FINNHUB failed after 0.2329s
2026-07-01 22:42:47,976 | WARNING  | SourceEngine | FINNHUB : EMPTY_DATA
2026-07-01 22:42:48,191 | WARNING  | HealthManager | Provider FMP is unhealthy.
2026-07-01 22:42:48,192 | WARNING  | SourceEngine | FMP OFFLINE
2026-07-01 22:42:49,137 | WARNING  | HealthManager | Provider ALPHA_VANTAGE is unhealthy.
2026-07-01 22:42:49,138 | WARNING  | SourceEngine | ALPHA_VANTAGE OFFLINE
2026-07-01 22:42:49,139 | CRITICAL | SourceEngine | ALL PROVIDERS FAILED : LLY
2026-07-01 22:42:49,140 | INFO     | SourceEngine | REQUEST : UNH
2026-07-01 22:42:49,347 | WARNING  | HealthManager | Provider MASSIVE is unhealthy.
2026-07-01 22:42:49,348 | WARNING  | SourceEngine | MASSIVE OFFLINE
2026-07-01 22:42:49,812 | ERROR    | StatisticsManager | FINNHUB failed after 0.2328s
2026-07-01 22:42:49,813 | WARNING  | SourceEngine | FINNHUB : EMPTY_DATA
2026-07-01 22:42:50,023 | WARNING  | HealthManager | Provider FMP is unhealthy.
2026-07-01 22:42:50,024 | WARNING  | SourceEngine | FMP OFFLINE
2026-07-01 22:42:51,507 | WARNING  | HealthManager | Provider ALPHA_VANTAGE is unhealthy.
2026-07-01 22:42:51,508 | WARNING  | SourceEngine | ALPHA_VANTAGE OFFLINE
2026-07-01 22:42:51,509 | CRITICAL | SourceEngine | ALL PROVIDERS FAILED : UNH
2026-07-01 22:42:51,510 | INFO     | SourceEngine | REQUEST : UNH
2026-07-01 22:42:51,712 | WARNING  | HealthManager | Provider MASSIVE is unhealthy.
2026-07-01 22:42:51,713 | WARNING  | SourceEngine | MASSIVE OFFLINE
2026-07-01 22:42:52,201 | ERROR    | StatisticsManager | FINNHUB failed after 0.2414s
2026-07-01 22:42:52,202 | WARNING  | SourceEngine | FINNHUB : EMPTY_DATA
2026-07-01 22:42:52,416 | WARNING  | HealthManager | Provider FMP is unhealthy.
2026-07-01 22:42:52,417 | WARNING  | SourceEngine | FMP OFFLINE
2026-07-01 22:42:53,409 | WARNING  | HealthManager | Provider ALPHA_VANTAGE is unhealthy.
2026-07-01 22:42:53,410 | WARNING  | SourceEngine | ALPHA_VANTAGE OFFLINE
2026-07-01 22:42:53,411 | CRITICAL | SourceEngine | ALL PROVIDERS FAILED : UNH
2026-07-01 22:42:53,412 | INFO     | SourceEngine | REQUEST : UNH
2026-07-01 22:42:53,618 | WARNING  | HealthManager | Provider MASSIVE is unhealthy.
2026-07-01 22:42:53,619 | WARNING  | SourceEngine | MASSIVE OFFLINE
2026-07-01 22:42:54,181 | ERROR    | StatisticsManager | FINNHUB failed after 0.3354s
2026-07-01 22:42:54,182 | WARNING  | SourceEngine | FINNHUB : EMPTY_DATA
2026-07-01 22:42:54,413 | WARNING  | HealthManager | Provider FMP is unhealthy.
2026-07-01 22:42:54,414 | WARNING  | SourceEngine | FMP OFFLINE
2026-07-01 22:42:54,653 | WARNING  | HealthManager | Provider ALPHA_VANTAGE is unhealthy.
2026-07-01 22:42:54,654 | WARNING  | SourceEngine | ALPHA_VANTAGE OFFLINE
2026-07-01 22:42:54,655 | CRITICAL | SourceEngine | ALL PROVIDERS FAILED : UNH
2026-07-01 22:42:54,656 | INFO     | SourceEngine | REQUEST : ABBV
2026-07-01 22:42:54,864 | WARNING  | HealthManager | Provider MASSIVE is unhealthy.
2026-07-01 22:42:54,865 | WARNING  | SourceEngine | MASSIVE OFFLINE
2026-07-01 22:42:55,337 | ERROR    | StatisticsManager | FINNHUB failed after 0.2359s
2026-07-01 22:42:55,338 | WARNING  | SourceEngine | FINNHUB : EMPTY_DATA
2026-07-01 22:42:55,544 | WARNING  | HealthManager | Provider FMP is unhealthy.
2026-07-01 22:42:55,545 | WARNING  | SourceEngine | FMP OFFLINE
2026-07-01 22:42:55,761 | WARNING  | HealthManager | Provider ALPHA_VANTAGE is unhealthy.
2026-07-01 22:42:55,762 | WARNING  | SourceEngine | ALPHA_VANTAGE OFFLINE
2026-07-01 22:42:55,763 | CRITICAL | SourceEngine | ALL PROVIDERS FAILED : ABBV
2026-07-01 22:42:55,764 | INFO     | SourceEngine | REQUEST : ABBV
2026-07-01 22:42:55,972 | WARNING  | HealthManager | Provider MASSIVE is unhealthy.
2026-07-01 22:42:55,973 | WARNING  | SourceEngine | MASSIVE OFFLINE
2026-07-01 22:42:56,452 | ERROR    | StatisticsManager | FINNHUB failed after 0.2362s
2026-07-01 22:42:56,452 | WARNING  | SourceEngine | FINNHUB : EMPTY_DATA
2026-07-01 22:42:56,666 | WARNING  | HealthManager | Provider FMP is unhealthy.
2026-07-01 22:42:56,666 | WARNING  | SourceEngine | FMP OFFLINE
2026-07-01 22:42:57,714 | WARNING  | HealthManager | Provider ALPHA_VANTAGE is unhealthy.
2026-07-01 22:42:57,715 | WARNING  | SourceEngine | ALPHA_VANTAGE OFFLINE
2026-07-01 22:42:57,716 | CRITICAL | SourceEngine | ALL PROVIDERS FAILED : ABBV
2026-07-01 22:42:57,717 | INFO     | SourceEngine | REQUEST : ABBV
2026-07-01 22:42:57,918 | WARNING  | HealthManager | Provider MASSIVE is unhealthy.
2026-07-01 22:42:57,919 | WARNING  | SourceEngine | MASSIVE OFFLINE
2026-07-01 22:42:58,376 | ERROR    | StatisticsManager | FINNHUB failed after 0.2197s
2026-07-01 22:42:58,378 | WARNING  | SourceEngine | FINNHUB : EMPTY_DATA
2026-07-01 22:42:58,593 | WARNING  | HealthManager | Provider FMP is unhealthy.
2026-07-01 22:42:58,594 | WARNING  | SourceEngine | FMP OFFLINE
2026-07-01 22:42:58,812 | WARNING  | HealthManager | Provider ALPHA_VANTAGE is unhealthy.
2026-07-01 22:42:58,813 | WARNING  | SourceEngine | ALPHA_VANTAGE OFFLINE
2026-07-01 22:42:58,813 | CRITICAL | SourceEngine | ALL PROVIDERS FAILED : ABBV
2026-07-01 22:42:58,814 | INFO     | SourceEngine | REQUEST : XOM
2026-07-01 22:42:59,010 | WARNING  | HealthManager | Provider MASSIVE is unhealthy.
2026-07-01 22:42:59,011 | WARNING  | SourceEngine | MASSIVE OFFLINE
2026-07-01 22:42:59,479 | ERROR    | StatisticsManager | FINNHUB failed after 0.2348s
2026-07-01 22:42:59,480 | WARNING  | SourceEngine | FINNHUB : EMPTY_DATA
2026-07-01 22:42:59,706 | WARNING  | HealthManager | Provider FMP is unhealthy.
2026-07-01 22:42:59,707 | WARNING  | SourceEngine | FMP OFFLINE
2026-07-01 22:43:00,572 | WARNING  | HealthManager | Provider ALPHA_VANTAGE is unhealthy.
2026-07-01 22:43:00,574 | WARNING  | SourceEngine | ALPHA_VANTAGE OFFLINE
2026-07-01 22:43:00,575 | CRITICAL | SourceEngine | ALL PROVIDERS FAILED : XOM
2026-07-01 22:43:00,576 | INFO     | SourceEngine | REQUEST : XOM
2026-07-01 22:43:00,777 | WARNING  | HealthManager | Provider MASSIVE is unhealthy.
2026-07-01 22:43:00,778 | WARNING  | SourceEngine | MASSIVE OFFLINE
2026-07-01 22:43:01,237 | ERROR    | StatisticsManager | FINNHUB failed after 0.2344s
2026-07-01 22:43:01,238 | WARNING  | SourceEngine | FINNHUB : EMPTY_DATA
2026-07-01 22:43:01,450 | WARNING  | HealthManager | Provider FMP is unhealthy.
2026-07-01 22:43:01,451 | WARNING  | SourceEngine | FMP OFFLINE
2026-07-01 22:43:03,725 | WARNING  | HealthManager | Provider ALPHA_VANTAGE is unhealthy.
2026-07-01 22:43:03,726 | WARNING  | SourceEngine | ALPHA_VANTAGE OFFLINE
2026-07-01 22:43:03,727 | CRITICAL | SourceEngine | ALL PROVIDERS FAILED : XOM
2026-07-01 22:43:03,728 | INFO     | SourceEngine | REQUEST : XOM
2026-07-01 22:43:03,942 | WARNING  | HealthManager | Provider MASSIVE is unhealthy.
2026-07-01 22:43:03,943 | WARNING  | SourceEngine | MASSIVE OFFLINE
2026-07-01 22:43:04,411 | ERROR    | StatisticsManager | FINNHUB failed after 0.2504s
2026-07-01 22:43:04,412 | WARNING  | SourceEngine | FINNHUB : EMPTY_DATA
2026-07-01 22:43:04,705 | WARNING  | HealthManager | Provider FMP is unhealthy.
2026-07-01 22:43:04,706 | WARNING  | SourceEngine | FMP OFFLINE
2026-07-01 22:43:04,924 | WARNING  | HealthManager | Provider ALPHA_VANTAGE is unhealthy.
2026-07-01 22:43:04,925 | WARNING  | SourceEngine | ALPHA_VANTAGE OFFLINE
2026-07-01 22:43:04,926 | CRITICAL | SourceEngine | ALL PROVIDERS FAILED : XOM
2026-07-01 22:43:04,928 | INFO     | SourceEngine | REQUEST : CVX
2026-07-01 22:43:05,126 | WARNING  | HealthManager | Provider MASSIVE is unhealthy.
2026-07-01 22:43:05,127 | WARNING  | SourceEngine | MASSIVE OFFLINE
2026-07-01 22:43:05,623 | ERROR    | StatisticsManager | FINNHUB failed after 0.2654s
2026-07-01 22:43:05,624 | WARNING  | SourceEngine | FINNHUB : EMPTY_DATA
2026-07-01 22:43:05,836 | WARNING  | HealthManager | Provider FMP is unhealthy.
2026-07-01 22:43:05,837 | WARNING  | SourceEngine | FMP OFFLINE
2026-07-01 22:43:06,062 | WARNING  | HealthManager | Provider ALPHA_VANTAGE is unhealthy.
2026-07-01 22:43:06,063 | WARNING  | SourceEngine | ALPHA_VANTAGE OFFLINE
2026-07-01 22:43:06,064 | CRITICAL | SourceEngine | ALL PROVIDERS FAILED : CVX
2026-07-01 22:43:06,066 | INFO     | SourceEngine | REQUEST : CVX
2026-07-01 22:43:06,298 | WARNING  | HealthManager | Provider MASSIVE is unhealthy.
2026-07-01 22:43:06,299 | WARNING  | SourceEngine | MASSIVE OFFLINE
2026-07-01 22:43:06,903 | ERROR    | StatisticsManager | FINNHUB failed after 0.2136s
2026-07-01 22:43:06,904 | WARNING  | SourceEngine | FINNHUB : EMPTY_DATA
2026-07-01 22:43:07,123 | WARNING  | HealthManager | Provider FMP is unhealthy.
2026-07-01 22:43:07,124 | WARNING  | SourceEngine | FMP OFFLINE
2026-07-01 22:43:07,342 | WARNING  | HealthManager | Provider ALPHA_VANTAGE is unhealthy.
2026-07-01 22:43:07,343 | WARNING  | SourceEngine | ALPHA_VANTAGE OFFLINE
2026-07-01 22:43:07,343 | CRITICAL | SourceEngine | ALL PROVIDERS FAILED : CVX
2026-07-01 22:43:07,344 | INFO     | SourceEngine | REQUEST : CVX
2026-07-01 22:43:07,544 | WARNING  | HealthManager | Provider MASSIVE is unhealthy.
2026-07-01 22:43:07,545 | WARNING  | SourceEngine | MASSIVE OFFLINE
2026-07-01 22:43:08,030 | ERROR    | StatisticsManager | FINNHUB failed after 0.2412s
2026-07-01 22:43:08,031 | WARNING  | SourceEngine | FINNHUB : EMPTY_DATA
2026-07-01 22:43:08,248 | WARNING  | HealthManager | Provider FMP is unhealthy.
2026-07-01 22:43:08,249 | WARNING  | SourceEngine | FMP OFFLINE
2026-07-01 22:43:08,481 | WARNING  | HealthManager | Provider ALPHA_VANTAGE is unhealthy.
2026-07-01 22:43:08,482 | WARNING  | SourceEngine | ALPHA_VANTAGE OFFLINE
2026-07-01 22:43:08,483 | CRITICAL | SourceEngine | ALL PROVIDERS FAILED : CVX
2026-07-01 22:43:08,484 | INFO     | SourceEngine | REQUEST : GLD
2026-07-01 22:43:08,695 | WARNING  | HealthManager | Provider MASSIVE is unhealthy.
2026-07-01 22:43:08,696 | WARNING  | SourceEngine | MASSIVE OFFLINE
2026-07-01 22:43:09,161 | ERROR    | StatisticsManager | FINNHUB failed after 0.2241s
2026-07-01 22:43:09,162 | WARNING  | SourceEngine | FINNHUB : EMPTY_DATA
2026-07-01 22:43:09,372 | WARNING  | HealthManager | Provider FMP is unhealthy.
2026-07-01 22:43:09,373 | WARNING  | SourceEngine | FMP OFFLINE
2026-07-01 22:43:09,608 | WARNING  | HealthManager | Provider ALPHA_VANTAGE is unhealthy.
2026-07-01 22:43:09,609 | WARNING  | SourceEngine | ALPHA_VANTAGE OFFLINE
2026-07-01 22:43:09,610 | CRITICAL | SourceEngine | ALL PROVIDERS FAILED : GLD
2026-07-01 22:43:09,611 | INFO     | SourceEngine | REQUEST : GLD
2026-07-01 22:43:09,807 | WARNING  | HealthManager | Provider MASSIVE is unhealthy.
2026-07-01 22:43:09,808 | WARNING  | SourceEngine | MASSIVE OFFLINE
2026-07-01 22:43:10,255 | ERROR    | StatisticsManager | FINNHUB failed after 0.2271s
2026-07-01 22:43:10,256 | WARNING  | SourceEngine | FINNHUB : EMPTY_DATA
2026-07-01 22:43:10,482 | WARNING  | HealthManager | Provider FMP is unhealthy.
2026-07-01 22:43:10,483 | WARNING  | SourceEngine | FMP OFFLINE
2026-07-01 22:43:12,905 | WARNING  | HealthManager | Provider ALPHA_VANTAGE is unhealthy.
2026-07-01 22:43:12,906 | WARNING  | SourceEngine | ALPHA_VANTAGE OFFLINE
2026-07-01 22:43:12,907 | CRITICAL | SourceEngine | ALL PROVIDERS FAILED : GLD
2026-07-01 22:43:12,908 | INFO     | SourceEngine | REQUEST : GLD
2026-07-01 22:43:13,111 | WARNING  | HealthManager | Provider MASSIVE is unhealthy.
2026-07-01 22:43:13,112 | WARNING  | SourceEngine | MASSIVE OFFLINE
2026-07-01 22:43:13,577 | ERROR    | StatisticsManager | FINNHUB failed after 0.2401s
2026-07-01 22:43:13,577 | WARNING  | SourceEngine | FINNHUB : EMPTY_DATA
2026-07-01 22:43:13,791 | WARNING  | HealthManager | Provider FMP is unhealthy.
2026-07-01 22:43:13,792 | WARNING  | SourceEngine | FMP OFFLINE
2026-07-01 22:43:17,914 | WARNING  | HealthManager | Provider ALPHA_VANTAGE is unhealthy.
2026-07-01 22:43:17,915 | WARNING  | SourceEngine | ALPHA_VANTAGE OFFLINE
2026-07-01 22:43:17,916 | CRITICAL | SourceEngine | ALL PROVIDERS FAILED : GLD
2026-07-01 22:43:17,917 | INFO     | SourceEngine | REQUEST : BTC-USD
2026-07-01 22:43:18,120 | WARNING  | HealthManager | Provider MASSIVE is unhealthy.
2026-07-01 22:43:18,121 | WARNING  | SourceEngine | MASSIVE OFFLINE
2026-07-01 22:43:18,582 | ERROR    | StatisticsManager | FINNHUB failed after 0.2307s
2026-07-01 22:43:18,583 | WARNING  | SourceEngine | FINNHUB : EMPTY_DATA
2026-07-01 22:43:18,795 | WARNING  | HealthManager | Provider FMP is unhealthy.
2026-07-01 22:43:18,796 | WARNING  | SourceEngine | FMP OFFLINE
2026-07-01 22:43:19,165 | WARNING  | HealthManager | Provider ALPHA_VANTAGE is unhealthy.
2026-07-01 22:43:19,166 | WARNING  | SourceEngine | ALPHA_VANTAGE OFFLINE
2026-07-01 22:43:19,167 | CRITICAL | SourceEngine | ALL PROVIDERS FAILED : BTC-USD
2026-07-01 22:43:19,169 | INFO     | SourceEngine | REQUEST : BTC-USD
2026-07-01 22:43:19,382 | WARNING  | HealthManager | Provider MASSIVE is unhealthy.
2026-07-01 22:43:19,382 | WARNING  | SourceEngine | MASSIVE OFFLINE
2026-07-01 22:43:19,848 | ERROR    | StatisticsManager | FINNHUB failed after 0.2308s
2026-07-01 22:43:19,849 | WARNING  | SourceEngine | FINNHUB : EMPTY_DATA
2026-07-01 22:43:20,071 | WARNING  | HealthManager | Provider FMP is unhealthy.
2026-07-01 22:43:20,072 | WARNING  | SourceEngine | FMP OFFLINE
2026-07-01 22:43:20,296 | WARNING  | HealthManager | Provider ALPHA_VANTAGE is unhealthy.
2026-07-01 22:43:20,297 | WARNING  | SourceEngine | ALPHA_VANTAGE OFFLINE
2026-07-01 22:43:20,298 | CRITICAL | SourceEngine | ALL PROVIDERS FAILED : BTC-USD
2026-07-01 22:43:20,300 | INFO     | SourceEngine | REQUEST : BTC-USD
2026-07-01 22:43:20,499 | WARNING  | HealthManager | Provider MASSIVE is unhealthy.
2026-07-01 22:43:20,499 | WARNING  | SourceEngine | MASSIVE OFFLINE
2026-07-01 22:43:20,952 | ERROR    | StatisticsManager | FINNHUB failed after 0.2211s
2026-07-01 22:43:20,953 | WARNING  | SourceEngine | FINNHUB : EMPTY_DATA
2026-07-01 22:43:21,166 | WARNING  | HealthManager | Provider FMP is unhealthy.
2026-07-01 22:43:21,166 | WARNING  | SourceEngine | FMP OFFLINE
2026-07-01 22:43:22,970 | WARNING  | HealthManager | Provider ALPHA_VANTAGE is unhealthy.
2026-07-01 22:43:22,971 | WARNING  | SourceEngine | ALPHA_VANTAGE OFFLINE
2026-07-01 22:43:22,972 | CRITICAL | SourceEngine | ALL PROVIDERS FAILED : BTC-USD
2026-07-01 22:44:22,974 | INFO     | SourceEngine | REQUEST : SPX
2026-07-01 22:44:23,247 | WARNING  | HealthManager | Provider MASSIVE is unhealthy.
2026-07-01 22:44:23,249 | WARNING  | SourceEngine | MASSIVE OFFLINE
2026-07-01 22:44:23,701 | ERROR    | StatisticsManager | FINNHUB failed after 0.2320s
2026-07-01 22:44:23,702 | WARNING  | SourceEngine | FINNHUB : EMPTY_DATA
2026-07-01 22:44:25,107 | WARNING  | HealthManager | Provider FMP is unhealthy.
2026-07-01 22:44:25,108 | WARNING  | SourceEngine | FMP OFFLINE
2026-07-01 22:44:25,522 | WARNING  | HealthManager | Provider ALPHA_VANTAGE is unhealthy.
2026-07-01 22:44:25,522 | WARNING  | SourceEngine | ALPHA_VANTAGE OFFLINE
2026-07-01 22:44:25,522 | CRITICAL | SourceEngine | ALL PROVIDERS FAILED : SPX
2026-07-01 22:44:25,523 | INFO     | SourceEngine | REQUEST : ^GSPC
2026-07-01 22:44:25,725 | WARNING  | HealthManager | Provider MASSIVE is unhealthy.
2026-07-01 22:44:25,726 | WARNING  | SourceEngine | MASSIVE OFFLINE
2026-07-01 22:44:26,196 | ERROR    | StatisticsManager | FINNHUB failed after 0.2227s
2026-07-01 22:44:26,197 | WARNING  | SourceEngine | FINNHUB : EMPTY_DATA
2026-07-01 22:44:26,408 | WARNING  | HealthManager | Provider FMP is unhealthy.
2026-07-01 22:44:26,409 | WARNING  | SourceEngine | FMP OFFLINE
2026-07-01 22:44:26,879 | WARNING  | HealthManager | Provider ALPHA_VANTAGE is unhealthy.
2026-07-01 22:44:26,880 | WARNING  | SourceEngine | ALPHA_VANTAGE OFFLINE
2026-07-01 22:44:26,881 | CRITICAL | SourceEngine | ALL PROVIDERS FAILED : ^GSPC
2026-07-01 22:44:26,883 | INFO     | SourceEngine | REQUEST : SPX
2026-07-01 22:44:27,085 | WARNING  | HealthManager | Provider MASSIVE is unhealthy.
2026-07-01 22:44:27,086 | WARNING  | SourceEngine | MASSIVE OFFLINE
2026-07-01 22:44:27,559 | ERROR    | StatisticsManager | FINNHUB failed after 0.2245s
2026-07-01 22:44:27,560 | WARNING  | SourceEngine | FINNHUB : EMPTY_DATA
2026-07-01 22:44:27,804 | WARNING  | HealthManager | Provider FMP is unhealthy.
2026-07-01 22:44:27,805 | WARNING  | SourceEngine | FMP OFFLINE
2026-07-01 22:44:29,234 | WARNING  | HealthManager | Provider ALPHA_VANTAGE is unhealthy.
2026-07-01 22:44:29,235 | WARNING  | SourceEngine | ALPHA_VANTAGE OFFLINE
2026-07-01 22:44:29,236 | CRITICAL | SourceEngine | ALL PROVIDERS FAILED : SPX
2026-07-01 22:44:29,238 | INFO     | SourceEngine | REQUEST : SPX
2026-07-01 22:44:29,443 | WARNING  | HealthManager | Provider MASSIVE is unhealthy.
2026-07-01 22:44:29,444 | WARNING  | SourceEngine | MASSIVE OFFLINE
2026-07-01 22:44:29,886 | ERROR    | StatisticsManager | FINNHUB failed after 0.2154s
2026-07-01 22:44:29,887 | WARNING  | SourceEngine | FINNHUB : EMPTY_DATA
2026-07-01 22:44:30,097 | WARNING  | HealthManager | Provider FMP is unhealthy.
2026-07-01 22:44:30,099 | WARNING  | SourceEngine | FMP OFFLINE
2026-07-01 22:44:30,442 | WARNING  | HealthManager | Provider ALPHA_VANTAGE is unhealthy.
2026-07-01 22:44:30,443 | WARNING  | SourceEngine | ALPHA_VANTAGE OFFLINE
2026-07-01 22:44:30,444 | CRITICAL | SourceEngine | ALL PROVIDERS FAILED : SPX
2026-07-01 22:44:30,444 | INFO     | SourceEngine | REQUEST : NASDAQ
2026-07-01 22:44:30,657 | WARNING  | HealthManager | Provider MASSIVE is unhealthy.
2026-07-01 22:44:30,658 | WARNING  | SourceEngine | MASSIVE OFFLINE
2026-07-01 22:44:31,250 | ERROR    | StatisticsManager | FINNHUB failed after 0.2238s
2026-07-01 22:44:31,252 | WARNING  | SourceEngine | FINNHUB : EMPTY_DATA
2026-07-01 22:44:31,464 | WARNING  | HealthManager | Provider FMP is unhealthy.
2026-07-01 22:44:31,464 | WARNING  | SourceEngine | FMP OFFLINE
2026-07-01 22:44:33,425 | WARNING  | HealthManager | Provider ALPHA_VANTAGE is unhealthy.
2026-07-01 22:44:33,426 | WARNING  | SourceEngine | ALPHA_VANTAGE OFFLINE
2026-07-01 22:44:33,427 | CRITICAL | SourceEngine | ALL PROVIDERS FAILED : NASDAQ
2026-07-01 22:44:33,428 | INFO     | SourceEngine | REQUEST : NASDAQ
2026-07-01 22:44:33,713 | WARNING  | HealthManager | Provider MASSIVE is unhealthy.
2026-07-01 22:44:33,714 | WARNING  | SourceEngine | MASSIVE OFFLINE
2026-07-01 22:44:34,290 | ERROR    | StatisticsManager | FINNHUB failed after 0.2428s
2026-07-01 22:44:34,291 | WARNING  | SourceEngine | FINNHUB : EMPTY_DATA
2026-07-01 22:44:34,506 | WARNING  | HealthManager | Provider FMP is unhealthy.
2026-07-01 22:44:34,507 | WARNING  | SourceEngine | FMP OFFLINE
2026-07-01 22:44:37,959 | WARNING  | HealthManager | Provider ALPHA_VANTAGE is unhealthy.
2026-07-01 22:44:37,960 | WARNING  | SourceEngine | ALPHA_VANTAGE OFFLINE
2026-07-01 22:44:37,961 | CRITICAL | SourceEngine | ALL PROVIDERS FAILED : NASDAQ
2026-07-01 22:44:37,963 | INFO     | SourceEngine | REQUEST : NASDAQ
2026-07-01 22:44:38,170 | WARNING  | HealthManager | Provider MASSIVE is unhealthy.
2026-07-01 22:44:38,170 | WARNING  | SourceEngine | MASSIVE OFFLINE
2026-07-01 22:44:38,780 | ERROR    | StatisticsManager | FINNHUB failed after 0.3855s
2026-07-01 22:44:38,781 | WARNING  | SourceEngine | FINNHUB : EMPTY_DATA
2026-07-01 22:44:38,979 | WARNING  | HealthManager | Provider FMP is unhealthy.
2026-07-01 22:44:38,980 | WARNING  | SourceEngine | FMP OFFLINE
2026-07-01 22:44:39,199 | WARNING  | HealthManager | Provider ALPHA_VANTAGE is unhealthy.
2026-07-01 22:44:39,200 | WARNING  | SourceEngine | ALPHA_VANTAGE OFFLINE
2026-07-01 22:44:39,200 | CRITICAL | SourceEngine | ALL PROVIDERS FAILED : NASDAQ
2026-07-01 22:44:39,201 | INFO     | SourceEngine | REQUEST : SPY
2026-07-01 22:44:39,457 | WARNING  | HealthManager | Provider MASSIVE is unhealthy.
2026-07-01 22:44:39,458 | WARNING  | SourceEngine | MASSIVE OFFLINE
2026-07-01 22:44:40,007 | ERROR    | StatisticsManager | FINNHUB failed after 0.3183s
2026-07-01 22:44:40,008 | WARNING  | SourceEngine | FINNHUB : EMPTY_DATA
2026-07-01 22:44:40,299 | WARNING  | HealthManager | Provider FMP is unhealthy.
2026-07-01 22:44:40,299 | WARNING  | SourceEngine | FMP OFFLINE
2026-07-01 22:44:40,519 | WARNING  | HealthManager | Provider ALPHA_VANTAGE is unhealthy.
2026-07-01 22:44:40,520 | WARNING  | SourceEngine | ALPHA_VANTAGE OFFLINE
2026-07-01 22:44:40,521 | CRITICAL | SourceEngine | ALL PROVIDERS FAILED : SPY
2026-07-01 22:44:40,522 | INFO     | SourceEngine | REQUEST : SPY
2026-07-01 22:44:40,767 | WARNING  | HealthManager | Provider MASSIVE is unhealthy.
2026-07-01 22:44:40,768 | WARNING  | SourceEngine | MASSIVE OFFLINE
2026-07-01 22:44:41,405 | ERROR    | StatisticsManager | FINNHUB failed after 0.4109s
2026-07-01 22:44:41,406 | WARNING  | SourceEngine | FINNHUB : EMPTY_DATA
2026-07-01 22:44:41,609 | WARNING  | HealthManager | Provider FMP is unhealthy.
2026-07-01 22:44:41,611 | WARNING  | SourceEngine | FMP OFFLINE
2026-07-01 22:44:44,676 | WARNING  | HealthManager | Provider ALPHA_VANTAGE is unhealthy.
2026-07-01 22:44:44,678 | WARNING  | SourceEngine | ALPHA_VANTAGE OFFLINE
2026-07-01 22:44:44,678 | CRITICAL | SourceEngine | ALL PROVIDERS FAILED : SPY
2026-07-01 22:44:44,680 | INFO     | SourceEngine | REQUEST : SPY
2026-07-01 22:44:44,885 | WARNING  | HealthManager | Provider MASSIVE is unhealthy.
2026-07-01 22:44:44,887 | WARNING  | SourceEngine | MASSIVE OFFLINE
2026-07-01 22:44:45,461 | ERROR    | StatisticsManager | FINNHUB failed after 0.2890s
2026-07-01 22:44:45,462 | WARNING  | SourceEngine | FINNHUB : EMPTY_DATA
2026-07-01 22:44:45,669 | WARNING  | HealthManager | Provider FMP is unhealthy.
2026-07-01 22:44:45,670 | WARNING  | SourceEngine | FMP OFFLINE
2026-07-01 22:44:46,874 | WARNING  | HealthManager | Provider ALPHA_VANTAGE is unhealthy.
2026-07-01 22:44:46,875 | WARNING  | SourceEngine | ALPHA_VANTAGE OFFLINE
2026-07-01 22:44:46,876 | CRITICAL | SourceEngine | ALL PROVIDERS FAILED : SPY
2026-07-01 22:44:46,877 | INFO     | SourceEngine | REQUEST : QQQ
2026-07-01 22:44:47,108 | WARNING  | HealthManager | Provider MASSIVE is unhealthy.
2026-07-01 22:44:47,109 | WARNING  | SourceEngine | MASSIVE OFFLINE
2026-07-01 22:44:47,574 | ERROR    | StatisticsManager | FINNHUB failed after 0.2324s
2026-07-01 22:44:47,575 | WARNING  | SourceEngine | FINNHUB : EMPTY_DATA
2026-07-01 22:44:47,786 | WARNING  | HealthManager | Provider FMP is unhealthy.
2026-07-01 22:44:47,787 | WARNING  | SourceEngine | FMP OFFLINE
2026-07-01 22:44:48,376 | WARNING  | HealthManager | Provider ALPHA_VANTAGE is unhealthy.
2026-07-01 22:44:48,377 | WARNING  | SourceEngine | ALPHA_VANTAGE OFFLINE
2026-07-01 22:44:48,379 | CRITICAL | SourceEngine | ALL PROVIDERS FAILED : QQQ
2026-07-01 22:44:48,381 | INFO     | SourceEngine | REQUEST : QQQ
2026-07-01 22:44:48,592 | WARNING  | HealthManager | Provider MASSIVE is unhealthy.
2026-07-01 22:44:48,593 | WARNING  | SourceEngine | MASSIVE OFFLINE
2026-07-01 22:44:49,044 | ERROR    | StatisticsManager | FINNHUB failed after 0.2314s
2026-07-01 22:44:49,044 | WARNING  | SourceEngine | FINNHUB : EMPTY_DATA
2026-07-01 22:44:49,251 | WARNING  | HealthManager | Provider FMP is unhealthy.
2026-07-01 22:44:49,252 | WARNING  | SourceEngine | FMP OFFLINE
2026-07-01 22:44:49,646 | WARNING  | HealthManager | Provider ALPHA_VANTAGE is unhealthy.
2026-07-01 22:44:49,647 | WARNING  | SourceEngine | ALPHA_VANTAGE OFFLINE
2026-07-01 22:44:49,647 | CRITICAL | SourceEngine | ALL PROVIDERS FAILED : QQQ
2026-07-01 22:44:49,649 | INFO     | SourceEngine | REQUEST : QQQ
2026-07-01 22:44:49,861 | WARNING  | HealthManager | Provider MASSIVE is unhealthy.
2026-07-01 22:44:49,862 | WARNING  | SourceEngine | MASSIVE OFFLINE
2026-07-01 22:44:50,317 | ERROR    | StatisticsManager | FINNHUB failed after 0.2195s
2026-07-01 22:44:50,318 | WARNING  | SourceEngine | FINNHUB : EMPTY_DATA
2026-07-01 22:44:50,528 | WARNING  | HealthManager | Provider FMP is unhealthy.
2026-07-01 22:44:50,529 | WARNING  | SourceEngine | FMP OFFLINE
2026-07-01 22:44:51,687 | WARNING  | HealthManager | Provider ALPHA_VANTAGE is unhealthy.
2026-07-01 22:44:51,688 | WARNING  | SourceEngine | ALPHA_VANTAGE OFFLINE
2026-07-01 22:44:51,689 | CRITICAL | SourceEngine | ALL PROVIDERS FAILED : QQQ
2026-07-01 22:44:51,690 | INFO     | SourceEngine | REQUEST : NVDA
2026-07-01 22:44:51,897 | WARNING  | HealthManager | Provider MASSIVE is unhealthy.
2026-07-01 22:44:51,898 | WARNING  | SourceEngine | MASSIVE OFFLINE
2026-07-01 22:44:52,382 | ERROR    | StatisticsManager | FINNHUB failed after 0.2523s
2026-07-01 22:44:52,383 | WARNING  | SourceEngine | FINNHUB : EMPTY_DATA
2026-07-01 22:44:52,599 | WARNING  | HealthManager | Provider FMP is unhealthy.
2026-07-01 22:44:52,599 | WARNING  | SourceEngine | FMP OFFLINE
2026-07-01 22:44:53,570 | WARNING  | HealthManager | Provider ALPHA_VANTAGE is unhealthy.
2026-07-01 22:44:53,571 | WARNING  | SourceEngine | ALPHA_VANTAGE OFFLINE
2026-07-01 22:44:53,572 | CRITICAL | SourceEngine | ALL PROVIDERS FAILED : NVDA
2026-07-01 22:44:53,574 | INFO     | SourceEngine | REQUEST : NVDA
2026-07-01 22:44:53,775 | WARNING  | HealthManager | Provider MASSIVE is unhealthy.
2026-07-01 22:44:53,776 | WARNING  | SourceEngine | MASSIVE OFFLINE
2026-07-01 22:44:54,228 | ERROR    | StatisticsManager | FINNHUB failed after 0.2195s
2026-07-01 22:44:54,229 | WARNING  | SourceEngine | FINNHUB : EMPTY_DATA
2026-07-01 22:44:54,435 | WARNING  | HealthManager | Provider FMP is unhealthy.
2026-07-01 22:44:54,436 | WARNING  | SourceEngine | FMP OFFLINE
2026-07-01 22:44:56,500 | WARNING  | HealthManager | Provider ALPHA_VANTAGE is unhealthy.
2026-07-01 22:44:56,501 | WARNING  | SourceEngine | ALPHA_VANTAGE OFFLINE
2026-07-01 22:44:56,501 | CRITICAL | SourceEngine | ALL PROVIDERS FAILED : NVDA
2026-07-01 22:44:56,503 | INFO     | SourceEngine | REQUEST : NVDA
2026-07-01 22:44:56,709 | WARNING  | HealthManager | Provider MASSIVE is unhealthy.
2026-07-01 22:44:56,710 | WARNING  | SourceEngine | MASSIVE OFFLINE
2026-07-01 22:44:57,195 | ERROR    | StatisticsManager | FINNHUB failed after 0.2271s
2026-07-01 22:44:57,196 | WARNING  | SourceEngine | FINNHUB : EMPTY_DATA
2026-07-01 22:44:57,400 | WARNING  | HealthManager | Provider FMP is unhealthy.
2026-07-01 22:44:57,401 | WARNING  | SourceEngine | FMP OFFLINE
2026-07-01 22:44:58,271 | WARNING  | HealthManager | Provider ALPHA_VANTAGE is unhealthy.
2026-07-01 22:44:58,272 | WARNING  | SourceEngine | ALPHA_VANTAGE OFFLINE
2026-07-01 22:44:58,273 | CRITICAL | SourceEngine | ALL PROVIDERS FAILED : NVDA
2026-07-01 22:44:58,274 | INFO     | SourceEngine | REQUEST : AAPL
2026-07-01 22:44:58,498 | WARNING  | HealthManager | Provider MASSIVE is unhealthy.
2026-07-01 22:44:58,499 | WARNING  | SourceEngine | MASSIVE OFFLINE
2026-07-01 22:44:59,002 | ERROR    | StatisticsManager | FINNHUB failed after 0.2677s
2026-07-01 22:44:59,003 | WARNING  | SourceEngine | FINNHUB : EMPTY_DATA
2026-07-01 22:44:59,210 | WARNING  | HealthManager | Provider FMP is unhealthy.
2026-07-01 22:44:59,211 | WARNING  | SourceEngine | FMP OFFLINE
2026-07-01 22:44:59,421 | WARNING  | HealthManager | Provider ALPHA_VANTAGE is unhealthy.
2026-07-01 22:44:59,423 | WARNING  | SourceEngine | ALPHA_VANTAGE OFFLINE
2026-07-01 22:44:59,424 | CRITICAL | SourceEngine | ALL PROVIDERS FAILED : AAPL
2026-07-01 22:44:59,425 | INFO     | SourceEngine | REQUEST : AAPL
2026-07-01 22:44:59,625 | WARNING  | HealthManager | Provider MASSIVE is unhealthy.
2026-07-01 22:44:59,626 | WARNING  | SourceEngine | MASSIVE OFFLINE
2026-07-01 22:45:00,080 | ERROR    | StatisticsManager | FINNHUB failed after 0.2243s
2026-07-01 22:45:00,081 | WARNING  | SourceEngine | FINNHUB : EMPTY_DATA
2026-07-01 22:45:00,300 | WARNING  | HealthManager | Provider FMP is unhealthy.
2026-07-01 22:45:00,301 | WARNING  | SourceEngine | FMP OFFLINE
2026-07-01 22:45:02,852 | WARNING  | HealthManager | Provider ALPHA_VANTAGE is unhealthy.
2026-07-01 22:45:02,853 | WARNING  | SourceEngine | ALPHA_VANTAGE OFFLINE
2026-07-01 22:45:02,853 | CRITICAL | SourceEngine | ALL PROVIDERS FAILED : AAPL
2026-07-01 22:45:02,855 | INFO     | SourceEngine | REQUEST : AAPL
2026-07-01 22:45:03,090 | WARNING  | HealthManager | Provider MASSIVE is unhealthy.
2026-07-01 22:45:03,091 | WARNING  | SourceEngine | MASSIVE OFFLINE
2026-07-01 22:45:03,576 | ERROR    | StatisticsManager | FINNHUB failed after 0.2485s
2026-07-01 22:45:03,577 | WARNING  | SourceEngine | FINNHUB : EMPTY_DATA
2026-07-01 22:45:03,797 | WARNING  | HealthManager | Provider FMP is unhealthy.
2026-07-01 22:45:03,798 | WARNING  | SourceEngine | FMP OFFLINE
2026-07-01 22:45:09,514 | WARNING  | HealthManager | Provider ALPHA_VANTAGE is unhealthy.
2026-07-01 22:45:09,517 | WARNING  | SourceEngine | ALPHA_VANTAGE OFFLINE
2026-07-01 22:45:09,532 | CRITICAL | SourceEngine | ALL PROVIDERS FAILED : AAPL
2026-07-01 22:45:09,533 | INFO     | SourceEngine | REQUEST : MSFT
2026-07-01 22:45:09,726 | WARNING  | HealthManager | Provider MASSIVE is unhealthy.
2026-07-01 22:45:09,726 | WARNING  | SourceEngine | MASSIVE OFFLINE
2026-07-01 22:45:10,273 | ERROR    | StatisticsManager | FINNHUB failed after 0.2593s
2026-07-01 22:45:10,274 | WARNING  | SourceEngine | FINNHUB : EMPTY_DATA
2026-07-01 22:45:10,549 | WARNING  | HealthManager | Provider FMP is unhealthy.
2026-07-01 22:45:10,549 | WARNING  | SourceEngine | FMP OFFLINE
2026-07-01 22:45:14,601 | WARNING  | HealthManager | Provider ALPHA_VANTAGE is unhealthy.
2026-07-01 22:45:14,602 | WARNING  | SourceEngine | ALPHA_VANTAGE OFFLINE
2026-07-01 22:45:14,602 | CRITICAL | SourceEngine | ALL PROVIDERS FAILED : MSFT
2026-07-01 22:45:14,603 | INFO     | SourceEngine | REQUEST : MSFT
2026-07-01 22:45:14,815 | WARNING  | HealthManager | Provider MASSIVE is unhealthy.
2026-07-01 22:45:14,816 | WARNING  | SourceEngine | MASSIVE OFFLINE
2026-07-01 22:45:15,273 | ERROR    | StatisticsManager | FINNHUB failed after 0.2299s
2026-07-01 22:45:15,273 | WARNING  | SourceEngine | FINNHUB : EMPTY_DATA
2026-07-01 22:45:15,486 | WARNING  | HealthManager | Provider FMP is unhealthy.
2026-07-01 22:45:15,487 | WARNING  | SourceEngine | FMP OFFLINE
2026-07-01 22:45:20,007 | WARNING  | HealthManager | Provider ALPHA_VANTAGE is unhealthy.
2026-07-01 22:45:20,008 | WARNING  | SourceEngine | ALPHA_VANTAGE OFFLINE
2026-07-01 22:45:20,009 | CRITICAL | SourceEngine | ALL PROVIDERS FAILED : MSFT
2026-07-01 22:45:20,010 | INFO     | SourceEngine | REQUEST : MSFT
2026-07-01 22:45:20,217 | WARNING  | HealthManager | Provider MASSIVE is unhealthy.
2026-07-01 22:45:20,218 | WARNING  | SourceEngine | MASSIVE OFFLINE
2026-07-01 22:45:20,677 | ERROR    | StatisticsManager | FINNHUB failed after 0.2238s
2026-07-01 22:45:20,678 | WARNING  | SourceEngine | FINNHUB : EMPTY_DATA
2026-07-01 22:45:20,889 | WARNING  | HealthManager | Provider FMP is unhealthy.
2026-07-01 22:45:20,889 | WARNING  | SourceEngine | FMP OFFLINE
2026-07-01 22:45:24,154 | WARNING  | HealthManager | Provider ALPHA_VANTAGE is unhealthy.
2026-07-01 22:45:24,155 | WARNING  | SourceEngine | ALPHA_VANTAGE OFFLINE
2026-07-01 22:45:24,155 | CRITICAL | SourceEngine | ALL PROVIDERS FAILED : MSFT
2026-07-01 22:45:24,155 | INFO     | SourceEngine | REQUEST : META
2026-07-01 22:45:24,355 | WARNING  | HealthManager | Provider MASSIVE is unhealthy.
2026-07-01 22:45:24,356 | WARNING  | SourceEngine | MASSIVE OFFLINE
2026-07-01 22:45:24,853 | ERROR    | StatisticsManager | FINNHUB failed after 0.2268s
2026-07-01 22:45:24,853 | WARNING  | SourceEngine | FINNHUB : EMPTY_DATA
2026-07-01 22:45:25,193 | WARNING  | HealthManager | Provider FMP is unhealthy.
2026-07-01 22:45:25,194 | WARNING  | SourceEngine | FMP OFFLINE
2026-07-01 22:45:33,333 | WARNING  | HealthManager | Provider ALPHA_VANTAGE is unhealthy.
2026-07-01 22:45:33,333 | WARNING  | SourceEngine | ALPHA_VANTAGE OFFLINE
2026-07-01 22:45:33,334 | CRITICAL | SourceEngine | ALL PROVIDERS FAILED : META
2026-07-01 22:45:33,335 | INFO     | SourceEngine | REQUEST : META
2026-07-01 22:45:33,554 | WARNING  | HealthManager | Provider MASSIVE is unhealthy.
2026-07-01 22:45:33,554 | WARNING  | SourceEngine | MASSIVE OFFLINE
2026-07-01 22:45:34,011 | ERROR    | StatisticsManager | FINNHUB failed after 0.2297s
2026-07-01 22:45:34,012 | WARNING  | SourceEngine | FINNHUB : EMPTY_DATA
2026-07-01 22:45:34,224 | WARNING  | HealthManager | Provider FMP is unhealthy.
2026-07-01 22:45:34,224 | WARNING  | SourceEngine | FMP OFFLINE
2026-07-01 22:45:37,154 | WARNING  | HealthManager | Provider ALPHA_VANTAGE is unhealthy.
2026-07-01 22:45:37,155 | WARNING  | SourceEngine | ALPHA_VANTAGE OFFLINE
2026-07-01 22:45:37,155 | CRITICAL | SourceEngine | ALL PROVIDERS FAILED : META
2026-07-01 22:45:37,155 | INFO     | SourceEngine | REQUEST : META
2026-07-01 22:45:37,350 | WARNING  | HealthManager | Provider MASSIVE is unhealthy.
2026-07-01 22:45:37,350 | WARNING  | SourceEngine | MASSIVE OFFLINE
2026-07-01 22:45:37,804 | ERROR    | StatisticsManager | FINNHUB failed after 0.2214s
2026-07-01 22:45:37,806 | WARNING  | SourceEngine | FINNHUB : EMPTY_DATA
2026-07-01 22:45:38,022 | WARNING  | HealthManager | Provider FMP is unhealthy.
2026-07-01 22:45:38,023 | WARNING  | SourceEngine | FMP OFFLINE
2026-07-01 22:45:44,154 | WARNING  | HealthManager | Provider ALPHA_VANTAGE is unhealthy.
2026-07-01 22:45:44,155 | WARNING  | SourceEngine | ALPHA_VANTAGE OFFLINE
2026-07-01 22:45:44,156 | CRITICAL | SourceEngine | ALL PROVIDERS FAILED : META
2026-07-01 22:45:44,157 | INFO     | SourceEngine | REQUEST : AMZN
2026-07-01 22:45:44,351 | WARNING  | HealthManager | Provider MASSIVE is unhealthy.
2026-07-01 22:45:44,352 | WARNING  | SourceEngine | MASSIVE OFFLINE
2026-07-01 22:45:44,849 | ERROR    | StatisticsManager | FINNHUB failed after 0.2531s
2026-07-01 22:45:44,850 | WARNING  | SourceEngine | FINNHUB : EMPTY_DATA
2026-07-01 22:45:45,067 | WARNING  | HealthManager | Provider FMP is unhealthy.
2026-07-01 22:45:45,068 | WARNING  | SourceEngine | FMP OFFLINE
2026-07-01 22:45:46,872 | WARNING  | HealthManager | Provider ALPHA_VANTAGE is unhealthy.
2026-07-01 22:45:46,873 | WARNING  | SourceEngine | ALPHA_VANTAGE OFFLINE
2026-07-01 22:45:46,874 | CRITICAL | SourceEngine | ALL PROVIDERS FAILED : AMZN
2026-07-01 22:45:46,876 | INFO     | SourceEngine | REQUEST : AMZN
2026-07-01 22:45:47,081 | WARNING  | HealthManager | Provider MASSIVE is unhealthy.
2026-07-01 22:45:47,081 | WARNING  | SourceEngine | MASSIVE OFFLINE
2026-07-01 22:45:47,577 | ERROR    | StatisticsManager | FINNHUB failed after 0.2472s
2026-07-01 22:45:47,578 | WARNING  | SourceEngine | FINNHUB : EMPTY_DATA
2026-07-01 22:45:47,796 | WARNING  | HealthManager | Provider FMP is unhealthy.
2026-07-01 22:45:47,797 | WARNING  | SourceEngine | FMP OFFLINE
2026-07-01 22:45:48,925 | WARNING  | HealthManager | Provider ALPHA_VANTAGE is unhealthy.
2026-07-01 22:45:48,927 | WARNING  | SourceEngine | ALPHA_VANTAGE OFFLINE
2026-07-01 22:45:48,933 | CRITICAL | SourceEngine | ALL PROVIDERS FAILED : AMZN
2026-07-01 22:45:48,934 | INFO     | SourceEngine | REQUEST : AMZN
2026-07-01 22:45:49,141 | WARNING  | HealthManager | Provider MASSIVE is unhealthy.
2026-07-01 22:45:49,141 | WARNING  | SourceEngine | MASSIVE OFFLINE
2026-07-01 22:45:49,603 | ERROR    | StatisticsManager | FINNHUB failed after 0.2321s
2026-07-01 22:45:49,603 | WARNING  | SourceEngine | FINNHUB : EMPTY_DATA
2026-07-01 22:45:49,817 | WARNING  | HealthManager | Provider FMP is unhealthy.
2026-07-01 22:45:49,817 | WARNING  | SourceEngine | FMP OFFLINE
2026-07-01 22:45:52,040 | WARNING  | HealthManager | Provider ALPHA_VANTAGE is unhealthy.
2026-07-01 22:45:52,041 | WARNING  | SourceEngine | ALPHA_VANTAGE OFFLINE
2026-07-01 22:45:52,042 | CRITICAL | SourceEngine | ALL PROVIDERS FAILED : AMZN
2026-07-01 22:45:52,043 | INFO     | SourceEngine | REQUEST : GOOGL
2026-07-01 22:45:52,264 | WARNING  | HealthManager | Provider MASSIVE is unhealthy.
2026-07-01 22:45:52,265 | WARNING  | SourceEngine | MASSIVE OFFLINE
2026-07-01 22:45:52,790 | ERROR    | StatisticsManager | FINNHUB failed after 0.2407s
2026-07-01 22:45:52,791 | WARNING  | SourceEngine | FINNHUB : EMPTY_DATA
2026-07-01 22:45:53,013 | WARNING  | HealthManager | Provider FMP is unhealthy.
2026-07-01 22:45:53,014 | WARNING  | SourceEngine | FMP OFFLINE
2026-07-01 22:45:55,166 | WARNING  | HealthManager | Provider ALPHA_VANTAGE is unhealthy.
2026-07-01 22:45:55,168 | WARNING  | SourceEngine | ALPHA_VANTAGE OFFLINE
2026-07-01 22:45:55,170 | CRITICAL | SourceEngine | ALL PROVIDERS FAILED : GOOGL
2026-07-01 22:45:55,172 | INFO     | SourceEngine | REQUEST : GOOGL
2026-07-01 22:45:55,373 | WARNING  | HealthManager | Provider MASSIVE is unhealthy.
2026-07-01 22:45:55,374 | WARNING  | SourceEngine | MASSIVE OFFLINE
2026-07-01 22:45:55,864 | ERROR    | StatisticsManager | FINNHUB failed after 0.2494s
2026-07-01 22:45:55,865 | WARNING  | SourceEngine | FINNHUB : EMPTY_DATA
2026-07-01 22:45:56,148 | WARNING  | HealthManager | Provider FMP is unhealthy.
2026-07-01 22:45:56,149 | WARNING  | SourceEngine | FMP OFFLINE
2026-07-01 22:45:56,437 | WARNING  | HealthManager | Provider ALPHA_VANTAGE is unhealthy.
2026-07-01 22:45:56,438 | WARNING  | SourceEngine | ALPHA_VANTAGE OFFLINE
2026-07-01 22:45:56,438 | CRITICAL | SourceEngine | ALL PROVIDERS FAILED : GOOGL
2026-07-01 22:45:56,439 | INFO     | SourceEngine | REQUEST : GOOGL
2026-07-01 22:45:56,709 | WARNING  | HealthManager | Provider MASSIVE is unhealthy.
2026-07-01 22:45:56,710 | WARNING  | SourceEngine | MASSIVE OFFLINE
2026-07-01 22:45:57,333 | ERROR    | StatisticsManager | FINNHUB failed after 0.3175s
2026-07-01 22:45:57,335 | WARNING  | SourceEngine | FINNHUB : EMPTY_DATA
2026-07-01 22:45:57,616 | WARNING  | HealthManager | Provider FMP is unhealthy.
2026-07-01 22:45:57,617 | WARNING  | SourceEngine | FMP OFFLINE
2026-07-01 22:45:58,458 | WARNING  | HealthManager | Provider ALPHA_VANTAGE is unhealthy.
2026-07-01 22:45:58,460 | WARNING  | SourceEngine | ALPHA_VANTAGE OFFLINE
2026-07-01 22:45:58,461 | CRITICAL | SourceEngine | ALL PROVIDERS FAILED : GOOGL
2026-07-01 22:45:58,462 | INFO     | SourceEngine | REQUEST : AVGO
2026-07-01 22:45:58,736 | WARNING  | HealthManager | Provider MASSIVE is unhealthy.
2026-07-01 22:45:58,736 | WARNING  | SourceEngine | MASSIVE OFFLINE
2026-07-01 22:45:59,237 | ERROR    | StatisticsManager | FINNHUB failed after 0.2657s
2026-07-01 22:45:59,238 | WARNING  | SourceEngine | FINNHUB : EMPTY_DATA
2026-07-01 22:45:59,450 | WARNING  | HealthManager | Provider FMP is unhealthy.
2026-07-01 22:45:59,450 | WARNING  | SourceEngine | FMP OFFLINE
2026-07-01 22:45:59,843 | WARNING  | HealthManager | Provider ALPHA_VANTAGE is unhealthy.
2026-07-01 22:45:59,844 | WARNING  | SourceEngine | ALPHA_VANTAGE OFFLINE
2026-07-01 22:45:59,844 | CRITICAL | SourceEngine | ALL PROVIDERS FAILED : AVGO
2026-07-01 22:45:59,845 | INFO     | SourceEngine | REQUEST : AVGO
2026-07-01 22:46:01,882 | WARNING  | HealthManager | Provider MASSIVE is unhealthy.
2026-07-01 22:46:01,882 | WARNING  | SourceEngine | MASSIVE OFFLINE
2026-07-01 22:46:02,326 | ERROR    | StatisticsManager | FINNHUB failed after 0.2196s
2026-07-01 22:46:02,327 | WARNING  | SourceEngine | FINNHUB : EMPTY_DATA
2026-07-01 22:46:02,636 | WARNING  | HealthManager | Provider FMP is unhealthy.
2026-07-01 22:46:02,636 | WARNING  | SourceEngine | FMP OFFLINE
2026-07-01 22:46:04,597 | WARNING  | HealthManager | Provider ALPHA_VANTAGE is unhealthy.
2026-07-01 22:46:04,598 | WARNING  | SourceEngine | ALPHA_VANTAGE OFFLINE
2026-07-01 22:46:04,598 | CRITICAL | SourceEngine | ALL PROVIDERS FAILED : AVGO
2026-07-01 22:46:04,600 | INFO     | SourceEngine | REQUEST : AVGO
2026-07-01 22:46:04,877 | WARNING  | HealthManager | Provider MASSIVE is unhealthy.
2026-07-01 22:46:04,878 | WARNING  | SourceEngine | MASSIVE OFFLINE
2026-07-01 22:46:05,344 | ERROR    | StatisticsManager | FINNHUB failed after 0.2441s
2026-07-01 22:46:05,344 | WARNING  | SourceEngine | FINNHUB : EMPTY_DATA
2026-07-01 22:46:05,554 | WARNING  | HealthManager | Provider FMP is unhealthy.
2026-07-01 22:46:05,555 | WARNING  | SourceEngine | FMP OFFLINE
2026-07-01 22:46:06,793 | WARNING  | HealthManager | Provider ALPHA_VANTAGE is unhealthy.
2026-07-01 22:46:06,794 | WARNING  | SourceEngine | ALPHA_VANTAGE OFFLINE
2026-07-01 22:46:06,795 | CRITICAL | SourceEngine | ALL PROVIDERS FAILED : AVGO
2026-07-01 22:46:06,796 | INFO     | SourceEngine | REQUEST : TSLA
2026-07-01 22:46:07,004 | WARNING  | HealthManager | Provider MASSIVE is unhealthy.
2026-07-01 22:46:07,005 | WARNING  | SourceEngine | MASSIVE OFFLINE
2026-07-01 22:46:07,463 | ERROR    | StatisticsManager | FINNHUB failed after 0.2349s
2026-07-01 22:46:07,464 | WARNING  | SourceEngine | FINNHUB : EMPTY_DATA
2026-07-01 22:46:07,689 | WARNING  | HealthManager | Provider FMP is unhealthy.
2026-07-01 22:46:07,689 | WARNING  | SourceEngine | FMP OFFLINE
2026-07-01 22:46:08,462 | WARNING  | HealthManager | Provider ALPHA_VANTAGE is unhealthy.
2026-07-01 22:46:08,462 | WARNING  | SourceEngine | ALPHA_VANTAGE OFFLINE
2026-07-01 22:46:08,463 | CRITICAL | SourceEngine | ALL PROVIDERS FAILED : TSLA
2026-07-01 22:46:08,463 | INFO     | SourceEngine | REQUEST : TSLA
2026-07-01 22:46:08,660 | WARNING  | HealthManager | Provider MASSIVE is unhealthy.
2026-07-01 22:46:08,660 | WARNING  | SourceEngine | MASSIVE OFFLINE
2026-07-01 22:46:09,124 | ERROR    | StatisticsManager | FINNHUB failed after 0.2426s
2026-07-01 22:46:09,125 | WARNING  | SourceEngine | FINNHUB : EMPTY_DATA
2026-07-01 22:46:09,349 | WARNING  | HealthManager | Provider FMP is unhealthy.
2026-07-01 22:46:09,351 | WARNING  | SourceEngine | FMP OFFLINE
2026-07-01 22:46:09,848 | WARNING  | HealthManager | Provider ALPHA_VANTAGE is unhealthy.
2026-07-01 22:46:09,848 | WARNING  | SourceEngine | ALPHA_VANTAGE OFFLINE
2026-07-01 22:46:09,849 | CRITICAL | SourceEngine | ALL PROVIDERS FAILED : TSLA
2026-07-01 22:46:09,851 | INFO     | SourceEngine | REQUEST : TSLA
2026-07-01 22:46:10,059 | WARNING  | HealthManager | Provider MASSIVE is unhealthy.
2026-07-01 22:46:10,060 | WARNING  | SourceEngine | MASSIVE OFFLINE
2026-07-01 22:46:10,530 | ERROR    | StatisticsManager | FINNHUB failed after 0.2325s
2026-07-01 22:46:10,531 | WARNING  | SourceEngine | FINNHUB : EMPTY_DATA
2026-07-01 22:46:10,762 | WARNING  | HealthManager | Provider FMP is unhealthy.
2026-07-01 22:46:10,762 | WARNING  | SourceEngine | FMP OFFLINE
2026-07-01 22:46:15,610 | WARNING  | HealthManager | Provider ALPHA_VANTAGE is unhealthy.
2026-07-01 22:46:15,611 | WARNING  | SourceEngine | ALPHA_VANTAGE OFFLINE
2026-07-01 22:46:15,612 | CRITICAL | SourceEngine | ALL PROVIDERS FAILED : TSLA
2026-07-01 22:46:15,613 | INFO     | SourceEngine | REQUEST : NFLX
2026-07-01 22:46:15,812 | WARNING  | HealthManager | Provider MASSIVE is unhealthy.
2026-07-01 22:46:15,813 | WARNING  | SourceEngine | MASSIVE OFFLINE
2026-07-01 22:46:16,283 | ERROR    | StatisticsManager | FINNHUB failed after 0.2295s
2026-07-01 22:46:16,284 | WARNING  | SourceEngine | FINNHUB : EMPTY_DATA
2026-07-01 22:46:16,504 | WARNING  | HealthManager | Provider FMP is unhealthy.
2026-07-01 22:46:16,505 | WARNING  | SourceEngine | FMP OFFLINE
2026-07-01 22:46:24,808 | WARNING  | HealthManager | Provider ALPHA_VANTAGE is unhealthy.
2026-07-01 22:46:24,808 | WARNING  | SourceEngine | ALPHA_VANTAGE OFFLINE
2026-07-01 22:46:24,809 | CRITICAL | SourceEngine | ALL PROVIDERS FAILED : NFLX
2026-07-01 22:46:24,810 | INFO     | SourceEngine | REQUEST : NFLX
2026-07-01 22:46:25,016 | WARNING  | HealthManager | Provider MASSIVE is unhealthy.
2026-07-01 22:46:25,017 | WARNING  | SourceEngine | MASSIVE OFFLINE
2026-07-01 22:46:25,470 | ERROR    | StatisticsManager | FINNHUB failed after 0.2228s
2026-07-01 22:46:25,471 | WARNING  | SourceEngine | FINNHUB : EMPTY_DATA
2026-07-01 22:46:25,681 | WARNING  | HealthManager | Provider FMP is unhealthy.
2026-07-01 22:46:25,682 | WARNING  | SourceEngine | FMP OFFLINE
2026-07-01 22:46:26,369 | WARNING  | HealthManager | Provider ALPHA_VANTAGE is unhealthy.
2026-07-01 22:46:26,369 | WARNING  | SourceEngine | ALPHA_VANTAGE OFFLINE
2026-07-01 22:46:26,370 | CRITICAL | SourceEngine | ALL PROVIDERS FAILED : NFLX
2026-07-01 22:46:26,372 | INFO     | SourceEngine | REQUEST : NFLX
2026-07-01 22:46:26,578 | WARNING  | HealthManager | Provider MASSIVE is unhealthy.
2026-07-01 22:46:26,579 | WARNING  | SourceEngine | MASSIVE OFFLINE
2026-07-01 22:46:27,032 | ERROR    | StatisticsManager | FINNHUB failed after 0.2367s
2026-07-01 22:46:27,033 | WARNING  | SourceEngine | FINNHUB : EMPTY_DATA
2026-07-01 22:46:27,237 | WARNING  | HealthManager | Provider FMP is unhealthy.
2026-07-01 22:46:27,238 | WARNING  | SourceEngine | FMP OFFLINE
2026-07-01 22:46:28,234 | WARNING  | HealthManager | Provider ALPHA_VANTAGE is unhealthy.
2026-07-01 22:46:28,235 | WARNING  | SourceEngine | ALPHA_VANTAGE OFFLINE
2026-07-01 22:46:28,236 | CRITICAL | SourceEngine | ALL PROVIDERS FAILED : NFLX
2026-07-01 22:46:28,237 | INFO     | SourceEngine | REQUEST : AMD
2026-07-01 22:46:28,445 | WARNING  | HealthManager | Provider MASSIVE is unhealthy.
2026-07-01 22:46:28,446 | WARNING  | SourceEngine | MASSIVE OFFLINE
2026-07-01 22:46:28,926 | ERROR    | StatisticsManager | FINNHUB failed after 0.2461s
2026-07-01 22:46:28,927 | WARNING  | SourceEngine | FINNHUB : EMPTY_DATA
2026-07-01 22:46:29,135 | WARNING  | HealthManager | Provider FMP is unhealthy.
2026-07-01 22:46:29,136 | WARNING  | SourceEngine | FMP OFFLINE
2026-07-01 22:46:29,506 | WARNING  | HealthManager | Provider ALPHA_VANTAGE is unhealthy.
2026-07-01 22:46:29,507 | WARNING  | SourceEngine | ALPHA_VANTAGE OFFLINE
2026-07-01 22:46:29,507 | CRITICAL | SourceEngine | ALL PROVIDERS FAILED : AMD
2026-07-01 22:46:29,509 | INFO     | SourceEngine | REQUEST : AMD
2026-07-01 22:46:29,709 | WARNING  | HealthManager | Provider MASSIVE is unhealthy.
2026-07-01 22:46:29,709 | WARNING  | SourceEngine | MASSIVE OFFLINE
2026-07-01 22:46:30,193 | ERROR    | StatisticsManager | FINNHUB failed after 0.2335s
2026-07-01 22:46:30,194 | WARNING  | SourceEngine | FINNHUB : EMPTY_DATA
2026-07-01 22:46:30,408 | WARNING  | HealthManager | Provider FMP is unhealthy.
2026-07-01 22:46:30,409 | WARNING  | SourceEngine | FMP OFFLINE
2026-07-01 22:46:36,573 | WARNING  | HealthManager | Provider ALPHA_VANTAGE is unhealthy.
2026-07-01 22:46:36,574 | WARNING  | SourceEngine | ALPHA_VANTAGE OFFLINE
2026-07-01 22:46:36,574 | CRITICAL | SourceEngine | ALL PROVIDERS FAILED : AMD
2026-07-01 22:46:36,575 | INFO     | SourceEngine | REQUEST : AMD
2026-07-01 22:46:41,581 | WARNING  | HealthManager | Provider MASSIVE is unhealthy.
2026-07-01 22:46:41,582 | WARNING  | SourceEngine | MASSIVE OFFLINE
2026-07-01 22:46:42,197 | ERROR    | StatisticsManager | FINNHUB failed after 0.2276s
2026-07-01 22:46:42,198 | WARNING  | SourceEngine | FINNHUB : EMPTY_DATA
2026-07-01 22:46:42,405 | WARNING  | HealthManager | Provider FMP is unhealthy.
2026-07-01 22:46:42,406 | WARNING  | SourceEngine | FMP OFFLINE
2026-07-01 22:46:42,629 | WARNING  | HealthManager | Provider ALPHA_VANTAGE is unhealthy.
2026-07-01 22:46:42,631 | WARNING  | SourceEngine | ALPHA_VANTAGE OFFLINE
2026-07-01 22:46:42,632 | CRITICAL | SourceEngine | ALL PROVIDERS FAILED : AMD
2026-07-01 22:46:42,633 | INFO     | SourceEngine | REQUEST : CRWD
2026-07-01 22:46:47,651 | WARNING  | HealthManager | Provider MASSIVE is unhealthy.
2026-07-01 22:46:47,652 | WARNING  | SourceEngine | MASSIVE OFFLINE
2026-07-01 22:46:48,207 | ERROR    | StatisticsManager | FINNHUB failed after 0.2575s
2026-07-01 22:46:48,208 | WARNING  | SourceEngine | FINNHUB : EMPTY_DATA
2026-07-01 22:46:48,424 | WARNING  | HealthManager | Provider FMP is unhealthy.
2026-07-01 22:46:48,425 | WARNING  | SourceEngine | FMP OFFLINE
2026-07-01 22:46:50,372 | WARNING  | HealthManager | Provider ALPHA_VANTAGE is unhealthy.
2026-07-01 22:46:50,373 | WARNING  | SourceEngine | ALPHA_VANTAGE OFFLINE
2026-07-01 22:46:50,374 | CRITICAL | SourceEngine | ALL PROVIDERS FAILED : CRWD
2026-07-01 22:46:50,375 | INFO     | SourceEngine | REQUEST : CRWD
2026-07-01 22:46:55,393 | WARNING  | HealthManager | Provider MASSIVE is unhealthy.
2026-07-01 22:46:55,394 | WARNING  | SourceEngine | MASSIVE OFFLINE
2026-07-01 22:46:55,953 | ERROR    | StatisticsManager | FINNHUB failed after 0.2438s
2026-07-01 22:46:55,953 | WARNING  | SourceEngine | FINNHUB : EMPTY_DATA
2026-07-01 22:46:56,163 | WARNING  | HealthManager | Provider FMP is unhealthy.
2026-07-01 22:46:56,164 | WARNING  | SourceEngine | FMP OFFLINE
2026-07-01 22:46:56,408 | WARNING  | HealthManager | Provider ALPHA_VANTAGE is unhealthy.
2026-07-01 22:46:56,409 | WARNING  | SourceEngine | ALPHA_VANTAGE OFFLINE
2026-07-01 22:46:56,409 | CRITICAL | SourceEngine | ALL PROVIDERS FAILED : CRWD
2026-07-01 22:46:56,410 | INFO     | SourceEngine | REQUEST : CRWD
2026-07-01 22:47:01,416 | WARNING  | HealthManager | Provider MASSIVE is unhealthy.
2026-07-01 22:47:01,417 | WARNING  | SourceEngine | MASSIVE OFFLINE
2026-07-01 22:47:01,937 | ERROR    | StatisticsManager | FINNHUB failed after 0.2352s
2026-07-01 22:47:01,938 | WARNING  | SourceEngine | FINNHUB : EMPTY_DATA
2026-07-01 22:47:02,405 | WARNING  | HealthManager | Provider FMP is unhealthy.
2026-07-01 22:47:02,406 | WARNING  | SourceEngine | FMP OFFLINE
2026-07-01 22:47:02,834 | WARNING  | HealthManager | Provider ALPHA_VANTAGE is unhealthy.
2026-07-01 22:47:02,835 | WARNING  | SourceEngine | ALPHA_VANTAGE OFFLINE
2026-07-01 22:47:02,836 | CRITICAL | SourceEngine | ALL PROVIDERS FAILED : CRWD
2026-07-01 22:47:02,837 | INFO     | SourceEngine | REQUEST : PLTR
2026-07-01 22:47:04,143 | WARNING  | HealthManager | Provider MASSIVE is unhealthy.
2026-07-01 22:47:04,143 | WARNING  | SourceEngine | MASSIVE OFFLINE
2026-07-01 22:47:04,634 | ERROR    | StatisticsManager | FINNHUB failed after 0.2407s
2026-07-01 22:47:04,635 | WARNING  | SourceEngine | FINNHUB : EMPTY_DATA
2026-07-01 22:47:04,857 | WARNING  | HealthManager | Provider FMP is unhealthy.
2026-07-01 22:47:04,858 | WARNING  | SourceEngine | FMP OFFLINE
2026-07-01 22:47:06,561 | WARNING  | HealthManager | Provider ALPHA_VANTAGE is unhealthy.
2026-07-01 22:47:06,561 | WARNING  | SourceEngine | ALPHA_VANTAGE OFFLINE
2026-07-01 22:47:06,562 | CRITICAL | SourceEngine | ALL PROVIDERS FAILED : PLTR
2026-07-01 22:47:06,563 | INFO     | SourceEngine | REQUEST : PLTR
2026-07-01 22:47:06,757 | WARNING  | HealthManager | Provider MASSIVE is unhealthy.
2026-07-01 22:47:06,757 | WARNING  | SourceEngine | MASSIVE OFFLINE
2026-07-01 22:47:07,420 | ERROR    | StatisticsManager | FINNHUB failed after 0.2333s
2026-07-01 22:47:07,422 | WARNING  | SourceEngine | FINNHUB : EMPTY_DATA
2026-07-01 22:47:07,642 | WARNING  | HealthManager | Provider FMP is unhealthy.
2026-07-01 22:47:07,643 | WARNING  | SourceEngine | FMP OFFLINE
2026-07-01 22:47:08,408 | WARNING  | HealthManager | Provider ALPHA_VANTAGE is unhealthy.
2026-07-01 22:47:08,409 | WARNING  | SourceEngine | ALPHA_VANTAGE OFFLINE
2026-07-01 22:47:08,409 | CRITICAL | SourceEngine | ALL PROVIDERS FAILED : PLTR
2026-07-01 22:47:08,410 | INFO     | SourceEngine | REQUEST : PLTR
2026-07-01 22:47:08,620 | WARNING  | HealthManager | Provider MASSIVE is unhealthy.
2026-07-01 22:47:08,620 | WARNING  | SourceEngine | MASSIVE OFFLINE
2026-07-01 22:47:09,075 | ERROR    | StatisticsManager | FINNHUB failed after 0.2389s
2026-07-01 22:47:09,075 | WARNING  | SourceEngine | FINNHUB : EMPTY_DATA
2026-07-01 22:47:09,285 | WARNING  | HealthManager | Provider FMP is unhealthy.
2026-07-01 22:47:09,285 | WARNING  | SourceEngine | FMP OFFLINE
2026-07-01 22:47:09,588 | WARNING  | HealthManager | Provider ALPHA_VANTAGE is unhealthy.
2026-07-01 22:47:09,596 | WARNING  | SourceEngine | ALPHA_VANTAGE OFFLINE
2026-07-01 22:47:09,597 | CRITICAL | SourceEngine | ALL PROVIDERS FAILED : PLTR
2026-07-01 22:47:09,598 | INFO     | SourceEngine | REQUEST : COST
2026-07-01 22:47:09,813 | WARNING  | HealthManager | Provider MASSIVE is unhealthy.
2026-07-01 22:47:09,813 | WARNING  | SourceEngine | MASSIVE OFFLINE
2026-07-01 22:47:10,347 | ERROR    | StatisticsManager | FINNHUB failed after 0.2939s
2026-07-01 22:47:10,348 | WARNING  | SourceEngine | FINNHUB : EMPTY_DATA
2026-07-01 22:47:10,643 | WARNING  | HealthManager | Provider FMP is unhealthy.
2026-07-01 22:47:10,646 | WARNING  | SourceEngine | FMP OFFLINE
2026-07-01 22:47:10,952 | WARNING  | HealthManager | Provider ALPHA_VANTAGE is unhealthy.
2026-07-01 22:47:10,953 | WARNING  | SourceEngine | ALPHA_VANTAGE OFFLINE
2026-07-01 22:47:10,953 | CRITICAL | SourceEngine | ALL PROVIDERS FAILED : COST
2026-07-01 22:47:10,954 | INFO     | SourceEngine | REQUEST : COST
2026-07-01 22:47:11,148 | WARNING  | HealthManager | Provider MASSIVE is unhealthy.
2026-07-01 22:47:11,149 | WARNING  | SourceEngine | MASSIVE OFFLINE
2026-07-01 22:47:11,689 | ERROR    | StatisticsManager | FINNHUB failed after 0.3097s
2026-07-01 22:47:11,690 | WARNING  | SourceEngine | FINNHUB : EMPTY_DATA
2026-07-01 22:47:11,959 | WARNING  | HealthManager | Provider FMP is unhealthy.
2026-07-01 22:47:11,961 | WARNING  | SourceEngine | FMP OFFLINE
2026-07-01 22:47:14,490 | WARNING  | HealthManager | Provider ALPHA_VANTAGE is unhealthy.
2026-07-01 22:47:14,491 | WARNING  | SourceEngine | ALPHA_VANTAGE OFFLINE
2026-07-01 22:47:14,492 | CRITICAL | SourceEngine | ALL PROVIDERS FAILED : COST
2026-07-01 22:47:14,494 | INFO     | SourceEngine | REQUEST : COST
2026-07-01 22:47:14,699 | WARNING  | HealthManager | Provider MASSIVE is unhealthy.
2026-07-01 22:47:14,701 | WARNING  | SourceEngine | MASSIVE OFFLINE
2026-07-01 22:47:15,183 | ERROR    | StatisticsManager | FINNHUB failed after 0.2320s
2026-07-01 22:47:15,185 | WARNING  | SourceEngine | FINNHUB : EMPTY_DATA
2026-07-01 22:47:15,397 | WARNING  | HealthManager | Provider FMP is unhealthy.
2026-07-01 22:47:15,398 | WARNING  | SourceEngine | FMP OFFLINE
2026-07-01 22:47:20,450 | WARNING  | HealthManager | Provider ALPHA_VANTAGE is unhealthy.
2026-07-01 22:47:20,451 | WARNING  | SourceEngine | ALPHA_VANTAGE OFFLINE
2026-07-01 22:47:20,452 | CRITICAL | SourceEngine | ALL PROVIDERS FAILED : COST
2026-07-01 22:47:20,453 | INFO     | SourceEngine | REQUEST : SHOP
2026-07-01 22:47:20,660 | WARNING  | HealthManager | Provider MASSIVE is unhealthy.
2026-07-01 22:47:20,661 | WARNING  | SourceEngine | MASSIVE OFFLINE
2026-07-01 22:47:21,128 | ERROR    | StatisticsManager | FINNHUB failed after 0.2404s
2026-07-01 22:47:21,129 | WARNING  | SourceEngine | FINNHUB : EMPTY_DATA
2026-07-01 22:47:21,349 | WARNING  | HealthManager | Provider FMP is unhealthy.
2026-07-01 22:47:21,349 | WARNING  | SourceEngine | FMP OFFLINE
2026-07-01 22:47:21,655 | WARNING  | HealthManager | Provider ALPHA_VANTAGE is unhealthy.
2026-07-01 22:47:21,656 | WARNING  | SourceEngine | ALPHA_VANTAGE OFFLINE
2026-07-01 22:47:21,657 | CRITICAL | SourceEngine | ALL PROVIDERS FAILED : SHOP
2026-07-01 22:47:21,659 | INFO     | SourceEngine | REQUEST : SHOP
2026-07-01 22:47:21,870 | WARNING  | HealthManager | Provider MASSIVE is unhealthy.
2026-07-01 22:47:21,871 | WARNING  | SourceEngine | MASSIVE OFFLINE
2026-07-01 22:47:22,352 | ERROR    | StatisticsManager | FINNHUB failed after 0.2496s
2026-07-01 22:47:22,353 | WARNING  | SourceEngine | FINNHUB : EMPTY_DATA
2026-07-01 22:47:22,582 | WARNING  | HealthManager | Provider FMP is unhealthy.
2026-07-01 22:47:22,583 | WARNING  | SourceEngine | FMP OFFLINE
2026-07-01 22:47:22,937 | WARNING  | HealthManager | Provider ALPHA_VANTAGE is unhealthy.
2026-07-01 22:47:22,937 | WARNING  | SourceEngine | ALPHA_VANTAGE OFFLINE
2026-07-01 22:47:22,937 | CRITICAL | SourceEngine | ALL PROVIDERS FAILED : SHOP
2026-07-01 22:47:22,938 | INFO     | SourceEngine | REQUEST : SHOP
2026-07-01 22:47:23,147 | WARNING  | HealthManager | Provider MASSIVE is unhealthy.
2026-07-01 22:47:23,148 | WARNING  | SourceEngine | MASSIVE OFFLINE
2026-07-01 22:47:23,603 | ERROR    | StatisticsManager | FINNHUB failed after 0.2237s
2026-07-01 22:47:23,604 | WARNING  | SourceEngine | FINNHUB : EMPTY_DATA
2026-07-01 22:47:23,816 | WARNING  | HealthManager | Provider FMP is unhealthy.
2026-07-01 22:47:23,816 | WARNING  | SourceEngine | FMP OFFLINE
2026-07-01 22:47:24,031 | WARNING  | HealthManager | Provider ALPHA_VANTAGE is unhealthy.
2026-07-01 22:47:24,032 | WARNING  | SourceEngine | ALPHA_VANTAGE OFFLINE
2026-07-01 22:47:24,032 | CRITICAL | SourceEngine | ALL PROVIDERS FAILED : SHOP
2026-07-01 22:47:24,032 | INFO     | SourceEngine | REQUEST : COIN
2026-07-01 22:47:24,243 | WARNING  | HealthManager | Provider MASSIVE is unhealthy.
2026-07-01 22:47:24,244 | WARNING  | SourceEngine | MASSIVE OFFLINE
2026-07-01 22:47:24,711 | ERROR    | StatisticsManager | FINNHUB failed after 0.2378s
2026-07-01 22:47:24,711 | WARNING  | SourceEngine | FINNHUB : EMPTY_DATA
2026-07-01 22:47:24,921 | WARNING  | HealthManager | Provider FMP is unhealthy.
2026-07-01 22:47:24,922 | WARNING  | SourceEngine | FMP OFFLINE
2026-07-01 22:47:25,130 | WARNING  | HealthManager | Provider ALPHA_VANTAGE is unhealthy.
2026-07-01 22:47:25,131 | WARNING  | SourceEngine | ALPHA_VANTAGE OFFLINE
2026-07-01 22:47:25,131 | CRITICAL | SourceEngine | ALL PROVIDERS FAILED : COIN
2026-07-01 22:47:25,132 | INFO     | SourceEngine | REQUEST : COIN
2026-07-01 22:47:25,328 | WARNING  | HealthManager | Provider MASSIVE is unhealthy.
2026-07-01 22:47:25,329 | WARNING  | SourceEngine | MASSIVE OFFLINE
2026-07-01 22:47:25,877 | ERROR    | StatisticsManager | FINNHUB failed after 0.2245s
2026-07-01 22:47:25,877 | WARNING  | SourceEngine | FINNHUB : EMPTY_DATA
2026-07-01 22:47:26,081 | WARNING  | HealthManager | Provider FMP is unhealthy.
2026-07-01 22:47:26,081 | WARNING  | SourceEngine | FMP OFFLINE
2026-07-01 22:47:34,243 | WARNING  | HealthManager | Provider ALPHA_VANTAGE is unhealthy.
2026-07-01 22:47:34,243 | WARNING  | SourceEngine | ALPHA_VANTAGE OFFLINE
2026-07-01 22:47:34,244 | CRITICAL | SourceEngine | ALL PROVIDERS FAILED : COIN
2026-07-01 22:47:34,244 | INFO     | SourceEngine | REQUEST : COIN
2026-07-01 22:47:34,459 | WARNING  | HealthManager | Provider MASSIVE is unhealthy.
2026-07-01 22:47:34,460 | WARNING  | SourceEngine | MASSIVE OFFLINE
2026-07-01 22:47:35,006 | ERROR    | StatisticsManager | FINNHUB failed after 0.3217s
2026-07-01 22:47:35,008 | WARNING  | SourceEngine | FINNHUB : EMPTY_DATA
2026-07-01 22:47:35,246 | WARNING  | HealthManager | Provider FMP is unhealthy.
2026-07-01 22:47:35,247 | WARNING  | SourceEngine | FMP OFFLINE
2026-07-01 22:47:37,952 | WARNING  | HealthManager | Provider ALPHA_VANTAGE is unhealthy.
2026-07-01 22:47:37,953 | WARNING  | SourceEngine | ALPHA_VANTAGE OFFLINE
2026-07-01 22:47:37,954 | CRITICAL | SourceEngine | ALL PROVIDERS FAILED : COIN
2026-07-01 22:47:37,955 | INFO     | SourceEngine | REQUEST : BABA
2026-07-01 22:47:38,167 | WARNING  | HealthManager | Provider MASSIVE is unhealthy.
2026-07-01 22:47:38,168 | WARNING  | SourceEngine | MASSIVE OFFLINE
2026-07-01 22:47:38,639 | ERROR    | StatisticsManager | FINNHUB failed after 0.2351s
2026-07-01 22:47:38,640 | WARNING  | SourceEngine | FINNHUB : EMPTY_DATA
2026-07-01 22:47:38,849 | WARNING  | HealthManager | Provider FMP is unhealthy.
2026-07-01 22:47:38,850 | WARNING  | SourceEngine | FMP OFFLINE
2026-07-01 22:47:39,075 | WARNING  | HealthManager | Provider ALPHA_VANTAGE is unhealthy.
2026-07-01 22:47:39,076 | WARNING  | SourceEngine | ALPHA_VANTAGE OFFLINE
2026-07-01 22:47:39,076 | CRITICAL | SourceEngine | ALL PROVIDERS FAILED : BABA
2026-07-01 22:47:39,078 | INFO     | SourceEngine | REQUEST : BABA
2026-07-01 22:47:39,294 | WARNING  | HealthManager | Provider MASSIVE is unhealthy.
2026-07-01 22:47:39,295 | WARNING  | SourceEngine | MASSIVE OFFLINE
2026-07-01 22:47:39,764 | ERROR    | StatisticsManager | FINNHUB failed after 0.2285s
2026-07-01 22:47:39,764 | WARNING  | SourceEngine | FINNHUB : EMPTY_DATA
2026-07-01 22:47:39,979 | WARNING  | HealthManager | Provider FMP is unhealthy.
2026-07-01 22:47:39,980 | WARNING  | SourceEngine | FMP OFFLINE
2026-07-01 22:47:40,217 | WARNING  | HealthManager | Provider ALPHA_VANTAGE is unhealthy.
2026-07-01 22:47:40,218 | WARNING  | SourceEngine | ALPHA_VANTAGE OFFLINE
2026-07-01 22:47:40,219 | CRITICAL | SourceEngine | ALL PROVIDERS FAILED : BABA
2026-07-01 22:47:40,221 | INFO     | SourceEngine | REQUEST : BABA
2026-07-01 22:47:40,443 | WARNING  | HealthManager | Provider MASSIVE is unhealthy.
2026-07-01 22:47:40,444 | WARNING  | SourceEngine | MASSIVE OFFLINE
2026-07-01 22:47:40,919 | ERROR    | StatisticsManager | FINNHUB failed after 0.2394s
2026-07-01 22:47:40,919 | WARNING  | SourceEngine | FINNHUB : EMPTY_DATA
2026-07-01 22:47:41,246 | WARNING  | HealthManager | Provider FMP is unhealthy.
2026-07-01 22:47:41,247 | WARNING  | SourceEngine | FMP OFFLINE
2026-07-01 22:47:43,582 | WARNING  | HealthManager | Provider ALPHA_VANTAGE is unhealthy.
2026-07-01 22:47:43,583 | WARNING  | SourceEngine | ALPHA_VANTAGE OFFLINE
2026-07-01 22:47:43,584 | CRITICAL | SourceEngine | ALL PROVIDERS FAILED : BABA
2026-07-01 22:47:43,585 | INFO     | SourceEngine | REQUEST : ARM
2026-07-01 22:47:43,793 | WARNING  | HealthManager | Provider MASSIVE is unhealthy.
2026-07-01 22:47:43,794 | WARNING  | SourceEngine | MASSIVE OFFLINE
2026-07-01 22:47:44,364 | ERROR    | StatisticsManager | FINNHUB failed after 0.3429s
2026-07-01 22:47:44,364 | WARNING  | SourceEngine | FINNHUB : EMPTY_DATA
2026-07-01 22:47:44,579 | WARNING  | HealthManager | Provider FMP is unhealthy.
2026-07-01 22:47:44,580 | WARNING  | SourceEngine | FMP OFFLINE
2026-07-01 22:47:44,827 | WARNING  | HealthManager | Provider ALPHA_VANTAGE is unhealthy.
2026-07-01 22:47:44,827 | WARNING  | SourceEngine | ALPHA_VANTAGE OFFLINE
2026-07-01 22:47:44,827 | CRITICAL | SourceEngine | ALL PROVIDERS FAILED : ARM
2026-07-01 22:47:44,828 | INFO     | SourceEngine | REQUEST : ARM
2026-07-01 22:47:45,042 | WARNING  | HealthManager | Provider MASSIVE is unhealthy.
2026-07-01 22:47:45,042 | WARNING  | SourceEngine | MASSIVE OFFLINE
2026-07-01 22:47:45,494 | ERROR    | StatisticsManager | FINNHUB failed after 0.2332s
2026-07-01 22:47:45,495 | WARNING  | SourceEngine | FINNHUB : EMPTY_DATA
2026-07-01 22:47:45,707 | WARNING  | HealthManager | Provider FMP is unhealthy.
2026-07-01 22:47:45,708 | WARNING  | SourceEngine | FMP OFFLINE
2026-07-01 22:47:45,933 | WARNING  | HealthManager | Provider ALPHA_VANTAGE is unhealthy.
2026-07-01 22:47:45,934 | WARNING  | SourceEngine | ALPHA_VANTAGE OFFLINE
2026-07-01 22:47:45,934 | CRITICAL | SourceEngine | ALL PROVIDERS FAILED : ARM
2026-07-01 22:47:45,935 | INFO     | SourceEngine | REQUEST : ARM
2026-07-01 22:47:46,146 | WARNING  | HealthManager | Provider MASSIVE is unhealthy.
2026-07-01 22:47:46,147 | WARNING  | SourceEngine | MASSIVE OFFLINE
2026-07-01 22:47:46,623 | ERROR    | StatisticsManager | FINNHUB failed after 0.2411s
2026-07-01 22:47:46,624 | WARNING  | SourceEngine | FINNHUB : EMPTY_DATA
2026-07-01 22:47:46,830 | WARNING  | HealthManager | Provider FMP is unhealthy.
2026-07-01 22:47:46,831 | WARNING  | SourceEngine | FMP OFFLINE
2026-07-01 22:47:47,058 | WARNING  | HealthManager | Provider ALPHA_VANTAGE is unhealthy.
2026-07-01 22:47:47,059 | WARNING  | SourceEngine | ALPHA_VANTAGE OFFLINE
2026-07-01 22:47:47,060 | CRITICAL | SourceEngine | ALL PROVIDERS FAILED : ARM
2026-07-01 22:47:47,061 | INFO     | SourceEngine | REQUEST : PANW
2026-07-01 22:47:47,292 | WARNING  | HealthManager | Provider MASSIVE is unhealthy.
2026-07-01 22:47:47,293 | WARNING  | SourceEngine | MASSIVE OFFLINE
2026-07-01 22:47:47,779 | ERROR    | StatisticsManager | FINNHUB failed after 0.2409s
2026-07-01 22:47:47,779 | WARNING  | SourceEngine | FINNHUB : EMPTY_DATA
2026-07-01 22:47:47,979 | WARNING  | HealthManager | Provider FMP is unhealthy.
2026-07-01 22:47:47,980 | WARNING  | SourceEngine | FMP OFFLINE
2026-07-01 22:47:48,220 | WARNING  | HealthManager | Provider ALPHA_VANTAGE is unhealthy.
2026-07-01 22:47:48,221 | WARNING  | SourceEngine | ALPHA_VANTAGE OFFLINE
2026-07-01 22:47:48,222 | CRITICAL | SourceEngine | ALL PROVIDERS FAILED : PANW
2026-07-01 22:47:48,223 | INFO     | SourceEngine | REQUEST : PANW
2026-07-01 22:47:48,430 | WARNING  | HealthManager | Provider MASSIVE is unhealthy.
2026-07-01 22:47:48,431 | WARNING  | SourceEngine | MASSIVE OFFLINE
2026-07-01 22:47:48,918 | ERROR    | StatisticsManager | FINNHUB failed after 0.2464s
2026-07-01 22:47:48,919 | WARNING  | SourceEngine | FINNHUB : EMPTY_DATA
2026-07-01 22:47:49,131 | WARNING  | HealthManager | Provider FMP is unhealthy.
2026-07-01 22:47:49,132 | WARNING  | SourceEngine | FMP OFFLINE
2026-07-01 22:47:49,348 | WARNING  | HealthManager | Provider ALPHA_VANTAGE is unhealthy.
2026-07-01 22:47:49,349 | WARNING  | SourceEngine | ALPHA_VANTAGE OFFLINE
2026-07-01 22:47:49,350 | CRITICAL | SourceEngine | ALL PROVIDERS FAILED : PANW
2026-07-01 22:47:49,352 | INFO     | SourceEngine | REQUEST : PANW
2026-07-01 22:47:49,565 | WARNING  | HealthManager | Provider MASSIVE is unhealthy.
2026-07-01 22:47:49,566 | WARNING  | SourceEngine | MASSIVE OFFLINE
2026-07-01 22:47:50,019 | ERROR    | StatisticsManager | FINNHUB failed after 0.2248s
2026-07-01 22:47:50,020 | WARNING  | SourceEngine | FINNHUB : EMPTY_DATA
2026-07-01 22:47:50,261 | WARNING  | HealthManager | Provider FMP is unhealthy.
2026-07-01 22:47:50,262 | WARNING  | SourceEngine | FMP OFFLINE
2026-07-01 22:47:51,294 | WARNING  | HealthManager | Provider ALPHA_VANTAGE is unhealthy.
2026-07-01 22:47:51,295 | WARNING  | SourceEngine | ALPHA_VANTAGE OFFLINE
2026-07-01 22:47:51,296 | CRITICAL | SourceEngine | ALL PROVIDERS FAILED : PANW
2026-07-01 22:47:51,297 | INFO     | SourceEngine | REQUEST : MU
2026-07-01 22:47:51,495 | WARNING  | HealthManager | Provider MASSIVE is unhealthy.
2026-07-01 22:47:51,496 | WARNING  | SourceEngine | MASSIVE OFFLINE
2026-07-01 22:47:51,954 | ERROR    | StatisticsManager | FINNHUB failed after 0.2279s
2026-07-01 22:47:51,955 | WARNING  | SourceEngine | FINNHUB : EMPTY_DATA
2026-07-01 22:47:52,167 | WARNING  | HealthManager | Provider FMP is unhealthy.
2026-07-01 22:47:52,168 | WARNING  | SourceEngine | FMP OFFLINE
2026-07-01 22:47:52,676 | WARNING  | HealthManager | Provider ALPHA_VANTAGE is unhealthy.
2026-07-01 22:47:52,676 | WARNING  | SourceEngine | ALPHA_VANTAGE OFFLINE
2026-07-01 22:47:52,677 | CRITICAL | SourceEngine | ALL PROVIDERS FAILED : MU
2026-07-01 22:47:52,679 | INFO     | SourceEngine | REQUEST : MU
2026-07-01 22:47:52,890 | WARNING  | HealthManager | Provider MASSIVE is unhealthy.
2026-07-01 22:47:52,891 | WARNING  | SourceEngine | MASSIVE OFFLINE
2026-07-01 22:47:53,354 | ERROR    | StatisticsManager | FINNHUB failed after 0.2238s
2026-07-01 22:47:53,354 | WARNING  | SourceEngine | FINNHUB : EMPTY_DATA
2026-07-01 22:47:53,728 | WARNING  | HealthManager | Provider FMP is unhealthy.
2026-07-01 22:47:53,729 | WARNING  | SourceEngine | FMP OFFLINE
2026-07-01 22:47:54,322 | WARNING  | HealthManager | Provider ALPHA_VANTAGE is unhealthy.
2026-07-01 22:47:54,322 | WARNING  | SourceEngine | ALPHA_VANTAGE OFFLINE
2026-07-01 22:47:54,322 | CRITICAL | SourceEngine | ALL PROVIDERS FAILED : MU
2026-07-01 22:47:54,323 | INFO     | SourceEngine | REQUEST : MU
2026-07-01 22:47:54,870 | WARNING  | HealthManager | Provider MASSIVE is unhealthy.
2026-07-01 22:47:54,870 | WARNING  | SourceEngine | MASSIVE OFFLINE
2026-07-01 22:47:55,320 | ERROR    | StatisticsManager | FINNHUB failed after 0.2164s
2026-07-01 22:47:55,320 | WARNING  | SourceEngine | FINNHUB : EMPTY_DATA
2026-07-01 22:47:55,557 | WARNING  | HealthManager | Provider FMP is unhealthy.
2026-07-01 22:47:55,557 | WARNING  | SourceEngine | FMP OFFLINE
2026-07-01 22:47:55,851 | WARNING  | HealthManager | Provider ALPHA_VANTAGE is unhealthy.
2026-07-01 22:47:55,851 | WARNING  | SourceEngine | ALPHA_VANTAGE OFFLINE
2026-07-01 22:47:55,852 | CRITICAL | SourceEngine | ALL PROVIDERS FAILED : MU
2026-07-01 22:47:55,852 | INFO     | SourceEngine | REQUEST : TSM
2026-07-01 22:47:56,078 | WARNING  | HealthManager | Provider MASSIVE is unhealthy.
2026-07-01 22:47:56,082 | WARNING  | SourceEngine | MASSIVE OFFLINE
2026-07-01 22:47:56,547 | ERROR    | StatisticsManager | FINNHUB failed after 0.2311s
2026-07-01 22:47:56,547 | WARNING  | SourceEngine | FINNHUB : EMPTY_DATA
2026-07-01 22:47:56,868 | WARNING  | HealthManager | Provider FMP is unhealthy.
2026-07-01 22:47:56,868 | WARNING  | SourceEngine | FMP OFFLINE
2026-07-01 22:48:38,009 | INFO     | SourceEngine | Provider Priority = ['MASSIVE', 'FINNHUB', 'FMP', 'ALPHA_VANTAGE']
2026-07-01 22:48:38,010 | INFO     | SourceEngine | SourceEngine initialized successfully.
2026-07-01 22:48:38,011 | INFO     | SourceEngine | REQUEST : SPX
2026-07-01 22:48:39,252 | WARNING  | HealthManager | Provider MASSIVE is unhealthy.
2026-07-01 22:48:39,262 | WARNING  | SourceEngine | MASSIVE OFFLINE
2026-07-01 22:48:41,334 | ERROR    | StatisticsManager | FINNHUB failed after 0.2697s
2026-07-01 22:48:41,335 | WARNING  | SourceEngine | FINNHUB : EMPTY_DATA
2026-07-01 22:48:42,883 | WARNING  | HealthManager | Provider FMP is unhealthy.
2026-07-01 22:48:42,883 | WARNING  | SourceEngine | FMP OFFLINE
2026-07-01 22:48:43,753 | WARNING  | HealthManager | Provider ALPHA_VANTAGE is unhealthy.
2026-07-01 22:48:43,754 | WARNING  | SourceEngine | ALPHA_VANTAGE OFFLINE
2026-07-01 22:48:43,755 | CRITICAL | SourceEngine | ALL PROVIDERS FAILED : SPX
2026-07-01 22:48:43,755 | INFO     | SourceEngine | REQUEST : ^GSPC
2026-07-01 22:48:43,944 | WARNING  | HealthManager | Provider MASSIVE is unhealthy.
2026-07-01 22:48:43,945 | WARNING  | SourceEngine | MASSIVE OFFLINE
2026-07-01 22:48:44,425 | ERROR    | StatisticsManager | FINNHUB failed after 0.2446s
2026-07-01 22:48:44,426 | WARNING  | SourceEngine | FINNHUB : EMPTY_DATA
2026-07-01 22:48:44,644 | WARNING  | HealthManager | Provider FMP is unhealthy.
2026-07-01 22:48:44,645 | WARNING  | SourceEngine | FMP OFFLINE
2026-07-01 22:48:45,982 | WARNING  | HealthManager | Provider ALPHA_VANTAGE is unhealthy.
2026-07-01 22:48:45,983 | WARNING  | SourceEngine | ALPHA_VANTAGE OFFLINE
2026-07-01 22:48:45,983 | CRITICAL | SourceEngine | ALL PROVIDERS FAILED : ^GSPC
2026-07-01 22:48:45,983 | INFO     | SourceEngine | REQUEST : SPX
2026-07-01 22:48:46,180 | WARNING  | HealthManager | Provider MASSIVE is unhealthy.
2026-07-01 22:48:46,181 | WARNING  | SourceEngine | MASSIVE OFFLINE
2026-07-01 22:48:46,954 | ERROR    | StatisticsManager | FINNHUB failed after 0.5109s
2026-07-01 22:48:46,955 | WARNING  | SourceEngine | FINNHUB : EMPTY_DATA
2026-07-01 22:48:47,177 | WARNING  | HealthManager | Provider FMP is unhealthy.
2026-07-01 22:48:47,178 | WARNING  | SourceEngine | FMP OFFLINE
2026-07-01 22:48:48,234 | WARNING  | HealthManager | Provider ALPHA_VANTAGE is unhealthy.
2026-07-01 22:48:48,235 | WARNING  | SourceEngine | ALPHA_VANTAGE OFFLINE
2026-07-01 22:48:48,236 | CRITICAL | SourceEngine | ALL PROVIDERS FAILED : SPX
2026-07-01 22:48:48,237 | INFO     | SourceEngine | REQUEST : SPX
2026-07-01 22:48:48,443 | WARNING  | HealthManager | Provider MASSIVE is unhealthy.
2026-07-01 22:48:48,444 | WARNING  | SourceEngine | MASSIVE OFFLINE
2026-07-01 22:48:48,968 | ERROR    | StatisticsManager | FINNHUB failed after 0.2468s
2026-07-01 22:48:48,969 | WARNING  | SourceEngine | FINNHUB : EMPTY_DATA
2026-07-01 22:48:49,178 | WARNING  | HealthManager | Provider FMP is unhealthy.
2026-07-01 22:48:49,179 | WARNING  | SourceEngine | FMP OFFLINE
2026-07-01 22:48:50,388 | WARNING  | HealthManager | Provider ALPHA_VANTAGE is unhealthy.
2026-07-01 22:48:50,389 | WARNING  | SourceEngine | ALPHA_VANTAGE OFFLINE
2026-07-01 22:48:50,390 | CRITICAL | SourceEngine | ALL PROVIDERS FAILED : SPX
2026-07-01 22:48:50,392 | INFO     | SourceEngine | REQUEST : NASDAQ
2026-07-01 22:48:50,588 | WARNING  | HealthManager | Provider MASSIVE is unhealthy.
2026-07-01 22:48:50,589 | WARNING  | SourceEngine | MASSIVE OFFLINE
2026-07-01 22:48:51,066 | ERROR    | StatisticsManager | FINNHUB failed after 0.2488s
2026-07-01 22:48:51,068 | WARNING  | SourceEngine | FINNHUB : EMPTY_DATA
2026-07-01 22:48:51,311 | WARNING  | HealthManager | Provider FMP is unhealthy.
2026-07-01 22:48:51,312 | WARNING  | SourceEngine | FMP OFFLINE
2026-07-01 22:48:52,286 | WARNING  | HealthManager | Provider ALPHA_VANTAGE is unhealthy.
2026-07-01 22:48:52,287 | WARNING  | SourceEngine | ALPHA_VANTAGE OFFLINE
2026-07-01 22:48:52,288 | CRITICAL | SourceEngine | ALL PROVIDERS FAILED : NASDAQ
2026-07-01 22:48:52,290 | INFO     | SourceEngine | REQUEST : NASDAQ
2026-07-01 22:48:52,479 | WARNING  | HealthManager | Provider MASSIVE is unhealthy.
2026-07-01 22:48:52,480 | WARNING  | SourceEngine | MASSIVE OFFLINE
2026-07-01 22:48:53,061 | ERROR    | StatisticsManager | FINNHUB failed after 0.2204s
2026-07-01 22:48:53,062 | WARNING  | SourceEngine | FINNHUB : EMPTY_DATA
2026-07-01 22:48:53,272 | WARNING  | HealthManager | Provider FMP is unhealthy.
2026-07-01 22:48:53,273 | WARNING  | SourceEngine | FMP OFFLINE
2026-07-01 22:48:53,586 | WARNING  | HealthManager | Provider ALPHA_VANTAGE is unhealthy.
2026-07-01 22:48:53,587 | WARNING  | SourceEngine | ALPHA_VANTAGE OFFLINE
2026-07-01 22:48:53,588 | CRITICAL | SourceEngine | ALL PROVIDERS FAILED : NASDAQ
2026-07-01 22:48:53,590 | INFO     | SourceEngine | REQUEST : NASDAQ
2026-07-01 22:48:53,802 | WARNING  | HealthManager | Provider MASSIVE is unhealthy.
2026-07-01 22:48:53,803 | WARNING  | SourceEngine | MASSIVE OFFLINE
2026-07-01 22:48:54,274 | ERROR    | StatisticsManager | FINNHUB failed after 0.2307s
2026-07-01 22:48:54,276 | WARNING  | SourceEngine | FINNHUB : EMPTY_DATA
2026-07-01 22:48:54,530 | WARNING  | HealthManager | Provider FMP is unhealthy.
2026-07-01 22:48:54,531 | WARNING  | SourceEngine | FMP OFFLINE
2026-07-01 22:48:57,224 | WARNING  | HealthManager | Provider ALPHA_VANTAGE is unhealthy.
2026-07-01 22:48:57,226 | WARNING  | SourceEngine | ALPHA_VANTAGE OFFLINE
2026-07-01 22:48:57,226 | CRITICAL | SourceEngine | ALL PROVIDERS FAILED : NASDAQ
2026-07-01 22:48:57,227 | INFO     | SourceEngine | REQUEST : SPY
2026-07-01 22:48:57,436 | WARNING  | HealthManager | Provider MASSIVE is unhealthy.
2026-07-01 22:48:57,438 | WARNING  | SourceEngine | MASSIVE OFFLINE
2026-07-01 22:48:57,942 | ERROR    | StatisticsManager | FINNHUB failed after 0.2381s
2026-07-01 22:48:57,943 | WARNING  | SourceEngine | FINNHUB : EMPTY_DATA
2026-07-01 22:48:58,154 | WARNING  | HealthManager | Provider FMP is unhealthy.
2026-07-01 22:48:58,156 | WARNING  | SourceEngine | FMP OFFLINE
2026-07-01 22:48:58,375 | WARNING  | HealthManager | Provider ALPHA_VANTAGE is unhealthy.
2026-07-01 22:48:58,377 | WARNING  | SourceEngine | ALPHA_VANTAGE OFFLINE
2026-07-01 22:48:58,378 | CRITICAL | SourceEngine | ALL PROVIDERS FAILED : SPY
2026-07-01 22:48:58,379 | INFO     | SourceEngine | REQUEST : SPY
2026-07-01 22:48:58,585 | WARNING  | HealthManager | Provider MASSIVE is unhealthy.
2026-07-01 22:48:58,586 | WARNING  | SourceEngine | MASSIVE OFFLINE
2026-07-01 22:48:59,273 | ERROR    | StatisticsManager | FINNHUB failed after 0.3687s
2026-07-01 22:48:59,274 | WARNING  | SourceEngine | FINNHUB : EMPTY_DATA
2026-07-01 22:48:59,704 | WARNING  | HealthManager | Provider FMP is unhealthy.
2026-07-01 22:48:59,705 | WARNING  | SourceEngine | FMP OFFLINE
2026-07-01 22:49:00,531 | WARNING  | HealthManager | Provider ALPHA_VANTAGE is unhealthy.
2026-07-01 22:49:00,532 | WARNING  | SourceEngine | ALPHA_VANTAGE OFFLINE
2026-07-01 22:49:00,533 | CRITICAL | SourceEngine | ALL PROVIDERS FAILED : SPY
2026-07-01 22:49:00,535 | INFO     | SourceEngine | REQUEST : SPY
2026-07-01 22:49:00,737 | WARNING  | HealthManager | Provider MASSIVE is unhealthy.
2026-07-01 22:49:00,738 | WARNING  | SourceEngine | MASSIVE OFFLINE
2026-07-01 22:49:01,681 | ERROR    | StatisticsManager | FINNHUB failed after 0.7111s
2026-07-01 22:49:01,681 | WARNING  | SourceEngine | FINNHUB : EMPTY_DATA
2026-07-01 22:49:02,388 | WARNING  | HealthManager | Provider FMP is unhealthy.
2026-07-01 22:49:02,389 | WARNING  | SourceEngine | FMP OFFLINE
2026-07-01 22:49:03,653 | WARNING  | HealthManager | Provider ALPHA_VANTAGE is unhealthy.
2026-07-01 22:49:03,654 | WARNING  | SourceEngine | ALPHA_VANTAGE OFFLINE
2026-07-01 22:49:03,655 | CRITICAL | SourceEngine | ALL PROVIDERS FAILED : SPY
2026-07-01 22:49:03,656 | INFO     | SourceEngine | REQUEST : QQQ
2026-07-01 22:49:03,844 | WARNING  | HealthManager | Provider MASSIVE is unhealthy.
2026-07-01 22:49:03,845 | WARNING  | SourceEngine | MASSIVE OFFLINE
2026-07-01 22:49:04,540 | ERROR    | StatisticsManager | FINNHUB failed after 0.2436s
2026-07-01 22:49:04,541 | WARNING  | SourceEngine | FINNHUB : EMPTY_DATA
2026-07-01 22:49:04,761 | WARNING  | HealthManager | Provider FMP is unhealthy.
2026-07-01 22:49:04,762 | WARNING  | SourceEngine | FMP OFFLINE
2026-07-01 22:49:07,264 | WARNING  | HealthManager | Provider ALPHA_VANTAGE is unhealthy.
2026-07-01 22:49:07,264 | WARNING  | SourceEngine | ALPHA_VANTAGE OFFLINE
2026-07-01 22:49:07,265 | CRITICAL | SourceEngine | ALL PROVIDERS FAILED : QQQ
2026-07-01 22:49:07,265 | INFO     | SourceEngine | REQUEST : QQQ
2026-07-01 22:49:07,458 | WARNING  | HealthManager | Provider MASSIVE is unhealthy.
2026-07-01 22:49:07,458 | WARNING  | SourceEngine | MASSIVE OFFLINE
2026-07-01 22:49:07,906 | ERROR    | StatisticsManager | FINNHUB failed after 0.2230s
2026-07-01 22:49:07,907 | WARNING  | SourceEngine | FINNHUB : EMPTY_DATA
2026-07-01 22:49:08,115 | WARNING  | HealthManager | Provider FMP is unhealthy.
2026-07-01 22:49:08,115 | WARNING  | SourceEngine | FMP OFFLINE
2026-07-01 22:49:09,415 | WARNING  | HealthManager | Provider ALPHA_VANTAGE is unhealthy.
2026-07-01 22:49:09,416 | WARNING  | SourceEngine | ALPHA_VANTAGE OFFLINE
2026-07-01 22:49:09,416 | CRITICAL | SourceEngine | ALL PROVIDERS FAILED : QQQ
2026-07-01 22:49:09,416 | INFO     | SourceEngine | REQUEST : QQQ
2026-07-01 22:49:09,621 | WARNING  | HealthManager | Provider MASSIVE is unhealthy.
2026-07-01 22:49:09,621 | WARNING  | SourceEngine | MASSIVE OFFLINE
2026-07-01 22:49:10,384 | ERROR    | StatisticsManager | FINNHUB failed after 0.2290s
2026-07-01 22:49:10,384 | WARNING  | SourceEngine | FINNHUB : EMPTY_DATA
2026-07-01 22:49:10,595 | WARNING  | HealthManager | Provider FMP is unhealthy.
2026-07-01 22:49:10,595 | WARNING  | SourceEngine | FMP OFFLINE
2026-07-01 22:49:11,849 | WARNING  | HealthManager | Provider ALPHA_VANTAGE is unhealthy.
2026-07-01 22:49:11,850 | WARNING  | SourceEngine | ALPHA_VANTAGE OFFLINE
2026-07-01 22:49:11,851 | CRITICAL | SourceEngine | ALL PROVIDERS FAILED : QQQ
2026-07-01 22:49:11,852 | INFO     | SourceEngine | REQUEST : NVDA
2026-07-01 22:49:12,054 | WARNING  | HealthManager | Provider MASSIVE is unhealthy.
2026-07-01 22:49:12,055 | WARNING  | SourceEngine | MASSIVE OFFLINE
2026-07-01 22:49:12,779 | ERROR    | StatisticsManager | FINNHUB failed after 0.2746s
2026-07-01 22:49:12,780 | WARNING  | SourceEngine | FINNHUB : EMPTY_DATA
2026-07-01 22:49:12,998 | WARNING  | HealthManager | Provider FMP is unhealthy.
2026-07-01 22:49:12,998 | WARNING  | SourceEngine | FMP OFFLINE
2026-07-01 22:49:15,356 | WARNING  | HealthManager | Provider ALPHA_VANTAGE is unhealthy.
2026-07-01 22:49:15,357 | WARNING  | SourceEngine | ALPHA_VANTAGE OFFLINE
2026-07-01 22:49:15,358 | CRITICAL | SourceEngine | ALL PROVIDERS FAILED : NVDA
2026-07-01 22:49:15,359 | INFO     | SourceEngine | REQUEST : NVDA
2026-07-01 22:49:15,573 | WARNING  | HealthManager | Provider MASSIVE is unhealthy.
2026-07-01 22:49:15,574 | WARNING  | SourceEngine | MASSIVE OFFLINE
2026-07-01 22:49:16,206 | ERROR    | StatisticsManager | FINNHUB failed after 0.3974s
2026-07-01 22:49:16,207 | WARNING  | SourceEngine | FINNHUB : EMPTY_DATA
2026-07-01 22:49:16,417 | WARNING  | HealthManager | Provider FMP is unhealthy.
2026-07-01 22:49:16,418 | WARNING  | SourceEngine | FMP OFFLINE
2026-07-01 22:49:17,993 | WARNING  | HealthManager | Provider ALPHA_VANTAGE is unhealthy.
2026-07-01 22:49:17,994 | WARNING  | SourceEngine | ALPHA_VANTAGE OFFLINE
2026-07-01 22:49:17,995 | CRITICAL | SourceEngine | ALL PROVIDERS FAILED : NVDA
2026-07-01 22:49:17,997 | INFO     | SourceEngine | REQUEST : NVDA
2026-07-01 22:49:18,185 | WARNING  | HealthManager | Provider MASSIVE is unhealthy.
2026-07-01 22:49:18,187 | WARNING  | SourceEngine | MASSIVE OFFLINE
2026-07-01 22:49:18,671 | ERROR    | StatisticsManager | FINNHUB failed after 0.2351s
2026-07-01 22:49:18,672 | WARNING  | SourceEngine | FINNHUB : EMPTY_DATA
2026-07-01 22:49:18,880 | WARNING  | HealthManager | Provider FMP is unhealthy.
2026-07-01 22:49:18,881 | WARNING  | SourceEngine | FMP OFFLINE
2026-07-01 22:49:24,461 | WARNING  | HealthManager | Provider ALPHA_VANTAGE is unhealthy.
2026-07-01 22:49:24,462 | WARNING  | SourceEngine | ALPHA_VANTAGE OFFLINE
2026-07-01 22:49:24,463 | CRITICAL | SourceEngine | ALL PROVIDERS FAILED : NVDA
2026-07-01 22:49:24,464 | INFO     | SourceEngine | REQUEST : AAPL
2026-07-01 22:49:24,664 | WARNING  | HealthManager | Provider MASSIVE is unhealthy.
2026-07-01 22:49:24,665 | WARNING  | SourceEngine | MASSIVE OFFLINE
2026-07-01 22:49:25,143 | ERROR    | StatisticsManager | FINNHUB failed after 0.2396s
2026-07-01 22:49:25,143 | WARNING  | SourceEngine | FINNHUB : EMPTY_DATA
2026-07-01 22:49:25,403 | WARNING  | HealthManager | Provider FMP is unhealthy.
2026-07-01 22:49:25,403 | WARNING  | SourceEngine | FMP OFFLINE
2026-07-01 22:49:28,460 | WARNING  | HealthManager | Provider ALPHA_VANTAGE is unhealthy.
2026-07-01 22:49:28,461 | WARNING  | SourceEngine | ALPHA_VANTAGE OFFLINE
2026-07-01 22:49:28,462 | CRITICAL | SourceEngine | ALL PROVIDERS FAILED : AAPL
2026-07-01 22:49:28,464 | INFO     | SourceEngine | REQUEST : AAPL
2026-07-01 22:49:28,668 | WARNING  | HealthManager | Provider MASSIVE is unhealthy.
2026-07-01 22:49:28,669 | WARNING  | SourceEngine | MASSIVE OFFLINE
2026-07-01 22:49:29,604 | ERROR    | StatisticsManager | FINNHUB failed after 0.2322s
2026-07-01 22:49:29,605 | WARNING  | SourceEngine | FINNHUB : EMPTY_DATA
2026-07-01 22:49:29,814 | WARNING  | HealthManager | Provider FMP is unhealthy.
2026-07-01 22:49:29,815 | WARNING  | SourceEngine | FMP OFFLINE
2026-07-01 22:49:33,733 | WARNING  | HealthManager | Provider ALPHA_VANTAGE is unhealthy.
2026-07-01 22:49:33,734 | WARNING  | SourceEngine | ALPHA_VANTAGE OFFLINE
2026-07-01 22:49:33,735 | CRITICAL | SourceEngine | ALL PROVIDERS FAILED : AAPL
2026-07-01 22:49:33,736 | INFO     | SourceEngine | REQUEST : AAPL
2026-07-01 22:49:33,937 | WARNING  | HealthManager | Provider MASSIVE is unhealthy.
2026-07-01 22:49:33,938 | WARNING  | SourceEngine | MASSIVE OFFLINE
2026-07-01 22:49:34,480 | ERROR    | StatisticsManager | FINNHUB failed after 0.2375s
2026-07-01 22:49:34,481 | WARNING  | SourceEngine | FINNHUB : EMPTY_DATA
2026-07-01 22:49:34,685 | WARNING  | HealthManager | Provider FMP is unhealthy.
2026-07-01 22:49:34,686 | WARNING  | SourceEngine | FMP OFFLINE
2026-07-01 22:49:37,349 | WARNING  | HealthManager | Provider ALPHA_VANTAGE is unhealthy.
2026-07-01 22:49:37,350 | WARNING  | SourceEngine | ALPHA_VANTAGE OFFLINE
2026-07-01 22:49:37,351 | CRITICAL | SourceEngine | ALL PROVIDERS FAILED : AAPL
2026-07-01 22:49:37,352 | INFO     | SourceEngine | REQUEST : MSFT
2026-07-01 22:49:37,557 | WARNING  | HealthManager | Provider MASSIVE is unhealthy.
2026-07-01 22:49:37,558 | WARNING  | SourceEngine | MASSIVE OFFLINE
2026-07-01 22:49:38,533 | ERROR    | StatisticsManager | FINNHUB failed after 0.2438s
2026-07-01 22:49:38,534 | WARNING  | SourceEngine | FINNHUB : EMPTY_DATA
2026-07-01 22:49:38,744 | WARNING  | HealthManager | Provider FMP is unhealthy.
2026-07-01 22:49:38,745 | WARNING  | SourceEngine | FMP OFFLINE
2026-07-01 22:49:38,958 | WARNING  | HealthManager | Provider ALPHA_VANTAGE is unhealthy.
2026-07-01 22:49:38,960 | WARNING  | SourceEngine | ALPHA_VANTAGE OFFLINE
2026-07-01 22:49:38,961 | CRITICAL | SourceEngine | ALL PROVIDERS FAILED : MSFT
2026-07-01 22:49:38,963 | INFO     | SourceEngine | REQUEST : MSFT
2026-07-01 22:49:39,161 | WARNING  | HealthManager | Provider MASSIVE is unhealthy.
2026-07-01 22:49:39,162 | WARNING  | SourceEngine | MASSIVE OFFLINE
2026-07-01 22:49:39,620 | ERROR    | StatisticsManager | FINNHUB failed after 0.2325s
2026-07-01 22:49:39,622 | WARNING  | SourceEngine | FINNHUB : EMPTY_DATA
2026-07-01 22:49:39,834 | WARNING  | HealthManager | Provider FMP is unhealthy.
2026-07-01 22:49:39,835 | WARNING  | SourceEngine | FMP OFFLINE
2026-07-01 22:49:44,631 | WARNING  | HealthManager | Provider ALPHA_VANTAGE is unhealthy.
2026-07-01 22:49:44,633 | WARNING  | SourceEngine | ALPHA_VANTAGE OFFLINE
2026-07-01 22:49:44,634 | CRITICAL | SourceEngine | ALL PROVIDERS FAILED : MSFT
2026-07-01 22:49:44,635 | INFO     | SourceEngine | REQUEST : MSFT
2026-07-01 22:49:44,825 | WARNING  | HealthManager | Provider MASSIVE is unhealthy.
2026-07-01 22:49:44,825 | WARNING  | SourceEngine | MASSIVE OFFLINE
2026-07-01 22:49:45,286 | ERROR    | StatisticsManager | FINNHUB failed after 0.2341s
2026-07-01 22:49:45,287 | WARNING  | SourceEngine | FINNHUB : EMPTY_DATA
2026-07-01 22:49:45,564 | WARNING  | HealthManager | Provider FMP is unhealthy.
2026-07-01 22:49:45,565 | WARNING  | SourceEngine | FMP OFFLINE
2026-07-01 22:49:45,774 | WARNING  | HealthManager | Provider ALPHA_VANTAGE is unhealthy.
2026-07-01 22:49:45,775 | WARNING  | SourceEngine | ALPHA_VANTAGE OFFLINE
2026-07-01 22:49:45,776 | CRITICAL | SourceEngine | ALL PROVIDERS FAILED : MSFT
2026-07-01 22:49:45,777 | INFO     | SourceEngine | REQUEST : META
2026-07-01 22:49:46,070 | WARNING  | HealthManager | Provider MASSIVE is unhealthy.
2026-07-01 22:49:46,071 | WARNING  | SourceEngine | MASSIVE OFFLINE
2026-07-01 22:49:46,705 | ERROR    | StatisticsManager | FINNHUB failed after 0.3267s
2026-07-01 22:49:46,707 | WARNING  | SourceEngine | FINNHUB : EMPTY_DATA
2026-07-01 22:49:46,986 | WARNING  | HealthManager | Provider FMP is unhealthy.
2026-07-01 22:49:46,987 | WARNING  | SourceEngine | FMP OFFLINE
2026-07-01 22:49:47,447 | WARNING  | HealthManager | Provider ALPHA_VANTAGE is unhealthy.
2026-07-01 22:49:47,448 | WARNING  | SourceEngine | ALPHA_VANTAGE OFFLINE
2026-07-01 22:49:47,449 | CRITICAL | SourceEngine | ALL PROVIDERS FAILED : META
2026-07-01 22:49:47,450 | INFO     | SourceEngine | REQUEST : META
2026-07-01 22:49:47,647 | WARNING  | HealthManager | Provider MASSIVE is unhealthy.
2026-07-01 22:49:47,648 | WARNING  | SourceEngine | MASSIVE OFFLINE
2026-07-01 22:49:48,090 | ERROR    | StatisticsManager | FINNHUB failed after 0.2191s
2026-07-01 22:49:48,091 | WARNING  | SourceEngine | FINNHUB : EMPTY_DATA
2026-07-01 22:49:48,305 | WARNING  | HealthManager | Provider FMP is unhealthy.
2026-07-01 22:49:48,306 | WARNING  | SourceEngine | FMP OFFLINE
2026-07-01 22:49:50,373 | WARNING  | HealthManager | Provider ALPHA_VANTAGE is unhealthy.
2026-07-01 22:49:50,374 | WARNING  | SourceEngine | ALPHA_VANTAGE OFFLINE
2026-07-01 22:49:50,375 | CRITICAL | SourceEngine | ALL PROVIDERS FAILED : META
2026-07-01 22:49:50,377 | INFO     | SourceEngine | REQUEST : META
2026-07-01 22:49:50,570 | WARNING  | HealthManager | Provider MASSIVE is unhealthy.
2026-07-01 22:49:50,571 | WARNING  | SourceEngine | MASSIVE OFFLINE
2026-07-01 22:49:51,240 | ERROR    | StatisticsManager | FINNHUB failed after 0.2393s
2026-07-01 22:49:51,241 | WARNING  | SourceEngine | FINNHUB : EMPTY_DATA
2026-07-01 22:49:51,449 | WARNING  | HealthManager | Provider FMP is unhealthy.
2026-07-01 22:49:51,450 | WARNING  | SourceEngine | FMP OFFLINE
2026-07-01 22:49:51,666 | WARNING  | HealthManager | Provider ALPHA_VANTAGE is unhealthy.
2026-07-01 22:49:51,668 | WARNING  | SourceEngine | ALPHA_VANTAGE OFFLINE
2026-07-01 22:49:51,669 | CRITICAL | SourceEngine | ALL PROVIDERS FAILED : META
2026-07-01 22:49:51,669 | INFO     | SourceEngine | REQUEST : AMZN
2026-07-01 22:49:51,868 | WARNING  | HealthManager | Provider MASSIVE is unhealthy.
2026-07-01 22:49:51,869 | WARNING  | SourceEngine | MASSIVE OFFLINE
2026-07-01 22:49:52,369 | ERROR    | StatisticsManager | FINNHUB failed after 0.2487s
2026-07-01 22:49:52,370 | WARNING  | SourceEngine | FINNHUB : EMPTY_DATA
2026-07-01 22:49:52,582 | WARNING  | HealthManager | Provider FMP is unhealthy.
2026-07-01 22:49:52,583 | WARNING  | SourceEngine | FMP OFFLINE
2026-07-01 22:49:53,653 | WARNING  | HealthManager | Provider ALPHA_VANTAGE is unhealthy.
2026-07-01 22:49:53,654 | WARNING  | SourceEngine | ALPHA_VANTAGE OFFLINE
2026-07-01 22:49:53,655 | CRITICAL | SourceEngine | ALL PROVIDERS FAILED : AMZN
2026-07-01 22:49:53,657 | INFO     | SourceEngine | REQUEST : AMZN
2026-07-01 22:49:53,854 | WARNING  | HealthManager | Provider MASSIVE is unhealthy.
2026-07-01 22:49:53,855 | WARNING  | SourceEngine | MASSIVE OFFLINE
2026-07-01 22:49:54,324 | ERROR    | StatisticsManager | FINNHUB failed after 0.2430s
2026-07-01 22:49:54,326 | WARNING  | SourceEngine | FINNHUB : EMPTY_DATA
2026-07-01 22:49:54,541 | WARNING  | HealthManager | Provider FMP is unhealthy.
2026-07-01 22:49:54,542 | WARNING  | SourceEngine | FMP OFFLINE
2026-07-01 22:49:55,114 | WARNING  | HealthManager | Provider ALPHA_VANTAGE is unhealthy.
2026-07-01 22:49:55,115 | WARNING  | SourceEngine | ALPHA_VANTAGE OFFLINE
2026-07-01 22:49:55,116 | CRITICAL | SourceEngine | ALL PROVIDERS FAILED : AMZN
2026-07-01 22:49:55,117 | INFO     | SourceEngine | REQUEST : AMZN
2026-07-01 22:49:55,348 | WARNING  | HealthManager | Provider MASSIVE is unhealthy.
2026-07-01 22:49:55,349 | WARNING  | SourceEngine | MASSIVE OFFLINE
2026-07-01 22:49:56,017 | ERROR    | StatisticsManager | FINNHUB failed after 0.4298s
2026-07-01 22:49:56,018 | WARNING  | SourceEngine | FINNHUB : EMPTY_DATA
2026-07-01 22:49:56,221 | WARNING  | HealthManager | Provider FMP is unhealthy.
2026-07-01 22:49:56,222 | WARNING  | SourceEngine | FMP OFFLINE
2026-07-01 22:49:56,447 | WARNING  | HealthManager | Provider ALPHA_VANTAGE is unhealthy.
2026-07-01 22:49:56,448 | WARNING  | SourceEngine | ALPHA_VANTAGE OFFLINE
2026-07-01 22:49:56,449 | CRITICAL | SourceEngine | ALL PROVIDERS FAILED : AMZN
2026-07-01 22:49:56,450 | INFO     | SourceEngine | REQUEST : GOOGL
2026-07-01 22:49:56,652 | WARNING  | HealthManager | Provider MASSIVE is unhealthy.
2026-07-01 22:49:56,653 | WARNING  | SourceEngine | MASSIVE OFFLINE
2026-07-01 22:49:57,116 | ERROR    | StatisticsManager | FINNHUB failed after 0.2363s
2026-07-01 22:49:57,117 | WARNING  | SourceEngine | FINNHUB : EMPTY_DATA
2026-07-01 22:49:57,321 | WARNING  | HealthManager | Provider FMP is unhealthy.
2026-07-01 22:49:57,322 | WARNING  | SourceEngine | FMP OFFLINE
2026-07-01 22:49:57,543 | WARNING  | HealthManager | Provider ALPHA_VANTAGE is unhealthy.
2026-07-01 22:49:57,543 | WARNING  | SourceEngine | ALPHA_VANTAGE OFFLINE
2026-07-01 22:49:57,544 | CRITICAL | SourceEngine | ALL PROVIDERS FAILED : GOOGL
2026-07-01 22:49:57,544 | INFO     | SourceEngine | REQUEST : GOOGL
2026-07-01 22:49:57,728 | WARNING  | HealthManager | Provider MASSIVE is unhealthy.
2026-07-01 22:49:57,729 | WARNING  | SourceEngine | MASSIVE OFFLINE
2026-07-01 22:49:58,191 | ERROR    | StatisticsManager | FINNHUB failed after 0.2245s
2026-07-01 22:49:58,192 | WARNING  | SourceEngine | FINNHUB : EMPTY_DATA
2026-07-01 22:49:58,549 | WARNING  | HealthManager | Provider FMP is unhealthy.
2026-07-01 22:49:58,550 | WARNING  | SourceEngine | FMP OFFLINE
2026-07-01 22:49:58,839 | WARNING  | HealthManager | Provider ALPHA_VANTAGE is unhealthy.
2026-07-01 22:49:58,840 | WARNING  | SourceEngine | ALPHA_VANTAGE OFFLINE
2026-07-01 22:49:58,841 | CRITICAL | SourceEngine | ALL PROVIDERS FAILED : GOOGL
2026-07-01 22:49:58,842 | INFO     | SourceEngine | REQUEST : GOOGL
2026-07-01 22:49:59,051 | WARNING  | HealthManager | Provider MASSIVE is unhealthy.
2026-07-01 22:49:59,052 | WARNING  | SourceEngine | MASSIVE OFFLINE
2026-07-01 22:49:59,520 | ERROR    | StatisticsManager | FINNHUB failed after 0.2280s
2026-07-01 22:49:59,521 | WARNING  | SourceEngine | FINNHUB : EMPTY_DATA
2026-07-01 22:49:59,732 | WARNING  | HealthManager | Provider FMP is unhealthy.
2026-07-01 22:49:59,733 | WARNING  | SourceEngine | FMP OFFLINE
2026-07-01 22:50:01,155 | WARNING  | HealthManager | Provider ALPHA_VANTAGE is unhealthy.
2026-07-01 22:50:01,156 | WARNING  | SourceEngine | ALPHA_VANTAGE OFFLINE
2026-07-01 22:50:01,157 | CRITICAL | SourceEngine | ALL PROVIDERS FAILED : GOOGL
2026-07-01 22:50:01,158 | INFO     | SourceEngine | REQUEST : AVGO
2026-07-01 22:50:01,383 | WARNING  | HealthManager | Provider MASSIVE is unhealthy.
2026-07-01 22:50:01,384 | WARNING  | SourceEngine | MASSIVE OFFLINE
2026-07-01 22:50:02,638 | ERROR    | StatisticsManager | FINNHUB failed after 0.8271s
2026-07-01 22:50:02,639 | WARNING  | SourceEngine | FINNHUB : EMPTY_DATA
2026-07-01 22:50:03,124 | WARNING  | HealthManager | Provider FMP is unhealthy.
2026-07-01 22:50:03,125 | WARNING  | SourceEngine | FMP OFFLINE
2026-07-01 22:50:03,347 | WARNING  | HealthManager | Provider ALPHA_VANTAGE is unhealthy.
2026-07-01 22:50:03,348 | WARNING  | SourceEngine | ALPHA_VANTAGE OFFLINE
2026-07-01 22:50:03,349 | CRITICAL | SourceEngine | ALL PROVIDERS FAILED : AVGO
2026-07-01 22:50:03,351 | INFO     | SourceEngine | REQUEST : AVGO
2026-07-01 22:50:03,548 | WARNING  | HealthManager | Provider MASSIVE is unhealthy.
2026-07-01 22:50:03,549 | WARNING  | SourceEngine | MASSIVE OFFLINE
2026-07-01 22:50:04,325 | ERROR    | StatisticsManager | FINNHUB failed after 0.4025s
2026-07-01 22:50:04,326 | WARNING  | SourceEngine | FINNHUB : EMPTY_DATA
2026-07-01 22:50:04,541 | WARNING  | HealthManager | Provider FMP is unhealthy.
2026-07-01 22:50:04,542 | WARNING  | SourceEngine | FMP OFFLINE
2026-07-01 22:50:06,556 | WARNING  | HealthManager | Provider ALPHA_VANTAGE is unhealthy.
2026-07-01 22:50:06,556 | WARNING  | SourceEngine | ALPHA_VANTAGE OFFLINE
2026-07-01 22:50:06,556 | CRITICAL | SourceEngine | ALL PROVIDERS FAILED : AVGO
2026-07-01 22:50:06,557 | INFO     | SourceEngine | REQUEST : AVGO
2026-07-01 22:50:06,751 | WARNING  | HealthManager | Provider MASSIVE is unhealthy.
2026-07-01 22:50:06,751 | WARNING  | SourceEngine | MASSIVE OFFLINE
2026-07-01 22:50:07,227 | ERROR    | StatisticsManager | FINNHUB failed after 0.2351s
2026-07-01 22:50:07,228 | WARNING  | SourceEngine | FINNHUB : EMPTY_DATA
2026-07-01 22:50:07,453 | WARNING  | HealthManager | Provider FMP is unhealthy.
2026-07-01 22:50:07,453 | WARNING  | SourceEngine | FMP OFFLINE
2026-07-01 22:50:08,804 | WARNING  | HealthManager | Provider ALPHA_VANTAGE is unhealthy.
2026-07-01 22:50:08,805 | WARNING  | SourceEngine | ALPHA_VANTAGE OFFLINE
2026-07-01 22:50:08,806 | CRITICAL | SourceEngine | ALL PROVIDERS FAILED : AVGO
2026-07-01 22:50:08,807 | INFO     | SourceEngine | REQUEST : TSLA
2026-07-01 22:50:09,002 | WARNING  | HealthManager | Provider MASSIVE is unhealthy.
2026-07-01 22:50:09,002 | WARNING  | SourceEngine | MASSIVE OFFLINE
2026-07-01 22:50:09,471 | ERROR    | StatisticsManager | FINNHUB failed after 0.2304s
2026-07-01 22:50:09,472 | WARNING  | SourceEngine | FINNHUB : EMPTY_DATA
2026-07-01 22:50:09,700 | WARNING  | HealthManager | Provider FMP is unhealthy.
2026-07-01 22:50:09,701 | WARNING  | SourceEngine | FMP OFFLINE
2026-07-01 22:50:11,442 | WARNING  | HealthManager | Provider ALPHA_VANTAGE is unhealthy.
2026-07-01 22:50:11,443 | WARNING  | SourceEngine | ALPHA_VANTAGE OFFLINE
2026-07-01 22:50:11,444 | CRITICAL | SourceEngine | ALL PROVIDERS FAILED : TSLA
2026-07-01 22:50:11,446 | INFO     | SourceEngine | REQUEST : TSLA
2026-07-01 22:50:11,649 | WARNING  | HealthManager | Provider MASSIVE is unhealthy.
2026-07-01 22:50:11,650 | WARNING  | SourceEngine | MASSIVE OFFLINE
2026-07-01 22:50:12,198 | ERROR    | StatisticsManager | FINNHUB failed after 0.2358s
2026-07-01 22:50:12,199 | WARNING  | SourceEngine | FINNHUB : EMPTY_DATA
2026-07-01 22:50:12,414 | WARNING  | HealthManager | Provider FMP is unhealthy.
2026-07-01 22:50:12,415 | WARNING  | SourceEngine | FMP OFFLINE
2026-07-01 22:50:13,269 | WARNING  | HealthManager | Provider ALPHA_VANTAGE is unhealthy.
2026-07-01 22:50:13,270 | WARNING  | SourceEngine | ALPHA_VANTAGE OFFLINE
2026-07-01 22:50:13,270 | CRITICAL | SourceEngine | ALL PROVIDERS FAILED : TSLA
2026-07-01 22:50:13,271 | INFO     | SourceEngine | REQUEST : TSLA
2026-07-01 22:50:13,465 | WARNING  | HealthManager | Provider MASSIVE is unhealthy.
2026-07-01 22:50:13,466 | WARNING  | SourceEngine | MASSIVE OFFLINE
2026-07-01 22:50:14,146 | ERROR    | StatisticsManager | FINNHUB failed after 0.3857s
2026-07-01 22:50:14,148 | WARNING  | SourceEngine | FINNHUB : EMPTY_DATA
2026-07-01 22:50:14,354 | WARNING  | HealthManager | Provider FMP is unhealthy.
2026-07-01 22:50:14,355 | WARNING  | SourceEngine | FMP OFFLINE
2026-07-01 22:50:16,285 | WARNING  | HealthManager | Provider ALPHA_VANTAGE is unhealthy.
2026-07-01 22:50:16,286 | WARNING  | SourceEngine | ALPHA_VANTAGE OFFLINE
2026-07-01 22:50:16,287 | CRITICAL | SourceEngine | ALL PROVIDERS FAILED : TSLA
2026-07-01 22:50:16,288 | INFO     | SourceEngine | REQUEST : NFLX
2026-07-01 22:50:16,482 | WARNING  | HealthManager | Provider MASSIVE is unhealthy.
2026-07-01 22:50:16,483 | WARNING  | SourceEngine | MASSIVE OFFLINE
2026-07-01 22:50:16,952 | ERROR    | StatisticsManager | FINNHUB failed after 0.2325s
2026-07-01 22:50:16,953 | WARNING  | SourceEngine | FINNHUB : EMPTY_DATA
2026-07-01 22:50:17,265 | WARNING  | HealthManager | Provider FMP is unhealthy.
2026-07-01 22:50:17,266 | WARNING  | SourceEngine | FMP OFFLINE
2026-07-01 22:50:17,554 | WARNING  | HealthManager | Provider ALPHA_VANTAGE is unhealthy.
2026-07-01 22:50:17,555 | WARNING  | SourceEngine | ALPHA_VANTAGE OFFLINE
2026-07-01 22:50:17,556 | CRITICAL | SourceEngine | ALL PROVIDERS FAILED : NFLX
2026-07-01 22:50:17,557 | INFO     | SourceEngine | REQUEST : NFLX
2026-07-01 22:50:17,755 | WARNING  | HealthManager | Provider MASSIVE is unhealthy.
2026-07-01 22:50:17,756 | WARNING  | SourceEngine | MASSIVE OFFLINE
2026-07-01 22:50:18,208 | ERROR    | StatisticsManager | FINNHUB failed after 0.2183s
2026-07-01 22:50:18,208 | WARNING  | SourceEngine | FINNHUB : EMPTY_DATA
2026-07-01 22:50:18,412 | WARNING  | HealthManager | Provider FMP is unhealthy.
2026-07-01 22:50:18,413 | WARNING  | SourceEngine | FMP OFFLINE
2026-07-01 22:50:18,647 | WARNING  | HealthManager | Provider ALPHA_VANTAGE is unhealthy.
2026-07-01 22:50:18,648 | WARNING  | SourceEngine | ALPHA_VANTAGE OFFLINE
2026-07-01 22:50:18,649 | CRITICAL | SourceEngine | ALL PROVIDERS FAILED : NFLX
2026-07-01 22:50:18,651 | INFO     | SourceEngine | REQUEST : NFLX
2026-07-01 22:50:18,851 | WARNING  | HealthManager | Provider MASSIVE is unhealthy.
2026-07-01 22:50:18,852 | WARNING  | SourceEngine | MASSIVE OFFLINE
2026-07-01 22:50:19,371 | ERROR    | StatisticsManager | FINNHUB failed after 0.2953s
2026-07-01 22:50:19,372 | WARNING  | SourceEngine | FINNHUB : EMPTY_DATA
2026-07-01 22:50:19,603 | WARNING  | HealthManager | Provider FMP is unhealthy.
2026-07-01 22:50:19,604 | WARNING  | SourceEngine | FMP OFFLINE
2026-07-01 22:50:25,706 | WARNING  | HealthManager | Provider ALPHA_VANTAGE is unhealthy.
2026-07-01 22:50:25,707 | WARNING  | SourceEngine | ALPHA_VANTAGE OFFLINE
2026-07-01 22:50:25,708 | CRITICAL | SourceEngine | ALL PROVIDERS FAILED : NFLX
2026-07-01 22:50:25,708 | INFO     | SourceEngine | REQUEST : AMD
2026-07-01 22:50:25,928 | WARNING  | HealthManager | Provider MASSIVE is unhealthy.
2026-07-01 22:50:25,929 | WARNING  | SourceEngine | MASSIVE OFFLINE
2026-07-01 22:50:26,894 | ERROR    | StatisticsManager | FINNHUB failed after 0.6442s
2026-07-01 22:50:26,895 | WARNING  | SourceEngine | FINNHUB : EMPTY_DATA
2026-07-01 22:50:27,112 | WARNING  | HealthManager | Provider FMP is unhealthy.
2026-07-01 22:50:27,112 | WARNING  | SourceEngine | FMP OFFLINE
2026-07-01 22:50:29,434 | WARNING  | HealthManager | Provider ALPHA_VANTAGE is unhealthy.
2026-07-01 22:50:29,435 | WARNING  | SourceEngine | ALPHA_VANTAGE OFFLINE
2026-07-01 22:50:29,436 | CRITICAL | SourceEngine | ALL PROVIDERS FAILED : AMD
2026-07-01 22:50:29,438 | INFO     | SourceEngine | REQUEST : AMD
2026-07-01 22:50:29,744 | WARNING  | HealthManager | Provider MASSIVE is unhealthy.
2026-07-01 22:50:29,745 | WARNING  | SourceEngine | MASSIVE OFFLINE
2026-07-01 22:50:30,193 | ERROR    | StatisticsManager | FINNHUB failed after 0.2237s
2026-07-01 22:50:30,194 | WARNING  | SourceEngine | FINNHUB : EMPTY_DATA
2026-07-01 22:50:30,398 | WARNING  | HealthManager | Provider FMP is unhealthy.
2026-07-01 22:50:30,399 | WARNING  | SourceEngine | FMP OFFLINE
2026-07-01 22:50:30,793 | WARNING  | HealthManager | Provider ALPHA_VANTAGE is unhealthy.
2026-07-01 22:50:30,794 | WARNING  | SourceEngine | ALPHA_VANTAGE OFFLINE
2026-07-01 22:50:30,795 | CRITICAL | SourceEngine | ALL PROVIDERS FAILED : AMD
2026-07-01 22:50:30,797 | INFO     | SourceEngine | REQUEST : AMD
2026-07-01 22:50:31,019 | WARNING  | HealthManager | Provider MASSIVE is unhealthy.
2026-07-01 22:50:31,020 | WARNING  | SourceEngine | MASSIVE OFFLINE
2026-07-01 22:50:31,484 | ERROR    | StatisticsManager | FINNHUB failed after 0.2276s
2026-07-01 22:50:31,485 | WARNING  | SourceEngine | FINNHUB : EMPTY_DATA
2026-07-01 22:50:31,874 | WARNING  | HealthManager | Provider FMP is unhealthy.
2026-07-01 22:50:31,875 | WARNING  | SourceEngine | FMP OFFLINE
2026-07-01 22:50:32,633 | WARNING  | HealthManager | Provider ALPHA_VANTAGE is unhealthy.
2026-07-01 22:50:32,634 | WARNING  | SourceEngine | ALPHA_VANTAGE OFFLINE
2026-07-01 22:50:32,635 | CRITICAL | SourceEngine | ALL PROVIDERS FAILED : AMD
2026-07-01 22:50:32,636 | INFO     | SourceEngine | REQUEST : CRWD
2026-07-01 22:50:32,864 | WARNING  | HealthManager | Provider MASSIVE is unhealthy.
2026-07-01 22:50:32,865 | WARNING  | SourceEngine | MASSIVE OFFLINE
2026-07-01 22:50:33,360 | ERROR    | StatisticsManager | FINNHUB failed after 0.2272s
2026-07-01 22:50:33,361 | WARNING  | SourceEngine | FINNHUB : EMPTY_DATA
2026-07-01 22:50:33,572 | WARNING  | HealthManager | Provider FMP is unhealthy.
2026-07-01 22:50:33,573 | WARNING  | SourceEngine | FMP OFFLINE
2026-07-01 22:50:36,204 | WARNING  | HealthManager | Provider ALPHA_VANTAGE is unhealthy.
2026-07-01 22:50:36,205 | WARNING  | SourceEngine | ALPHA_VANTAGE OFFLINE
2026-07-01 22:50:36,205 | CRITICAL | SourceEngine | ALL PROVIDERS FAILED : CRWD
2026-07-01 22:50:36,207 | INFO     | SourceEngine | REQUEST : CRWD
2026-07-01 22:50:36,403 | WARNING  | HealthManager | Provider MASSIVE is unhealthy.
2026-07-01 22:50:36,404 | WARNING  | SourceEngine | MASSIVE OFFLINE
2026-07-01 22:50:37,044 | ERROR    | StatisticsManager | FINNHUB failed after 0.2337s
2026-07-01 22:50:37,044 | WARNING  | SourceEngine | FINNHUB : EMPTY_DATA
2026-07-01 22:50:37,248 | WARNING  | HealthManager | Provider FMP is unhealthy.
2026-07-01 22:50:37,249 | WARNING  | SourceEngine | FMP OFFLINE
2026-07-01 22:50:38,162 | WARNING  | HealthManager | Provider ALPHA_VANTAGE is unhealthy.
2026-07-01 22:50:38,163 | WARNING  | SourceEngine | ALPHA_VANTAGE OFFLINE
2026-07-01 22:50:38,164 | CRITICAL | SourceEngine | ALL PROVIDERS FAILED : CRWD
2026-07-01 22:50:38,166 | INFO     | SourceEngine | REQUEST : CRWD
2026-07-01 22:50:38,362 | WARNING  | HealthManager | Provider MASSIVE is unhealthy.
2026-07-01 22:50:38,363 | WARNING  | SourceEngine | MASSIVE OFFLINE
2026-07-01 22:50:39,106 | ERROR    | StatisticsManager | FINNHUB failed after 0.3766s
2026-07-01 22:50:39,107 | WARNING  | SourceEngine | FINNHUB : EMPTY_DATA
2026-07-01 22:50:39,317 | WARNING  | HealthManager | Provider FMP is unhealthy.
2026-07-01 22:50:39,318 | WARNING  | SourceEngine | FMP OFFLINE
2026-07-01 22:50:39,701 | WARNING  | HealthManager | Provider ALPHA_VANTAGE is unhealthy.
2026-07-01 22:50:39,702 | WARNING  | SourceEngine | ALPHA_VANTAGE OFFLINE
2026-07-01 22:50:39,703 | CRITICAL | SourceEngine | ALL PROVIDERS FAILED : CRWD
2026-07-01 22:50:39,704 | INFO     | SourceEngine | REQUEST : PLTR
2026-07-01 22:50:39,895 | WARNING  | HealthManager | Provider MASSIVE is unhealthy.
2026-07-01 22:50:39,896 | WARNING  | SourceEngine | MASSIVE OFFLINE
2026-07-01 22:50:40,407 | ERROR    | StatisticsManager | FINNHUB failed after 0.2784s
2026-07-01 22:50:40,408 | WARNING  | SourceEngine | FINNHUB : EMPTY_DATA
2026-07-01 22:50:40,611 | WARNING  | HealthManager | Provider FMP is unhealthy.
2026-07-01 22:50:40,612 | WARNING  | SourceEngine | FMP OFFLINE
2026-07-01 22:50:41,828 | WARNING  | HealthManager | Provider ALPHA_VANTAGE is unhealthy.
2026-07-01 22:50:41,829 | WARNING  | SourceEngine | ALPHA_VANTAGE OFFLINE
2026-07-01 22:50:41,830 | CRITICAL | SourceEngine | ALL PROVIDERS FAILED : PLTR
2026-07-01 22:50:41,831 | INFO     | SourceEngine | REQUEST : PLTR
2026-07-01 22:50:42,037 | WARNING  | HealthManager | Provider MASSIVE is unhealthy.
2026-07-01 22:50:42,038 | WARNING  | SourceEngine | MASSIVE OFFLINE
2026-07-01 22:50:43,402 | ERROR    | StatisticsManager | FINNHUB failed after 0.2478s
2026-07-01 22:50:43,403 | WARNING  | SourceEngine | FINNHUB : EMPTY_DATA
2026-07-01 22:50:43,614 | WARNING  | HealthManager | Provider FMP is unhealthy.
2026-07-01 22:50:43,616 | WARNING  | SourceEngine | FMP OFFLINE
2026-07-01 22:50:43,865 | WARNING  | HealthManager | Provider ALPHA_VANTAGE is unhealthy.
2026-07-01 22:50:43,866 | WARNING  | SourceEngine | ALPHA_VANTAGE OFFLINE
2026-07-01 22:50:43,867 | CRITICAL | SourceEngine | ALL PROVIDERS FAILED : PLTR
2026-07-01 22:50:43,868 | INFO     | SourceEngine | REQUEST : PLTR
2026-07-01 22:50:44,083 | WARNING  | HealthManager | Provider MASSIVE is unhealthy.
2026-07-01 22:50:44,084 | WARNING  | SourceEngine | MASSIVE OFFLINE
2026-07-01 22:50:44,640 | ERROR    | StatisticsManager | FINNHUB failed after 0.2308s
2026-07-01 22:50:44,641 | WARNING  | SourceEngine | FINNHUB : EMPTY_DATA
2026-07-01 22:50:44,871 | WARNING  | HealthManager | Provider FMP is unhealthy.
2026-07-01 22:50:44,872 | WARNING  | SourceEngine | FMP OFFLINE
2026-07-01 22:50:45,095 | WARNING  | HealthManager | Provider ALPHA_VANTAGE is unhealthy.
2026-07-01 22:50:45,096 | WARNING  | SourceEngine | ALPHA_VANTAGE OFFLINE
2026-07-01 22:50:45,097 | CRITICAL | SourceEngine | ALL PROVIDERS FAILED : PLTR
2026-07-01 22:50:45,098 | INFO     | SourceEngine | REQUEST : COST
2026-07-01 22:50:45,345 | WARNING  | HealthManager | Provider MASSIVE is unhealthy.
2026-07-01 22:50:45,346 | WARNING  | SourceEngine | MASSIVE OFFLINE
2026-07-01 22:50:45,919 | ERROR    | StatisticsManager | FINNHUB failed after 0.2392s
2026-07-01 22:50:45,920 | WARNING  | SourceEngine | FINNHUB : EMPTY_DATA
2026-07-01 22:50:46,128 | WARNING  | HealthManager | Provider FMP is unhealthy.
2026-07-01 22:50:46,129 | WARNING  | SourceEngine | FMP OFFLINE
2026-07-01 22:50:48,771 | WARNING  | HealthManager | Provider ALPHA_VANTAGE is unhealthy.
2026-07-01 22:50:48,772 | WARNING  | SourceEngine | ALPHA_VANTAGE OFFLINE
2026-07-01 22:50:48,772 | CRITICAL | SourceEngine | ALL PROVIDERS FAILED : COST
2026-07-01 22:50:48,774 | INFO     | SourceEngine | REQUEST : COST
2026-07-01 22:50:48,968 | WARNING  | HealthManager | Provider MASSIVE is unhealthy.
2026-07-01 22:50:48,969 | WARNING  | SourceEngine | MASSIVE OFFLINE
2026-07-01 22:50:49,506 | ERROR    | StatisticsManager | FINNHUB failed after 0.2215s
2026-07-01 22:50:49,507 | WARNING  | SourceEngine | FINNHUB : EMPTY_DATA
2026-07-01 22:50:49,720 | WARNING  | HealthManager | Provider FMP is unhealthy.
2026-07-01 22:50:49,721 | WARNING  | SourceEngine | FMP OFFLINE
2026-07-01 22:50:53,031 | WARNING  | HealthManager | Provider ALPHA_VANTAGE is unhealthy.
2026-07-01 22:50:53,032 | WARNING  | SourceEngine | ALPHA_VANTAGE OFFLINE
2026-07-01 22:50:53,033 | CRITICAL | SourceEngine | ALL PROVIDERS FAILED : COST
2026-07-01 22:50:53,035 | INFO     | SourceEngine | REQUEST : COST
2026-07-01 22:50:53,251 | WARNING  | HealthManager | Provider MASSIVE is unhealthy.
2026-07-01 22:50:53,252 | WARNING  | SourceEngine | MASSIVE OFFLINE
2026-07-01 22:50:53,740 | ERROR    | StatisticsManager | FINNHUB failed after 0.2299s
2026-07-01 22:50:53,741 | WARNING  | SourceEngine | FINNHUB : EMPTY_DATA
2026-07-01 22:50:53,959 | WARNING  | HealthManager | Provider FMP is unhealthy.
2026-07-01 22:50:53,960 | WARNING  | SourceEngine | FMP OFFLINE
2026-07-01 22:50:56,893 | WARNING  | HealthManager | Provider ALPHA_VANTAGE is unhealthy.
2026-07-01 22:50:56,894 | WARNING  | SourceEngine | ALPHA_VANTAGE OFFLINE
2026-07-01 22:50:56,895 | CRITICAL | SourceEngine | ALL PROVIDERS FAILED : COST
2026-07-01 22:50:56,896 | INFO     | SourceEngine | REQUEST : SHOP
2026-07-01 22:50:57,100 | WARNING  | HealthManager | Provider MASSIVE is unhealthy.
2026-07-01 22:50:57,101 | WARNING  | SourceEngine | MASSIVE OFFLINE
2026-07-01 22:50:58,077 | ERROR    | StatisticsManager | FINNHUB failed after 0.6761s
2026-07-01 22:50:58,078 | WARNING  | SourceEngine | FINNHUB : EMPTY_DATA
2026-07-01 22:50:58,333 | WARNING  | HealthManager | Provider FMP is unhealthy.
2026-07-01 22:50:58,333 | WARNING  | SourceEngine | FMP OFFLINE
2026-07-01 22:50:59,653 | WARNING  | HealthManager | Provider ALPHA_VANTAGE is unhealthy.
2026-07-01 22:50:59,654 | WARNING  | SourceEngine | ALPHA_VANTAGE OFFLINE
2026-07-01 22:50:59,655 | CRITICAL | SourceEngine | ALL PROVIDERS FAILED : SHOP
2026-07-01 22:50:59,657 | INFO     | SourceEngine | REQUEST : SHOP
2026-07-01 22:50:59,855 | WARNING  | HealthManager | Provider MASSIVE is unhealthy.
2026-07-01 22:50:59,855 | WARNING  | SourceEngine | MASSIVE OFFLINE
2026-07-01 22:51:00,329 | ERROR    | StatisticsManager | FINNHUB failed after 0.2338s
2026-07-01 22:51:00,330 | WARNING  | SourceEngine | FINNHUB : EMPTY_DATA
2026-07-01 22:51:00,551 | WARNING  | HealthManager | Provider FMP is unhealthy.
2026-07-01 22:51:00,552 | WARNING  | SourceEngine | FMP OFFLINE
2026-07-01 22:51:00,944 | WARNING  | HealthManager | Provider ALPHA_VANTAGE is unhealthy.
2026-07-01 22:51:00,945 | WARNING  | SourceEngine | ALPHA_VANTAGE OFFLINE
2026-07-01 22:51:00,945 | CRITICAL | SourceEngine | ALL PROVIDERS FAILED : SHOP
2026-07-01 22:51:00,947 | INFO     | SourceEngine | REQUEST : SHOP
2026-07-01 22:51:01,148 | WARNING  | HealthManager | Provider MASSIVE is unhealthy.
2026-07-01 22:51:01,149 | WARNING  | SourceEngine | MASSIVE OFFLINE
2026-07-01 22:51:01,634 | ERROR    | StatisticsManager | FINNHUB failed after 0.2377s
2026-07-01 22:51:01,634 | WARNING  | SourceEngine | FINNHUB : EMPTY_DATA
2026-07-01 22:51:01,935 | WARNING  | HealthManager | Provider FMP is unhealthy.
2026-07-01 22:51:01,936 | WARNING  | SourceEngine | FMP OFFLINE
2026-07-01 22:51:02,567 | WARNING  | HealthManager | Provider ALPHA_VANTAGE is unhealthy.
2026-07-01 22:51:02,568 | WARNING  | SourceEngine | ALPHA_VANTAGE OFFLINE
2026-07-01 22:51:02,569 | CRITICAL | SourceEngine | ALL PROVIDERS FAILED : SHOP
2026-07-01 22:51:02,570 | INFO     | SourceEngine | REQUEST : COIN
2026-07-01 22:51:02,788 | WARNING  | HealthManager | Provider MASSIVE is unhealthy.
2026-07-01 22:51:02,789 | WARNING  | SourceEngine | MASSIVE OFFLINE
2026-07-01 22:51:03,602 | ERROR    | StatisticsManager | FINNHUB failed after 0.5758s
2026-07-01 22:51:03,603 | WARNING  | SourceEngine | FINNHUB : EMPTY_DATA
2026-07-01 22:51:03,810 | WARNING  | HealthManager | Provider FMP is unhealthy.
2026-07-01 22:51:03,811 | WARNING  | SourceEngine | FMP OFFLINE
2026-07-01 22:51:04,069 | WARNING  | HealthManager | Provider ALPHA_VANTAGE is unhealthy.
2026-07-01 22:51:04,070 | WARNING  | SourceEngine | ALPHA_VANTAGE OFFLINE
2026-07-01 22:51:04,071 | CRITICAL | SourceEngine | ALL PROVIDERS FAILED : COIN
2026-07-01 22:51:04,072 | INFO     | SourceEngine | REQUEST : COIN
2026-07-01 22:51:04,283 | WARNING  | HealthManager | Provider MASSIVE is unhealthy.
2026-07-01 22:51:04,284 | WARNING  | SourceEngine | MASSIVE OFFLINE
2026-07-01 22:51:04,794 | ERROR    | StatisticsManager | FINNHUB failed after 0.2572s
2026-07-01 22:51:04,795 | WARNING  | SourceEngine | FINNHUB : EMPTY_DATA
2026-07-01 22:51:05,001 | WARNING  | HealthManager | Provider FMP is unhealthy.
2026-07-01 22:51:05,002 | WARNING  | SourceEngine | FMP OFFLINE
2026-07-01 22:51:09,251 | WARNING  | HealthManager | Provider ALPHA_VANTAGE is unhealthy.
2026-07-01 22:51:09,252 | WARNING  | SourceEngine | ALPHA_VANTAGE OFFLINE
2026-07-01 22:51:09,252 | CRITICAL | SourceEngine | ALL PROVIDERS FAILED : COIN
2026-07-01 22:51:09,254 | INFO     | SourceEngine | REQUEST : COIN
2026-07-01 22:51:09,451 | WARNING  | HealthManager | Provider MASSIVE is unhealthy.
2026-07-01 22:51:09,452 | WARNING  | SourceEngine | MASSIVE OFFLINE
2026-07-01 22:51:09,900 | ERROR    | StatisticsManager | FINNHUB failed after 0.2243s
2026-07-01 22:51:09,900 | WARNING  | SourceEngine | FINNHUB : EMPTY_DATA
2026-07-01 22:51:10,103 | WARNING  | HealthManager | Provider FMP is unhealthy.
2026-07-01 22:51:10,104 | WARNING  | SourceEngine | FMP OFFLINE
2026-07-01 22:51:10,320 | WARNING  | HealthManager | Provider ALPHA_VANTAGE is unhealthy.
2026-07-01 22:51:10,321 | WARNING  | SourceEngine | ALPHA_VANTAGE OFFLINE
2026-07-01 22:51:10,322 | CRITICAL | SourceEngine | ALL PROVIDERS FAILED : COIN
2026-07-01 22:51:10,323 | INFO     | SourceEngine | REQUEST : BABA
2026-07-01 22:51:10,518 | WARNING  | HealthManager | Provider MASSIVE is unhealthy.
2026-07-01 22:51:10,519 | WARNING  | SourceEngine | MASSIVE OFFLINE
2026-07-01 22:51:11,241 | ERROR    | StatisticsManager | FINNHUB failed after 0.3566s
2026-07-01 22:51:11,242 | WARNING  | SourceEngine | FINNHUB : EMPTY_DATA
2026-07-01 22:51:11,445 | WARNING  | HealthManager | Provider FMP is unhealthy.
2026-07-01 22:51:11,445 | WARNING  | SourceEngine | FMP OFFLINE
2026-07-01 22:51:13,069 | WARNING  | HealthManager | Provider ALPHA_VANTAGE is unhealthy.
2026-07-01 22:51:13,070 | WARNING  | SourceEngine | ALPHA_VANTAGE OFFLINE
2026-07-01 22:51:13,071 | CRITICAL | SourceEngine | ALL PROVIDERS FAILED : BABA
2026-07-01 22:51:13,073 | INFO     | SourceEngine | REQUEST : BABA
2026-07-01 22:51:13,453 | WARNING  | HealthManager | Provider MASSIVE is unhealthy.
2026-07-01 22:51:13,455 | WARNING  | SourceEngine | MASSIVE OFFLINE
2026-07-01 22:51:13,903 | ERROR    | StatisticsManager | FINNHUB failed after 0.2250s
2026-07-01 22:51:13,904 | WARNING  | SourceEngine | FINNHUB : EMPTY_DATA
2026-07-01 22:51:14,128 | WARNING  | HealthManager | Provider FMP is unhealthy.
2026-07-01 22:51:14,129 | WARNING  | SourceEngine | FMP OFFLINE
2026-07-01 22:51:14,353 | WARNING  | HealthManager | Provider ALPHA_VANTAGE is unhealthy.
2026-07-01 22:51:14,354 | WARNING  | SourceEngine | ALPHA_VANTAGE OFFLINE
2026-07-01 22:51:14,354 | CRITICAL | SourceEngine | ALL PROVIDERS FAILED : BABA
2026-07-01 22:51:14,356 | INFO     | SourceEngine | REQUEST : BABA
2026-07-01 22:51:14,548 | WARNING  | HealthManager | Provider MASSIVE is unhealthy.
2026-07-01 22:51:14,549 | WARNING  | SourceEngine | MASSIVE OFFLINE
2026-07-01 22:51:15,039 | ERROR    | StatisticsManager | FINNHUB failed after 0.2256s
2026-07-01 22:51:15,040 | WARNING  | SourceEngine | FINNHUB : EMPTY_DATA
2026-07-01 22:51:15,263 | WARNING  | HealthManager | Provider FMP is unhealthy.
2026-07-01 22:51:15,264 | WARNING  | SourceEngine | FMP OFFLINE
2026-07-01 22:51:17,626 | WARNING  | HealthManager | Provider ALPHA_VANTAGE is unhealthy.
2026-07-01 22:51:17,627 | WARNING  | SourceEngine | ALPHA_VANTAGE OFFLINE
2026-07-01 22:51:17,628 | CRITICAL | SourceEngine | ALL PROVIDERS FAILED : BABA
2026-07-01 22:51:17,629 | INFO     | SourceEngine | REQUEST : ARM
2026-07-01 22:51:17,868 | WARNING  | HealthManager | Provider MASSIVE is unhealthy.
2026-07-01 22:51:17,869 | WARNING  | SourceEngine | MASSIVE OFFLINE
2026-07-01 22:51:18,411 | ERROR    | StatisticsManager | FINNHUB failed after 0.2239s
2026-07-01 22:51:18,412 | WARNING  | SourceEngine | FINNHUB : EMPTY_DATA
2026-07-01 22:51:18,630 | WARNING  | HealthManager | Provider FMP is unhealthy.
2026-07-01 22:51:18,631 | WARNING  | SourceEngine | FMP OFFLINE
2026-07-01 22:51:20,939 | WARNING  | HealthManager | Provider ALPHA_VANTAGE is unhealthy.
2026-07-01 22:51:20,939 | WARNING  | SourceEngine | ALPHA_VANTAGE OFFLINE
2026-07-01 22:51:20,940 | CRITICAL | SourceEngine | ALL PROVIDERS FAILED : ARM
2026-07-01 22:51:20,942 | INFO     | SourceEngine | REQUEST : ARM
2026-07-01 22:51:21,125 | WARNING  | HealthManager | Provider MASSIVE is unhealthy.
2026-07-01 22:51:21,126 | WARNING  | SourceEngine | MASSIVE OFFLINE
2026-07-01 22:51:21,591 | ERROR    | StatisticsManager | FINNHUB failed after 0.2265s
2026-07-01 22:51:21,592 | WARNING  | SourceEngine | FINNHUB : EMPTY_DATA
2026-07-01 22:51:21,799 | WARNING  | HealthManager | Provider FMP is unhealthy.
2026-07-01 22:51:21,800 | WARNING  | SourceEngine | FMP OFFLINE
2026-07-01 22:51:22,620 | WARNING  | HealthManager | Provider ALPHA_VANTAGE is unhealthy.
2026-07-01 22:51:22,621 | WARNING  | SourceEngine | ALPHA_VANTAGE OFFLINE
2026-07-01 22:51:22,622 | CRITICAL | SourceEngine | ALL PROVIDERS FAILED : ARM
2026-07-01 22:51:22,623 | INFO     | SourceEngine | REQUEST : ARM
2026-07-01 22:51:22,933 | WARNING  | HealthManager | Provider MASSIVE is unhealthy.
2026-07-01 22:51:22,934 | WARNING  | SourceEngine | MASSIVE OFFLINE
2026-07-01 22:51:23,487 | ERROR    | StatisticsManager | FINNHUB failed after 0.2377s
2026-07-01 22:51:23,488 | WARNING  | SourceEngine | FINNHUB : EMPTY_DATA
2026-07-01 22:51:23,696 | WARNING  | HealthManager | Provider FMP is unhealthy.
2026-07-01 22:51:23,697 | WARNING  | SourceEngine | FMP OFFLINE
2026-07-01 22:51:23,920 | WARNING  | HealthManager | Provider ALPHA_VANTAGE is unhealthy.
2026-07-01 22:51:23,921 | WARNING  | SourceEngine | ALPHA_VANTAGE OFFLINE
2026-07-01 22:51:23,922 | CRITICAL | SourceEngine | ALL PROVIDERS FAILED : ARM
2026-07-01 22:51:23,923 | INFO     | SourceEngine | REQUEST : PANW
2026-07-01 22:51:24,132 | WARNING  | HealthManager | Provider MASSIVE is unhealthy.
2026-07-01 22:51:24,133 | WARNING  | SourceEngine | MASSIVE OFFLINE
2026-07-01 22:51:25,133 | ERROR    | StatisticsManager | FINNHUB failed after 0.2265s
2026-07-01 22:51:25,134 | WARNING  | SourceEngine | FINNHUB : EMPTY_DATA
2026-07-01 22:51:25,354 | WARNING  | HealthManager | Provider FMP is unhealthy.
2026-07-01 22:51:25,355 | WARNING  | SourceEngine | FMP OFFLINE
2026-07-01 22:51:25,697 | WARNING  | HealthManager | Provider ALPHA_VANTAGE is unhealthy.
2026-07-01 22:51:25,698 | WARNING  | SourceEngine | ALPHA_VANTAGE OFFLINE
2026-07-01 22:51:25,699 | CRITICAL | SourceEngine | ALL PROVIDERS FAILED : PANW
2026-07-01 22:51:25,700 | INFO     | SourceEngine | REQUEST : PANW
2026-07-01 22:51:25,904 | WARNING  | HealthManager | Provider MASSIVE is unhealthy.
2026-07-01 22:51:25,906 | WARNING  | SourceEngine | MASSIVE OFFLINE
2026-07-01 22:51:26,418 | ERROR    | StatisticsManager | FINNHUB failed after 0.2793s
2026-07-01 22:51:26,419 | WARNING  | SourceEngine | FINNHUB : EMPTY_DATA
2026-07-01 22:51:26,617 | WARNING  | HealthManager | Provider FMP is unhealthy.
2026-07-01 22:51:26,618 | WARNING  | SourceEngine | FMP OFFLINE
2026-07-01 22:51:27,643 | WARNING  | HealthManager | Provider ALPHA_VANTAGE is unhealthy.
2026-07-01 22:51:27,644 | WARNING  | SourceEngine | ALPHA_VANTAGE OFFLINE
2026-07-01 22:51:27,645 | CRITICAL | SourceEngine | ALL PROVIDERS FAILED : PANW
2026-07-01 22:51:27,646 | INFO     | SourceEngine | REQUEST : PANW
2026-07-01 22:51:27,848 | WARNING  | HealthManager | Provider MASSIVE is unhealthy.
2026-07-01 22:51:27,849 | WARNING  | SourceEngine | MASSIVE OFFLINE
2026-07-01 22:51:28,785 | ERROR    | StatisticsManager | FINNHUB failed after 0.2183s
2026-07-01 22:51:28,785 | WARNING  | SourceEngine | FINNHUB : EMPTY_DATA
2026-07-01 22:51:29,021 | WARNING  | HealthManager | Provider FMP is unhealthy.
2026-07-01 22:51:29,021 | WARNING  | SourceEngine | FMP OFFLINE
2026-07-01 22:52:10,256 | INFO     | SourceEngine | Provider Priority = ['MASSIVE', 'FINNHUB', 'FMP', 'ALPHA_VANTAGE']
2026-07-01 22:52:10,257 | INFO     | SourceEngine | SourceEngine initialized successfully.
2026-07-01 22:52:10,258 | INFO     | SourceEngine | Provider Priority = ['MASSIVE', 'FINNHUB', 'FMP', 'ALPHA_VANTAGE']
2026-07-01 22:52:10,258 | INFO     | SourceEngine | SourceEngine initialized successfully.
2026-07-01 22:52:10,259 | INFO     | SourceEngine | REQUEST : AAPL
2026-07-01 22:52:11,999 | WARNING  | HealthManager | Provider MASSIVE is unhealthy.
2026-07-01 22:52:12,000 | WARNING  | SourceEngine | MASSIVE OFFLINE
2026-07-01 22:52:13,719 | ERROR    | StatisticsManager | FINNHUB failed after 0.3079s
2026-07-01 22:52:13,720 | WARNING  | SourceEngine | FINNHUB : EMPTY_DATA
2026-07-01 22:52:15,478 | WARNING  | HealthManager | Provider FMP is unhealthy.
2026-07-01 22:52:15,479 | WARNING  | SourceEngine | FMP OFFLINE
2026-07-01 22:52:16,869 | WARNING  | HealthManager | Provider ALPHA_VANTAGE is unhealthy.
2026-07-01 22:52:16,870 | WARNING  | SourceEngine | ALPHA_VANTAGE OFFLINE
2026-07-01 22:52:16,872 | CRITICAL | SourceEngine | ALL PROVIDERS FAILED : AAPL
2026-07-01 22:52:17,118 | WARNING  | HealthManager | Provider MASSIVE is unhealthy.
2026-07-01 22:52:17,624 | WARNING  | HealthManager | Provider FMP is unhealthy.
2026-07-01 22:52:18,968 | WARNING  | HealthManager | Provider ALPHA_VANTAGE is unhealthy.
2026-07-01 22:52:18,968 | INFO     | SourceEngine | Stopping SourceEngine...
2026-07-01 22:52:18,974 | INFO     | SourceEngine | SourceEngine stopped successfully.
2026-07-02 00:06:05,875 | INFO     | SourceEngine | Provider Priority = ['MASSIVE', 'FINNHUB', 'FMP', 'ALPHA_VANTAGE']
2026-07-02 00:06:05,877 | INFO     | SourceEngine | SourceEngine initialized successfully.
2026-07-02 00:06:05,879 | INFO     | SourceEngine | REQUEST : SPX
2026-07-02 00:06:07,665 | WARNING  | HealthManager | Provider MASSIVE is unhealthy.
2026-07-02 00:06:07,669 | WARNING  | SourceEngine | MASSIVE OFFLINE
2026-07-02 00:06:08,809 | WARNING  | HealthManager | Provider FINNHUB is unhealthy.
2026-07-02 00:06:08,810 | WARNING  | SourceEngine | FINNHUB OFFLINE
2026-07-02 00:06:10,434 | WARNING  | HealthManager | Provider FMP is unhealthy.
2026-07-02 00:06:10,436 | WARNING  | SourceEngine | FMP OFFLINE
2026-07-02 00:06:12,047 | ERROR    | StatisticsManager | ALPHA_VANTAGE failed after 0.2241s
2026-07-02 00:06:12,048 | WARNING  | SourceEngine | ALPHA_VANTAGE : EMPTY_DATA
2026-07-02 00:06:12,049 | CRITICAL | SourceEngine | ALL PROVIDERS FAILED : SPX
2026-07-02 00:06:12,051 | INFO     | SourceEngine | REQUEST : ^GSPC
2026-07-02 00:06:12,247 | WARNING  | HealthManager | Provider MASSIVE is unhealthy.
2026-07-02 00:06:12,248 | WARNING  | SourceEngine | MASSIVE OFFLINE
2026-07-02 00:06:13,095 | WARNING  | HealthManager | Provider FINNHUB is unhealthy.
2026-07-02 00:06:13,095 | WARNING  | SourceEngine | FINNHUB OFFLINE
2026-07-02 00:06:13,298 | WARNING  | HealthManager | Provider FMP is unhealthy.
2026-07-02 00:06:13,299 | WARNING  | SourceEngine | FMP OFFLINE
2026-07-02 00:06:13,723 | ERROR    | StatisticsManager | ALPHA_VANTAGE failed after 0.2090s
2026-07-02 00:06:13,725 | WARNING  | SourceEngine | ALPHA_VANTAGE : EMPTY_DATA
2026-07-02 00:06:13,726 | CRITICAL | SourceEngine | ALL PROVIDERS FAILED : ^GSPC
2026-07-02 00:06:13,728 | INFO     | SourceEngine | REQUEST : SPX
2026-07-02 00:06:13,917 | WARNING  | HealthManager | Provider MASSIVE is unhealthy.
2026-07-02 00:06:13,918 | WARNING  | SourceEngine | MASSIVE OFFLINE
2026-07-02 00:06:15,716 | ERROR    | StatisticsManager | FINNHUB failed after 0.2575s
2026-07-02 00:06:15,717 | WARNING  | SourceEngine | FINNHUB : EMPTY_DATA
2026-07-02 00:06:15,936 | WARNING  | HealthManager | Provider FMP is unhealthy.
2026-07-02 00:06:15,938 | WARNING  | SourceEngine | FMP OFFLINE
2026-07-02 00:06:16,390 | ERROR    | StatisticsManager | ALPHA_VANTAGE failed after 0.2266s
2026-07-02 00:06:16,390 | WARNING  | SourceEngine | ALPHA_VANTAGE : EMPTY_DATA
2026-07-02 00:06:16,391 | CRITICAL | SourceEngine | ALL PROVIDERS FAILED : SPX
2026-07-02 00:06:16,393 | INFO     | SourceEngine | REQUEST : SPX
2026-07-02 00:06:16,588 | WARNING  | HealthManager | Provider MASSIVE is unhealthy.
2026-07-02 00:06:16,589 | WARNING  | SourceEngine | MASSIVE OFFLINE
2026-07-02 00:06:17,070 | ERROR    | StatisticsManager | FINNHUB failed after 0.2403s
2026-07-02 00:06:17,071 | WARNING  | SourceEngine | FINNHUB : EMPTY_DATA
2026-07-02 00:06:17,304 | WARNING  | HealthManager | Provider FMP is unhealthy.
2026-07-02 00:06:17,305 | WARNING  | SourceEngine | FMP OFFLINE
2026-07-02 00:06:17,755 | ERROR    | StatisticsManager | ALPHA_VANTAGE failed after 0.2182s
2026-07-02 00:06:17,757 | WARNING  | SourceEngine | ALPHA_VANTAGE : EMPTY_DATA
2026-07-02 00:06:17,758 | CRITICAL | SourceEngine | ALL PROVIDERS FAILED : SPX
2026-07-02 00:06:17,759 | INFO     | SourceEngine | REQUEST : NASDAQ
2026-07-02 00:06:17,965 | WARNING  | HealthManager | Provider MASSIVE is unhealthy.
2026-07-02 00:06:17,967 | WARNING  | SourceEngine | MASSIVE OFFLINE
2026-07-02 00:06:18,486 | ERROR    | StatisticsManager | FINNHUB failed after 0.2751s
2026-07-02 00:06:18,487 | WARNING  | SourceEngine | FINNHUB : EMPTY_DATA
2026-07-02 00:06:18,739 | WARNING  | HealthManager | Provider FMP is unhealthy.
2026-07-02 00:06:18,740 | WARNING  | SourceEngine | FMP OFFLINE
2026-07-02 00:06:19,242 | ERROR    | StatisticsManager | ALPHA_VANTAGE failed after 0.2581s
2026-07-02 00:06:19,243 | WARNING  | SourceEngine | ALPHA_VANTAGE : EMPTY_DATA
2026-07-02 00:06:19,244 | CRITICAL | SourceEngine | ALL PROVIDERS FAILED : NASDAQ
2026-07-02 00:06:19,246 | INFO     | SourceEngine | REQUEST : NASDAQ
2026-07-02 00:06:19,449 | WARNING  | HealthManager | Provider MASSIVE is unhealthy.
2026-07-02 00:06:19,450 | WARNING  | SourceEngine | MASSIVE OFFLINE
2026-07-02 00:06:19,977 | ERROR    | StatisticsManager | FINNHUB failed after 0.2339s
2026-07-02 00:06:19,978 | WARNING  | SourceEngine | FINNHUB : EMPTY_DATA
2026-07-02 00:06:20,185 | WARNING  | HealthManager | Provider FMP is unhealthy.
2026-07-02 00:06:20,186 | WARNING  | SourceEngine | FMP OFFLINE
2026-07-02 00:06:20,716 | ERROR    | StatisticsManager | ALPHA_VANTAGE failed after 0.2978s
2026-07-02 00:06:20,717 | WARNING  | SourceEngine | ALPHA_VANTAGE : EMPTY_DATA
2026-07-02 00:06:20,718 | CRITICAL | SourceEngine | ALL PROVIDERS FAILED : NASDAQ
2026-07-02 00:06:20,720 | INFO     | SourceEngine | REQUEST : NASDAQ
2026-07-02 00:06:20,937 | WARNING  | HealthManager | Provider MASSIVE is unhealthy.
2026-07-02 00:06:20,938 | WARNING  | SourceEngine | MASSIVE OFFLINE
2026-07-02 00:06:21,426 | ERROR    | StatisticsManager | FINNHUB failed after 0.2559s
2026-07-02 00:06:21,426 | WARNING  | SourceEngine | FINNHUB : EMPTY_DATA
2026-07-02 00:06:21,680 | WARNING  | HealthManager | Provider FMP is unhealthy.
2026-07-02 00:06:21,681 | WARNING  | SourceEngine | FMP OFFLINE
2026-07-02 00:06:22,178 | ERROR    | StatisticsManager | ALPHA_VANTAGE failed after 0.2358s
2026-07-02 00:06:22,179 | WARNING  | SourceEngine | ALPHA_VANTAGE : EMPTY_DATA
2026-07-02 00:06:22,180 | CRITICAL | SourceEngine | ALL PROVIDERS FAILED : NASDAQ
2026-07-02 00:06:22,181 | INFO     | SourceEngine | REQUEST : SPY
2026-07-02 00:06:22,390 | WARNING  | HealthManager | Provider MASSIVE is unhealthy.
2026-07-02 00:06:22,391 | WARNING  | SourceEngine | MASSIVE OFFLINE
2026-07-02 00:06:22,932 | ERROR    | StatisticsManager | FINNHUB failed after 0.2835s
2026-07-02 00:06:22,933 | WARNING  | SourceEngine | FINNHUB : EMPTY_DATA
2026-07-02 00:06:23,174 | WARNING  | HealthManager | Provider FMP is unhealthy.
2026-07-02 00:06:23,175 | WARNING  | SourceEngine | FMP OFFLINE
2026-07-02 00:06:23,641 | ERROR    | StatisticsManager | ALPHA_VANTAGE failed after 0.2388s
2026-07-02 00:06:23,641 | WARNING  | SourceEngine | ALPHA_VANTAGE : EMPTY_DATA
2026-07-02 00:06:23,643 | CRITICAL | SourceEngine | ALL PROVIDERS FAILED : SPY
2026-07-02 00:06:23,644 | INFO     | SourceEngine | REQUEST : SPY
2026-07-02 00:06:23,845 | WARNING  | HealthManager | Provider MASSIVE is unhealthy.
2026-07-02 00:06:23,846 | WARNING  | SourceEngine | MASSIVE OFFLINE
2026-07-02 00:06:24,325 | ERROR    | StatisticsManager | FINNHUB failed after 0.2331s
2026-07-02 00:06:24,326 | WARNING  | SourceEngine | FINNHUB : EMPTY_DATA
2026-07-02 00:06:24,540 | WARNING  | HealthManager | Provider FMP is unhealthy.
2026-07-02 00:06:24,541 | WARNING  | SourceEngine | FMP OFFLINE
2026-07-02 00:06:24,975 | ERROR    | StatisticsManager | ALPHA_VANTAGE failed after 0.2155s
2026-07-02 00:06:24,976 | WARNING  | SourceEngine | ALPHA_VANTAGE : EMPTY_DATA
2026-07-02 00:06:24,977 | CRITICAL | SourceEngine | ALL PROVIDERS FAILED : SPY
2026-07-02 00:06:24,978 | INFO     | SourceEngine | REQUEST : SPY
2026-07-02 00:06:25,187 | WARNING  | HealthManager | Provider MASSIVE is unhealthy.
2026-07-02 00:06:25,188 | WARNING  | SourceEngine | MASSIVE OFFLINE
2026-07-02 00:06:25,722 | ERROR    | StatisticsManager | FINNHUB failed after 0.2391s
2026-07-02 00:06:25,722 | WARNING  | SourceEngine | FINNHUB : EMPTY_DATA
2026-07-02 00:06:25,929 | WARNING  | HealthManager | Provider FMP is unhealthy.
2026-07-02 00:06:25,930 | WARNING  | SourceEngine | FMP OFFLINE
2026-07-02 00:06:26,414 | ERROR    | StatisticsManager | ALPHA_VANTAGE failed after 0.2335s
2026-07-02 00:06:26,415 | WARNING  | SourceEngine | ALPHA_VANTAGE : EMPTY_DATA
2026-07-02 00:06:26,416 | CRITICAL | SourceEngine | ALL PROVIDERS FAILED : SPY
2026-07-02 00:06:26,417 | INFO     | SourceEngine | REQUEST : QQQ
2026-07-02 00:06:26,629 | WARNING  | HealthManager | Provider MASSIVE is unhealthy.
2026-07-02 00:06:26,630 | WARNING  | SourceEngine | MASSIVE OFFLINE
2026-07-02 00:06:27,130 | ERROR    | StatisticsManager | FINNHUB failed after 0.2590s
2026-07-02 00:06:27,131 | WARNING  | SourceEngine | FINNHUB : EMPTY_DATA
2026-07-02 00:06:27,363 | WARNING  | HealthManager | Provider FMP is unhealthy.
2026-07-02 00:06:27,365 | WARNING  | SourceEngine | FMP OFFLINE
2026-07-02 00:06:27,848 | ERROR    | StatisticsManager | ALPHA_VANTAGE failed after 0.2385s
2026-07-02 00:06:27,849 | WARNING  | SourceEngine | ALPHA_VANTAGE : EMPTY_DATA
2026-07-02 00:06:27,850 | CRITICAL | SourceEngine | ALL PROVIDERS FAILED : QQQ
2026-07-02 00:06:27,852 | INFO     | SourceEngine | REQUEST : QQQ
2026-07-02 00:06:28,052 | WARNING  | HealthManager | Provider MASSIVE is unhealthy.
2026-07-02 00:06:28,052 | WARNING  | SourceEngine | MASSIVE OFFLINE
2026-07-02 00:06:28,549 | ERROR    | StatisticsManager | FINNHUB failed after 0.2505s
2026-07-02 00:06:28,550 | WARNING  | SourceEngine | FINNHUB : EMPTY_DATA
2026-07-02 00:06:28,776 | WARNING  | HealthManager | Provider FMP is unhealthy.
2026-07-02 00:06:28,777 | WARNING  | SourceEngine | FMP OFFLINE
2026-07-02 00:06:29,229 | ERROR    | StatisticsManager | ALPHA_VANTAGE failed after 0.2375s
2026-07-02 00:06:29,230 | WARNING  | SourceEngine | ALPHA_VANTAGE : EMPTY_DATA
2026-07-02 00:06:29,231 | CRITICAL | SourceEngine | ALL PROVIDERS FAILED : QQQ
2026-07-02 00:06:29,233 | INFO     | SourceEngine | REQUEST : QQQ
2026-07-02 00:06:29,462 | WARNING  | HealthManager | Provider MASSIVE is unhealthy.
2026-07-02 00:06:29,463 | WARNING  | SourceEngine | MASSIVE OFFLINE
2026-07-02 00:06:29,969 | ERROR    | StatisticsManager | FINNHUB failed after 0.2634s
2026-07-02 00:06:29,970 | WARNING  | SourceEngine | FINNHUB : EMPTY_DATA
2026-07-02 00:06:30,199 | WARNING  | HealthManager | Provider FMP is unhealthy.
2026-07-02 00:06:30,200 | WARNING  | SourceEngine | FMP OFFLINE
2026-07-02 00:06:30,651 | ERROR    | StatisticsManager | ALPHA_VANTAGE failed after 0.2340s
2026-07-02 00:06:30,652 | WARNING  | SourceEngine | ALPHA_VANTAGE : EMPTY_DATA
2026-07-02 00:06:30,653 | CRITICAL | SourceEngine | ALL PROVIDERS FAILED : QQQ
2026-07-02 00:06:30,654 | INFO     | SourceEngine | REQUEST : NVDA
2026-07-02 00:06:30,907 | WARNING  | HealthManager | Provider MASSIVE is unhealthy.
2026-07-02 00:06:30,907 | WARNING  | SourceEngine | MASSIVE OFFLINE
2026-07-02 00:06:31,417 | ERROR    | StatisticsManager | FINNHUB failed after 0.2650s
2026-07-02 00:06:31,418 | WARNING  | SourceEngine | FINNHUB : EMPTY_DATA
2026-07-02 00:06:31,666 | WARNING  | HealthManager | Provider FMP is unhealthy.
2026-07-02 00:06:31,667 | WARNING  | SourceEngine | FMP OFFLINE
2026-07-02 00:06:32,154 | ERROR    | StatisticsManager | ALPHA_VANTAGE failed after 0.2263s
2026-07-02 00:06:32,155 | WARNING  | SourceEngine | ALPHA_VANTAGE : EMPTY_DATA
2026-07-02 00:06:32,157 | CRITICAL | SourceEngine | ALL PROVIDERS FAILED : NVDA
2026-07-02 00:06:32,158 | INFO     | SourceEngine | REQUEST : NVDA
2026-07-02 00:06:32,386 | WARNING  | HealthManager | Provider MASSIVE is unhealthy.
2026-07-02 00:06:32,387 | WARNING  | SourceEngine | MASSIVE OFFLINE
2026-07-02 00:06:32,942 | ERROR    | StatisticsManager | FINNHUB failed after 0.2659s
2026-07-02 00:06:32,943 | WARNING  | SourceEngine | FINNHUB : EMPTY_DATA
2026-07-02 00:06:33,173 | WARNING  | HealthManager | Provider FMP is unhealthy.
2026-07-02 00:06:33,174 | WARNING  | SourceEngine | FMP OFFLINE
2026-07-02 00:06:33,626 | ERROR    | StatisticsManager | ALPHA_VANTAGE failed after 0.2150s
2026-07-02 00:06:33,626 | WARNING  | SourceEngine | ALPHA_VANTAGE : EMPTY_DATA
2026-07-02 00:06:33,627 | CRITICAL | SourceEngine | ALL PROVIDERS FAILED : NVDA
2026-07-02 00:06:33,629 | INFO     | SourceEngine | REQUEST : NVDA
2026-07-02 00:06:33,810 | WARNING  | HealthManager | Provider MASSIVE is unhealthy.
2026-07-02 00:06:33,811 | WARNING  | SourceEngine | MASSIVE OFFLINE
2026-07-02 00:06:34,295 | ERROR    | StatisticsManager | FINNHUB failed after 0.2357s
2026-07-02 00:06:34,295 | WARNING  | SourceEngine | FINNHUB : EMPTY_DATA
2026-07-02 00:06:34,503 | WARNING  | HealthManager | Provider FMP is unhealthy.
2026-07-02 00:06:34,504 | WARNING  | SourceEngine | FMP OFFLINE
2026-07-02 00:06:34,938 | ERROR    | StatisticsManager | ALPHA_VANTAGE failed after 0.2201s
2026-07-02 00:06:34,939 | WARNING  | SourceEngine | ALPHA_VANTAGE : EMPTY_DATA
2026-07-02 00:06:34,940 | CRITICAL | SourceEngine | ALL PROVIDERS FAILED : NVDA
2026-07-02 00:06:34,941 | INFO     | SourceEngine | REQUEST : AAPL
2026-07-02 00:06:35,126 | WARNING  | HealthManager | Provider MASSIVE is unhealthy.
2026-07-02 00:06:35,127 | WARNING  | SourceEngine | MASSIVE OFFLINE
2026-07-02 00:06:35,666 | ERROR    | StatisticsManager | FINNHUB failed after 0.2707s
2026-07-02 00:06:35,667 | WARNING  | SourceEngine | FINNHUB : EMPTY_DATA
2026-07-02 00:06:35,905 | WARNING  | HealthManager | Provider FMP is unhealthy.
2026-07-02 00:06:35,906 | WARNING  | SourceEngine | FMP OFFLINE
2026-07-02 00:06:36,415 | ERROR    | StatisticsManager | ALPHA_VANTAGE failed after 0.2503s
2026-07-02 00:06:36,416 | WARNING  | SourceEngine | ALPHA_VANTAGE : EMPTY_DATA
2026-07-02 00:06:36,417 | CRITICAL | SourceEngine | ALL PROVIDERS FAILED : AAPL
2026-07-02 00:06:36,418 | INFO     | SourceEngine | REQUEST : AAPL
2026-07-02 00:06:36,620 | WARNING  | HealthManager | Provider MASSIVE is unhealthy.
2026-07-02 00:06:36,621 | WARNING  | SourceEngine | MASSIVE OFFLINE
2026-07-02 00:06:37,106 | ERROR    | StatisticsManager | FINNHUB failed after 0.2292s
2026-07-02 00:06:37,107 | WARNING  | SourceEngine | FINNHUB : EMPTY_DATA
2026-07-02 00:06:37,361 | WARNING  | HealthManager | Provider FMP is unhealthy.
2026-07-02 00:06:37,362 | WARNING  | SourceEngine | FMP OFFLINE
2026-07-02 00:06:37,848 | ERROR    | StatisticsManager | ALPHA_VANTAGE failed after 0.2434s
2026-07-02 00:06:37,849 | WARNING  | SourceEngine | ALPHA_VANTAGE : EMPTY_DATA
2026-07-02 00:06:37,850 | CRITICAL | SourceEngine | ALL PROVIDERS FAILED : AAPL
2026-07-02 00:06:37,852 | INFO     | SourceEngine | REQUEST : AAPL
2026-07-02 00:06:38,059 | WARNING  | HealthManager | Provider MASSIVE is unhealthy.
2026-07-02 00:06:38,060 | WARNING  | SourceEngine | MASSIVE OFFLINE
2026-07-02 00:06:38,586 | ERROR    | StatisticsManager | FINNHUB failed after 0.2553s
2026-07-02 00:06:38,586 | WARNING  | SourceEngine | FINNHUB : EMPTY_DATA
2026-07-02 00:06:38,817 | WARNING  | HealthManager | Provider FMP is unhealthy.
2026-07-02 00:06:38,818 | WARNING  | SourceEngine | FMP OFFLINE
2026-07-02 00:06:39,308 | ERROR    | StatisticsManager | ALPHA_VANTAGE failed after 0.2315s
2026-07-02 00:06:39,309 | WARNING  | SourceEngine | ALPHA_VANTAGE : EMPTY_DATA
2026-07-02 00:06:39,310 | CRITICAL | SourceEngine | ALL PROVIDERS FAILED : AAPL
2026-07-02 00:06:39,311 | INFO     | SourceEngine | REQUEST : MSFT
2026-07-02 00:06:39,494 | WARNING  | HealthManager | Provider MASSIVE is unhealthy.
2026-07-02 00:06:39,494 | WARNING  | SourceEngine | MASSIVE OFFLINE
2026-07-02 00:06:39,987 | ERROR    | StatisticsManager | FINNHUB failed after 0.2578s
2026-07-02 00:06:39,987 | WARNING  | SourceEngine | FINNHUB : EMPTY_DATA
2026-07-02 00:06:40,208 | WARNING  | HealthManager | Provider FMP is unhealthy.
2026-07-02 00:06:40,208 | WARNING  | SourceEngine | FMP OFFLINE
2026-07-02 00:06:40,665 | ERROR    | StatisticsManager | ALPHA_VANTAGE failed after 0.2409s
2026-07-02 00:06:40,666 | WARNING  | SourceEngine | ALPHA_VANTAGE : EMPTY_DATA
2026-07-02 00:06:40,667 | CRITICAL | SourceEngine | ALL PROVIDERS FAILED : MSFT
2026-07-02 00:06:40,669 | INFO     | SourceEngine | REQUEST : MSFT
2026-07-02 00:06:40,876 | WARNING  | HealthManager | Provider MASSIVE is unhealthy.
2026-07-02 00:06:40,877 | WARNING  | SourceEngine | MASSIVE OFFLINE
2026-07-02 00:06:41,399 | ERROR    | StatisticsManager | FINNHUB failed after 0.2327s
2026-07-02 00:06:41,400 | WARNING  | SourceEngine | FINNHUB : EMPTY_DATA
2026-07-02 00:06:41,629 | WARNING  | HealthManager | Provider FMP is unhealthy.
2026-07-02 00:06:41,630 | WARNING  | SourceEngine | FMP OFFLINE
2026-07-02 00:06:42,120 | ERROR    | StatisticsManager | ALPHA_VANTAGE failed after 0.2442s
2026-07-02 00:06:42,121 | WARNING  | SourceEngine | ALPHA_VANTAGE : EMPTY_DATA
2026-07-02 00:06:42,122 | CRITICAL | SourceEngine | ALL PROVIDERS FAILED : MSFT
2026-07-02 00:06:42,125 | INFO     | SourceEngine | REQUEST : MSFT
2026-07-02 00:06:42,341 | WARNING  | HealthManager | Provider MASSIVE is unhealthy.
2026-07-02 00:06:42,342 | WARNING  | SourceEngine | MASSIVE OFFLINE
2026-07-02 00:06:42,898 | ERROR    | StatisticsManager | FINNHUB failed after 0.2762s
2026-07-02 00:06:42,899 | WARNING  | SourceEngine | FINNHUB : EMPTY_DATA
2026-07-02 00:06:43,138 | WARNING  | HealthManager | Provider FMP is unhealthy.
2026-07-02 00:06:43,139 | WARNING  | SourceEngine | FMP OFFLINE
2026-07-02 00:06:43,595 | ERROR    | StatisticsManager | ALPHA_VANTAGE failed after 0.2221s
2026-07-02 00:06:43,596 | WARNING  | SourceEngine | ALPHA_VANTAGE : EMPTY_DATA
2026-07-02 00:06:43,597 | CRITICAL | SourceEngine | ALL PROVIDERS FAILED : MSFT
2026-07-02 00:06:43,598 | INFO     | SourceEngine | REQUEST : META
2026-07-02 00:06:43,819 | WARNING  | HealthManager | Provider MASSIVE is unhealthy.
2026-07-02 00:06:43,820 | WARNING  | SourceEngine | MASSIVE OFFLINE
2026-07-02 00:06:44,343 | ERROR    | StatisticsManager | FINNHUB failed after 0.2745s
2026-07-02 00:06:44,343 | WARNING  | SourceEngine | FINNHUB : EMPTY_DATA
2026-07-02 00:06:44,592 | WARNING  | HealthManager | Provider FMP is unhealthy.
2026-07-02 00:06:44,593 | WARNING  | SourceEngine | FMP OFFLINE
2026-07-02 00:06:45,088 | ERROR    | StatisticsManager | ALPHA_VANTAGE failed after 0.2464s
2026-07-02 00:06:45,089 | WARNING  | SourceEngine | ALPHA_VANTAGE : EMPTY_DATA
2026-07-02 00:06:45,090 | CRITICAL | SourceEngine | ALL PROVIDERS FAILED : META
2026-07-02 00:06:45,091 | INFO     | SourceEngine | REQUEST : META
2026-07-02 00:06:45,290 | WARNING  | HealthManager | Provider MASSIVE is unhealthy.
2026-07-02 00:06:45,291 | WARNING  | SourceEngine | MASSIVE OFFLINE
2026-07-02 00:06:46,570 | ERROR    | StatisticsManager | FINNHUB failed after 0.6711s
2026-07-02 00:06:46,571 | WARNING  | SourceEngine | FINNHUB : EMPTY_DATA
2026-07-02 00:06:46,793 | WARNING  | HealthManager | Provider FMP is unhealthy.
2026-07-02 00:06:46,794 | WARNING  | SourceEngine | FMP OFFLINE
2026-07-02 00:06:47,529 | ERROR    | StatisticsManager | ALPHA_VANTAGE failed after 0.2375s
2026-07-02 00:06:47,530 | WARNING  | SourceEngine | ALPHA_VANTAGE : EMPTY_DATA
2026-07-02 00:06:47,530 | CRITICAL | SourceEngine | ALL PROVIDERS FAILED : META
2026-07-02 00:06:47,530 | INFO     | SourceEngine | REQUEST : META
2026-07-02 00:06:47,732 | WARNING  | HealthManager | Provider MASSIVE is unhealthy.
2026-07-02 00:06:47,733 | WARNING  | SourceEngine | MASSIVE OFFLINE
2026-07-02 00:06:48,230 | ERROR    | StatisticsManager | FINNHUB failed after 0.2509s
2026-07-02 00:06:48,230 | WARNING  | SourceEngine | FINNHUB : EMPTY_DATA
2026-07-02 00:06:48,450 | WARNING  | HealthManager | Provider FMP is unhealthy.
2026-07-02 00:06:48,451 | WARNING  | SourceEngine | FMP OFFLINE
2026-07-02 00:06:48,911 | ERROR    | StatisticsManager | ALPHA_VANTAGE failed after 0.2260s
2026-07-02 00:06:48,912 | WARNING  | SourceEngine | ALPHA_VANTAGE : EMPTY_DATA
2026-07-02 00:06:48,913 | CRITICAL | SourceEngine | ALL PROVIDERS FAILED : META
2026-07-02 00:06:48,914 | INFO     | SourceEngine | REQUEST : AMZN
2026-07-02 00:06:49,200 | WARNING  | HealthManager | Provider MASSIVE is unhealthy.
2026-07-02 00:06:49,201 | WARNING  | SourceEngine | MASSIVE OFFLINE
2026-07-02 00:06:49,864 | ERROR    | StatisticsManager | FINNHUB failed after 0.3221s
2026-07-02 00:06:49,865 | WARNING  | SourceEngine | FINNHUB : EMPTY_DATA
2026-07-02 00:06:50,120 | WARNING  | HealthManager | Provider FMP is unhealthy.
2026-07-02 00:06:50,121 | WARNING  | SourceEngine | FMP OFFLINE
2026-07-02 00:06:50,341 | WARNING  | HealthManager | Provider ALPHA_VANTAGE is unhealthy.
2026-07-02 00:06:50,342 | WARNING  | SourceEngine | ALPHA_VANTAGE OFFLINE
2026-07-02 00:06:50,343 | CRITICAL | SourceEngine | ALL PROVIDERS FAILED : AMZN
2026-07-02 00:06:50,345 | INFO     | SourceEngine | REQUEST : AMZN
2026-07-02 00:06:50,564 | WARNING  | HealthManager | Provider MASSIVE is unhealthy.
2026-07-02 00:06:50,565 | WARNING  | SourceEngine | MASSIVE OFFLINE
2026-07-02 00:06:51,083 | ERROR    | StatisticsManager | FINNHUB failed after 0.2370s
2026-07-02 00:06:51,083 | WARNING  | SourceEngine | FINNHUB : EMPTY_DATA
2026-07-02 00:06:51,306 | WARNING  | HealthManager | Provider FMP is unhealthy.
2026-07-02 00:06:51,307 | WARNING  | SourceEngine | FMP OFFLINE
2026-07-02 00:06:51,556 | WARNING  | HealthManager | Provider ALPHA_VANTAGE is unhealthy.
2026-07-02 00:06:51,557 | WARNING  | SourceEngine | ALPHA_VANTAGE OFFLINE
2026-07-02 00:06:51,558 | CRITICAL | SourceEngine | ALL PROVIDERS FAILED : AMZN
2026-07-02 00:06:51,560 | INFO     | SourceEngine | REQUEST : AMZN
2026-07-02 00:06:51,774 | WARNING  | HealthManager | Provider MASSIVE is unhealthy.
2026-07-02 00:06:51,775 | WARNING  | SourceEngine | MASSIVE OFFLINE
2026-07-02 00:06:52,345 | ERROR    | StatisticsManager | FINNHUB failed after 0.2387s
2026-07-02 00:06:52,346 | WARNING  | SourceEngine | FINNHUB : EMPTY_DATA
2026-07-02 00:06:52,554 | WARNING  | HealthManager | Provider FMP is unhealthy.
2026-07-02 00:06:52,555 | WARNING  | SourceEngine | FMP OFFLINE
2026-07-02 00:06:52,771 | WARNING  | HealthManager | Provider ALPHA_VANTAGE is unhealthy.
2026-07-02 00:06:52,772 | WARNING  | SourceEngine | ALPHA_VANTAGE OFFLINE
2026-07-02 00:06:52,773 | CRITICAL | SourceEngine | ALL PROVIDERS FAILED : AMZN
2026-07-02 00:06:52,774 | INFO     | SourceEngine | REQUEST : GOOGL
2026-07-02 00:06:52,966 | WARNING  | HealthManager | Provider MASSIVE is unhealthy.
2026-07-02 00:06:52,967 | WARNING  | SourceEngine | MASSIVE OFFLINE
2026-07-02 00:06:53,591 | ERROR    | StatisticsManager | FINNHUB failed after 0.2558s
2026-07-02 00:06:53,592 | WARNING  | SourceEngine | FINNHUB : EMPTY_DATA
2026-07-02 00:06:53,829 | WARNING  | HealthManager | Provider FMP is unhealthy.
2026-07-02 00:06:53,830 | WARNING  | SourceEngine | FMP OFFLINE
2026-07-02 00:06:54,068 | WARNING  | HealthManager | Provider ALPHA_VANTAGE is unhealthy.
2026-07-02 00:06:54,069 | WARNING  | SourceEngine | ALPHA_VANTAGE OFFLINE
2026-07-02 00:06:54,070 | CRITICAL | SourceEngine | ALL PROVIDERS FAILED : GOOGL
2026-07-02 00:06:54,072 | INFO     | SourceEngine | REQUEST : GOOGL
2026-07-02 00:06:54,273 | WARNING  | HealthManager | Provider MASSIVE is unhealthy.
2026-07-02 00:06:54,274 | WARNING  | SourceEngine | MASSIVE OFFLINE
2026-07-02 00:06:54,855 | ERROR    | StatisticsManager | FINNHUB failed after 0.2751s
2026-07-02 00:06:54,856 | WARNING  | SourceEngine | FINNHUB : EMPTY_DATA
2026-07-02 00:06:55,065 | WARNING  | HealthManager | Provider FMP is unhealthy.
2026-07-02 00:06:55,066 | WARNING  | SourceEngine | FMP OFFLINE
2026-07-02 00:06:55,286 | WARNING  | HealthManager | Provider ALPHA_VANTAGE is unhealthy.
2026-07-02 00:06:55,287 | WARNING  | SourceEngine | ALPHA_VANTAGE OFFLINE
2026-07-02 00:06:55,288 | CRITICAL | SourceEngine | ALL PROVIDERS FAILED : GOOGL
2026-07-02 00:06:55,289 | INFO     | SourceEngine | REQUEST : GOOGL
2026-07-02 00:06:55,505 | WARNING  | HealthManager | Provider MASSIVE is unhealthy.
2026-07-02 00:06:55,506 | WARNING  | SourceEngine | MASSIVE OFFLINE
2026-07-02 00:06:56,043 | ERROR    | StatisticsManager | FINNHUB failed after 0.2473s
2026-07-02 00:06:56,044 | WARNING  | SourceEngine | FINNHUB : EMPTY_DATA
2026-07-02 00:06:56,259 | WARNING  | HealthManager | Provider FMP is unhealthy.
2026-07-02 00:06:56,260 | WARNING  | SourceEngine | FMP OFFLINE
2026-07-02 00:06:56,504 | WARNING  | HealthManager | Provider ALPHA_VANTAGE is unhealthy.
2026-07-02 00:06:56,505 | WARNING  | SourceEngine | ALPHA_VANTAGE OFFLINE
2026-07-02 00:06:56,506 | CRITICAL | SourceEngine | ALL PROVIDERS FAILED : GOOGL
2026-07-02 00:06:56,508 | INFO     | SourceEngine | REQUEST : AVGO
2026-07-02 00:06:56,698 | WARNING  | HealthManager | Provider MASSIVE is unhealthy.
2026-07-02 00:06:56,700 | WARNING  | SourceEngine | MASSIVE OFFLINE
2026-07-02 00:06:57,184 | ERROR    | StatisticsManager | FINNHUB failed after 0.2520s
2026-07-02 00:06:57,185 | WARNING  | SourceEngine | FINNHUB : EMPTY_DATA
2026-07-02 00:06:57,455 | WARNING  | HealthManager | Provider FMP is unhealthy.
2026-07-02 00:06:57,456 | WARNING  | SourceEngine | FMP OFFLINE
2026-07-02 00:06:57,686 | WARNING  | HealthManager | Provider ALPHA_VANTAGE is unhealthy.
2026-07-02 00:06:57,687 | WARNING  | SourceEngine | ALPHA_VANTAGE OFFLINE
2026-07-02 00:06:57,688 | CRITICAL | SourceEngine | ALL PROVIDERS FAILED : AVGO
2026-07-02 00:06:57,690 | INFO     | SourceEngine | REQUEST : AVGO
2026-07-02 00:06:57,902 | WARNING  | HealthManager | Provider MASSIVE is unhealthy.
2026-07-02 00:06:57,903 | WARNING  | SourceEngine | MASSIVE OFFLINE
2026-07-02 00:06:58,407 | ERROR    | StatisticsManager | FINNHUB failed after 0.2547s
2026-07-02 00:06:58,408 | WARNING  | SourceEngine | FINNHUB : EMPTY_DATA
2026-07-02 00:06:58,618 | WARNING  | HealthManager | Provider FMP is unhealthy.
2026-07-02 00:06:58,619 | WARNING  | SourceEngine | FMP OFFLINE
2026-07-02 00:06:58,830 | WARNING  | HealthManager | Provider ALPHA_VANTAGE is unhealthy.
2026-07-02 00:06:58,832 | WARNING  | SourceEngine | ALPHA_VANTAGE OFFLINE
2026-07-02 00:06:58,833 | CRITICAL | SourceEngine | ALL PROVIDERS FAILED : AVGO
2026-07-02 00:06:58,835 | INFO     | SourceEngine | REQUEST : AVGO
2026-07-02 00:06:59,029 | WARNING  | HealthManager | Provider MASSIVE is unhealthy.
2026-07-02 00:06:59,030 | WARNING  | SourceEngine | MASSIVE OFFLINE
2026-07-02 00:06:59,526 | ERROR    | StatisticsManager | FINNHUB failed after 0.2416s
2026-07-02 00:06:59,527 | WARNING  | SourceEngine | FINNHUB : EMPTY_DATA
2026-07-02 00:06:59,788 | WARNING  | HealthManager | Provider FMP is unhealthy.
2026-07-02 00:06:59,788 | WARNING  | SourceEngine | FMP OFFLINE
2026-07-02 00:07:00,032 | WARNING  | HealthManager | Provider ALPHA_VANTAGE is unhealthy.
2026-07-02 00:07:00,033 | WARNING  | SourceEngine | ALPHA_VANTAGE OFFLINE
2026-07-02 00:07:00,034 | CRITICAL | SourceEngine | ALL PROVIDERS FAILED : AVGO
2026-07-02 00:07:00,035 | INFO     | SourceEngine | REQUEST : TSLA
2026-07-02 00:07:00,226 | WARNING  | HealthManager | Provider MASSIVE is unhealthy.
2026-07-02 00:07:00,227 | WARNING  | SourceEngine | MASSIVE OFFLINE
2026-07-02 00:07:00,788 | ERROR    | StatisticsManager | FINNHUB failed after 0.2923s
2026-07-02 00:07:00,789 | WARNING  | SourceEngine | FINNHUB : EMPTY_DATA
2026-07-02 00:07:01,002 | WARNING  | HealthManager | Provider FMP is unhealthy.
2026-07-02 00:07:01,003 | WARNING  | SourceEngine | FMP OFFLINE
2026-07-02 00:07:01,215 | WARNING  | HealthManager | Provider ALPHA_VANTAGE is unhealthy.
2026-07-02 00:07:01,216 | WARNING  | SourceEngine | ALPHA_VANTAGE OFFLINE
2026-07-02 00:07:01,217 | CRITICAL | SourceEngine | ALL PROVIDERS FAILED : TSLA
2026-07-02 00:07:01,218 | INFO     | SourceEngine | REQUEST : TSLA
2026-07-02 00:07:01,415 | WARNING  | HealthManager | Provider MASSIVE is unhealthy.
2026-07-02 00:07:01,416 | WARNING  | SourceEngine | MASSIVE OFFLINE
2026-07-02 00:07:01,933 | ERROR    | StatisticsManager | FINNHUB failed after 0.2796s
2026-07-02 00:07:01,934 | WARNING  | SourceEngine | FINNHUB : EMPTY_DATA
2026-07-02 00:07:02,160 | WARNING  | HealthManager | Provider FMP is unhealthy.
2026-07-02 00:07:02,161 | WARNING  | SourceEngine | FMP OFFLINE
2026-07-02 00:07:02,407 | WARNING  | HealthManager | Provider ALPHA_VANTAGE is unhealthy.
2026-07-02 00:07:02,409 | WARNING  | SourceEngine | ALPHA_VANTAGE OFFLINE
2026-07-02 00:07:02,409 | CRITICAL | SourceEngine | ALL PROVIDERS FAILED : TSLA
2026-07-02 00:07:02,411 | INFO     | SourceEngine | REQUEST : TSLA
2026-07-02 00:07:02,619 | WARNING  | HealthManager | Provider MASSIVE is unhealthy.
2026-07-02 00:07:02,620 | WARNING  | SourceEngine | MASSIVE OFFLINE
2026-07-02 00:07:03,106 | ERROR    | StatisticsManager | FINNHUB failed after 0.2531s
2026-07-02 00:07:03,107 | WARNING  | SourceEngine | FINNHUB : EMPTY_DATA
2026-07-02 00:07:03,373 | WARNING  | HealthManager | Provider FMP is unhealthy.
2026-07-02 00:07:03,374 | WARNING  | SourceEngine | FMP OFFLINE
2026-07-02 00:07:03,622 | WARNING  | HealthManager | Provider ALPHA_VANTAGE is unhealthy.
2026-07-02 00:07:03,623 | WARNING  | SourceEngine | ALPHA_VANTAGE OFFLINE
2026-07-02 00:07:03,624 | CRITICAL | SourceEngine | ALL PROVIDERS FAILED : TSLA
2026-07-02 00:07:03,625 | INFO     | SourceEngine | REQUEST : NFLX
2026-07-02 00:07:03,871 | WARNING  | HealthManager | Provider MASSIVE is unhealthy.
2026-07-02 00:07:03,872 | WARNING  | SourceEngine | MASSIVE OFFLINE
2026-07-02 00:07:04,370 | ERROR    | StatisticsManager | FINNHUB failed after 0.2425s
2026-07-02 00:07:04,371 | WARNING  | SourceEngine | FINNHUB : EMPTY_DATA
2026-07-02 00:07:04,740 | WARNING  | HealthManager | Provider FMP is unhealthy.
2026-07-02 00:07:04,741 | WARNING  | SourceEngine | FMP OFFLINE
2026-07-02 00:07:04,966 | WARNING  | HealthManager | Provider ALPHA_VANTAGE is unhealthy.
2026-07-02 00:07:04,967 | WARNING  | SourceEngine | ALPHA_VANTAGE OFFLINE
2026-07-02 00:07:04,968 | CRITICAL | SourceEngine | ALL PROVIDERS FAILED : NFLX
2026-07-02 00:07:04,970 | INFO     | SourceEngine | REQUEST : NFLX
2026-07-02 00:07:05,192 | WARNING  | HealthManager | Provider MASSIVE is unhealthy.
2026-07-02 00:07:05,193 | WARNING  | SourceEngine | MASSIVE OFFLINE
2026-07-02 00:07:05,718 | ERROR    | StatisticsManager | FINNHUB failed after 0.2566s
2026-07-02 00:07:05,718 | WARNING  | SourceEngine | FINNHUB : EMPTY_DATA
2026-07-02 00:07:05,926 | WARNING  | HealthManager | Provider FMP is unhealthy.
2026-07-02 00:07:05,927 | WARNING  | SourceEngine | FMP OFFLINE
2026-07-02 00:07:06,166 | WARNING  | HealthManager | Provider ALPHA_VANTAGE is unhealthy.
2026-07-02 00:07:06,167 | WARNING  | SourceEngine | ALPHA_VANTAGE OFFLINE
2026-07-02 00:07:06,168 | CRITICAL | SourceEngine | ALL PROVIDERS FAILED : NFLX
2026-07-02 00:07:06,170 | INFO     | SourceEngine | REQUEST : NFLX
2026-07-02 00:07:06,386 | WARNING  | HealthManager | Provider MASSIVE is unhealthy.
2026-07-02 00:07:06,386 | WARNING  | SourceEngine | MASSIVE OFFLINE
2026-07-02 00:07:06,932 | ERROR    | StatisticsManager | FINNHUB failed after 0.2602s
2026-07-02 00:07:06,933 | WARNING  | SourceEngine | FINNHUB : EMPTY_DATA
2026-07-02 00:07:07,145 | WARNING  | HealthManager | Provider FMP is unhealthy.
2026-07-02 00:07:07,146 | WARNING  | SourceEngine | FMP OFFLINE
2026-07-02 00:07:07,376 | WARNING  | HealthManager | Provider ALPHA_VANTAGE is unhealthy.
2026-07-02 00:07:07,377 | WARNING  | SourceEngine | ALPHA_VANTAGE OFFLINE
2026-07-02 00:07:07,378 | CRITICAL | SourceEngine | ALL PROVIDERS FAILED : NFLX
2026-07-02 00:07:07,379 | INFO     | SourceEngine | REQUEST : AMD
2026-07-02 00:07:07,597 | WARNING  | HealthManager | Provider MASSIVE is unhealthy.
2026-07-02 00:07:07,598 | WARNING  | SourceEngine | MASSIVE OFFLINE
2026-07-02 00:07:08,143 | ERROR    | StatisticsManager | FINNHUB failed after 0.2531s
2026-07-02 00:07:08,144 | WARNING  | SourceEngine | FINNHUB : EMPTY_DATA
2026-07-02 00:07:08,358 | WARNING  | HealthManager | Provider FMP is unhealthy.
2026-07-02 00:07:08,359 | WARNING  | SourceEngine | FMP OFFLINE
2026-07-02 00:07:08,595 | WARNING  | HealthManager | Provider ALPHA_VANTAGE is unhealthy.
2026-07-02 00:07:08,596 | WARNING  | SourceEngine | ALPHA_VANTAGE OFFLINE
2026-07-02 00:07:08,597 | CRITICAL | SourceEngine | ALL PROVIDERS FAILED : AMD
2026-07-02 00:07:08,598 | INFO     | SourceEngine | REQUEST : AMD
2026-07-02 00:07:08,805 | WARNING  | HealthManager | Provider MASSIVE is unhealthy.
2026-07-02 00:07:08,806 | WARNING  | SourceEngine | MASSIVE OFFLINE
2026-07-02 00:07:09,318 | ERROR    | StatisticsManager | FINNHUB failed after 0.2573s
2026-07-02 00:07:09,319 | WARNING  | SourceEngine | FINNHUB : EMPTY_DATA
2026-07-02 00:07:09,543 | WARNING  | HealthManager | Provider FMP is unhealthy.
2026-07-02 00:07:09,544 | WARNING  | SourceEngine | FMP OFFLINE
2026-07-02 00:07:09,780 | WARNING  | HealthManager | Provider ALPHA_VANTAGE is unhealthy.
2026-07-02 00:07:09,781 | WARNING  | SourceEngine | ALPHA_VANTAGE OFFLINE
2026-07-02 00:07:09,781 | CRITICAL | SourceEngine | ALL PROVIDERS FAILED : AMD
2026-07-02 00:07:09,781 | INFO     | SourceEngine | REQUEST : AMD
2026-07-02 00:07:09,985 | WARNING  | HealthManager | Provider MASSIVE is unhealthy.
2026-07-02 00:07:09,985 | WARNING  | SourceEngine | MASSIVE OFFLINE
2026-07-02 00:07:10,479 | ERROR    | StatisticsManager | FINNHUB failed after 0.2468s
2026-07-02 00:07:10,480 | WARNING  | SourceEngine | FINNHUB : EMPTY_DATA
2026-07-02 00:07:10,733 | WARNING  | HealthManager | Provider FMP is unhealthy.
2026-07-02 00:07:10,734 | WARNING  | SourceEngine | FMP OFFLINE
2026-07-02 00:07:10,949 | WARNING  | HealthManager | Provider ALPHA_VANTAGE is unhealthy.
2026-07-02 00:07:10,950 | WARNING  | SourceEngine | ALPHA_VANTAGE OFFLINE
2026-07-02 00:07:10,950 | CRITICAL | SourceEngine | ALL PROVIDERS FAILED : AMD
2026-07-02 00:07:10,950 | INFO     | SourceEngine | REQUEST : CRWD
2026-07-02 00:07:11,172 | WARNING  | HealthManager | Provider MASSIVE is unhealthy.
2026-07-02 00:07:11,173 | WARNING  | SourceEngine | MASSIVE OFFLINE
2026-07-02 00:07:11,666 | ERROR    | StatisticsManager | FINNHUB failed after 0.2424s
2026-07-02 00:07:11,666 | WARNING  | SourceEngine | FINNHUB : EMPTY_DATA
2026-07-02 00:07:11,893 | WARNING  | HealthManager | Provider FMP is unhealthy.
2026-07-02 00:07:11,894 | WARNING  | SourceEngine | FMP OFFLINE
2026-07-02 00:07:12,104 | WARNING  | HealthManager | Provider ALPHA_VANTAGE is unhealthy.
2026-07-02 00:07:12,104 | WARNING  | SourceEngine | ALPHA_VANTAGE OFFLINE
2026-07-02 00:07:12,105 | CRITICAL | SourceEngine | ALL PROVIDERS FAILED : CRWD
2026-07-02 00:07:12,105 | INFO     | SourceEngine | REQUEST : CRWD
2026-07-02 00:07:12,290 | WARNING  | HealthManager | Provider MASSIVE is unhealthy.
2026-07-02 00:07:12,291 | WARNING  | SourceEngine | MASSIVE OFFLINE
2026-07-02 00:07:12,854 | ERROR    | StatisticsManager | FINNHUB failed after 0.2931s
2026-07-02 00:07:12,856 | WARNING  | SourceEngine | FINNHUB : EMPTY_DATA
2026-07-02 00:07:13,071 | WARNING  | HealthManager | Provider FMP is unhealthy.
2026-07-02 00:07:13,073 | WARNING  | SourceEngine | FMP OFFLINE
2026-07-02 00:07:13,293 | WARNING  | HealthManager | Provider ALPHA_VANTAGE is unhealthy.
2026-07-02 00:07:13,294 | WARNING  | SourceEngine | ALPHA_VANTAGE OFFLINE
2026-07-02 00:07:13,295 | CRITICAL | SourceEngine | ALL PROVIDERS FAILED : CRWD
2026-07-02 00:07:13,297 | INFO     | SourceEngine | REQUEST : CRWD
2026-07-02 00:07:13,525 | WARNING  | HealthManager | Provider MASSIVE is unhealthy.
2026-07-02 00:07:13,527 | WARNING  | SourceEngine | MASSIVE OFFLINE
2026-07-02 00:07:14,060 | ERROR    | StatisticsManager | FINNHUB failed after 0.2472s
2026-07-02 00:07:14,061 | WARNING  | SourceEngine | FINNHUB : EMPTY_DATA
2026-07-02 00:07:14,264 | WARNING  | HealthManager | Provider FMP is unhealthy.
2026-07-02 00:07:14,265 | WARNING  | SourceEngine | FMP OFFLINE
2026-07-02 00:07:14,485 | WARNING  | HealthManager | Provider ALPHA_VANTAGE is unhealthy.
2026-07-02 00:07:14,486 | WARNING  | SourceEngine | ALPHA_VANTAGE OFFLINE
2026-07-02 00:07:14,487 | CRITICAL | SourceEngine | ALL PROVIDERS FAILED : CRWD
2026-07-02 00:07:14,490 | INFO     | SourceEngine | REQUEST : PLTR
2026-07-02 00:07:14,729 | WARNING  | HealthManager | Provider MASSIVE is unhealthy.
2026-07-02 00:07:14,730 | WARNING  | SourceEngine | MASSIVE OFFLINE
2026-07-02 00:07:15,276 | ERROR    | StatisticsManager | FINNHUB failed after 0.2780s
2026-07-02 00:07:15,276 | WARNING  | SourceEngine | FINNHUB : EMPTY_DATA
2026-07-02 00:07:15,479 | WARNING  | HealthManager | Provider FMP is unhealthy.
2026-07-02 00:07:15,480 | WARNING  | SourceEngine | FMP OFFLINE
2026-07-02 00:07:15,732 | WARNING  | HealthManager | Provider ALPHA_VANTAGE is unhealthy.
2026-07-02 00:07:15,733 | WARNING  | SourceEngine | ALPHA_VANTAGE OFFLINE
2026-07-02 00:07:15,733 | CRITICAL | SourceEngine | ALL PROVIDERS FAILED : PLTR
2026-07-02 00:07:15,734 | INFO     | SourceEngine | REQUEST : PLTR
2026-07-02 00:07:15,939 | WARNING  | HealthManager | Provider MASSIVE is unhealthy.
2026-07-02 00:07:15,939 | WARNING  | SourceEngine | MASSIVE OFFLINE
2026-07-02 00:07:16,456 | ERROR    | StatisticsManager | FINNHUB failed after 0.2516s
2026-07-02 00:07:16,456 | WARNING  | SourceEngine | FINNHUB : EMPTY_DATA
2026-07-02 00:07:16,691 | WARNING  | HealthManager | Provider FMP is unhealthy.
2026-07-02 00:07:16,692 | WARNING  | SourceEngine | FMP OFFLINE
2026-07-02 00:07:16,915 | WARNING  | HealthManager | Provider ALPHA_VANTAGE is unhealthy.
2026-07-02 00:07:16,916 | WARNING  | SourceEngine | ALPHA_VANTAGE OFFLINE
2026-07-02 00:07:16,917 | CRITICAL | SourceEngine | ALL PROVIDERS FAILED : PLTR
2026-07-02 00:07:16,918 | INFO     | SourceEngine | REQUEST : PLTR
2026-07-02 00:07:17,124 | WARNING  | HealthManager | Provider MASSIVE is unhealthy.
2026-07-02 00:07:17,125 | WARNING  | SourceEngine | MASSIVE OFFLINE
2026-07-02 00:07:17,618 | ERROR    | StatisticsManager | FINNHUB failed after 0.2517s
2026-07-02 00:07:17,619 | WARNING  | SourceEngine | FINNHUB : EMPTY_DATA
2026-07-02 00:07:17,848 | WARNING  | HealthManager | Provider FMP is unhealthy.
2026-07-02 00:07:17,850 | WARNING  | SourceEngine | FMP OFFLINE
2026-07-02 00:07:18,097 | WARNING  | HealthManager | Provider ALPHA_VANTAGE is unhealthy.
2026-07-02 00:07:18,098 | WARNING  | SourceEngine | ALPHA_VANTAGE OFFLINE
2026-07-02 00:07:18,099 | CRITICAL | SourceEngine | ALL PROVIDERS FAILED : PLTR
2026-07-02 00:07:18,100 | INFO     | SourceEngine | REQUEST : COST
2026-07-02 00:07:18,322 | WARNING  | HealthManager | Provider MASSIVE is unhealthy.
2026-07-02 00:07:18,323 | WARNING  | SourceEngine | MASSIVE OFFLINE
2026-07-02 00:07:18,881 | ERROR    | StatisticsManager | FINNHUB failed after 0.2701s
2026-07-02 00:07:18,882 | WARNING  | SourceEngine | FINNHUB : EMPTY_DATA
2026-07-02 00:07:19,142 | WARNING  | HealthManager | Provider FMP is unhealthy.
2026-07-02 00:07:19,142 | WARNING  | SourceEngine | FMP OFFLINE
2026-07-02 00:07:19,382 | WARNING  | HealthManager | Provider ALPHA_VANTAGE is unhealthy.
2026-07-02 00:07:19,383 | WARNING  | SourceEngine | ALPHA_VANTAGE OFFLINE
2026-07-02 00:07:19,384 | CRITICAL | SourceEngine | ALL PROVIDERS FAILED : COST
2026-07-02 00:07:19,386 | INFO     | SourceEngine | REQUEST : COST
2026-07-02 00:07:19,589 | WARNING  | HealthManager | Provider MASSIVE is unhealthy.
2026-07-02 00:07:19,590 | WARNING  | SourceEngine | MASSIVE OFFLINE
2026-07-02 00:07:20,082 | ERROR    | StatisticsManager | FINNHUB failed after 0.2461s
2026-07-02 00:07:20,082 | WARNING  | SourceEngine | FINNHUB : EMPTY_DATA
2026-07-02 00:07:20,330 | WARNING  | HealthManager | Provider FMP is unhealthy.
2026-07-02 00:07:20,331 | WARNING  | SourceEngine | FMP OFFLINE
2026-07-02 00:07:20,569 | WARNING  | HealthManager | Provider ALPHA_VANTAGE is unhealthy.
2026-07-02 00:07:20,570 | WARNING  | SourceEngine | ALPHA_VANTAGE OFFLINE
2026-07-02 00:07:20,571 | CRITICAL | SourceEngine | ALL PROVIDERS FAILED : COST
2026-07-02 00:07:20,573 | INFO     | SourceEngine | REQUEST : COST
2026-07-02 00:07:20,833 | WARNING  | HealthManager | Provider MASSIVE is unhealthy.
2026-07-02 00:07:20,834 | WARNING  | SourceEngine | MASSIVE OFFLINE
2026-07-02 00:07:21,311 | ERROR    | StatisticsManager | FINNHUB failed after 0.2381s
2026-07-02 00:07:21,311 | WARNING  | SourceEngine | FINNHUB : EMPTY_DATA
2026-07-02 00:07:21,558 | WARNING  | HealthManager | Provider FMP is unhealthy.
2026-07-02 00:07:21,559 | WARNING  | SourceEngine | FMP OFFLINE
2026-07-02 00:07:21,793 | WARNING  | HealthManager | Provider ALPHA_VANTAGE is unhealthy.
2026-07-02 00:07:21,794 | WARNING  | SourceEngine | ALPHA_VANTAGE OFFLINE
2026-07-02 00:07:21,795 | CRITICAL | SourceEngine | ALL PROVIDERS FAILED : COST
2026-07-02 00:07:21,796 | INFO     | SourceEngine | REQUEST : SHOP
2026-07-02 00:07:21,997 | WARNING  | HealthManager | Provider MASSIVE is unhealthy.
2026-07-02 00:07:21,998 | WARNING  | SourceEngine | MASSIVE OFFLINE
2026-07-02 00:07:22,464 | ERROR    | StatisticsManager | FINNHUB failed after 0.2395s
2026-07-02 00:07:22,465 | WARNING  | SourceEngine | FINNHUB : EMPTY_DATA
2026-07-02 00:07:22,729 | WARNING  | HealthManager | Provider FMP is unhealthy.
2026-07-02 00:07:22,730 | WARNING  | SourceEngine | FMP OFFLINE
2026-07-02 00:07:22,977 | WARNING  | HealthManager | Provider ALPHA_VANTAGE is unhealthy.
2026-07-02 00:07:22,978 | WARNING  | SourceEngine | ALPHA_VANTAGE OFFLINE
2026-07-02 00:07:22,979 | CRITICAL | SourceEngine | ALL PROVIDERS FAILED : SHOP
2026-07-02 00:07:22,981 | INFO     | SourceEngine | REQUEST : SHOP
2026-07-02 00:07:23,179 | WARNING  | HealthManager | Provider MASSIVE is unhealthy.
2026-07-02 00:07:23,180 | WARNING  | SourceEngine | MASSIVE OFFLINE
2026-07-02 00:07:23,718 | ERROR    | StatisticsManager | FINNHUB failed after 0.2893s
2026-07-02 00:07:23,719 | WARNING  | SourceEngine | FINNHUB : EMPTY_DATA
2026-07-02 00:07:24,805 | WARNING  | HealthManager | Provider FMP is unhealthy.
2026-07-02 00:07:24,806 | WARNING  | SourceEngine | FMP OFFLINE
2026-07-02 00:07:25,062 | WARNING  | HealthManager | Provider ALPHA_VANTAGE is unhealthy.
2026-07-02 00:07:25,063 | WARNING  | SourceEngine | ALPHA_VANTAGE OFFLINE
2026-07-02 00:07:25,064 | CRITICAL | SourceEngine | ALL PROVIDERS FAILED : SHOP
2026-07-02 00:07:25,065 | INFO     | SourceEngine | REQUEST : SHOP
2026-07-02 00:07:25,266 | WARNING  | HealthManager | Provider MASSIVE is unhealthy.
2026-07-02 00:07:25,267 | WARNING  | SourceEngine | MASSIVE OFFLINE
2026-07-02 00:07:25,813 | ERROR    | StatisticsManager | FINNHUB failed after 0.2564s
2026-07-02 00:07:25,814 | WARNING  | SourceEngine | FINNHUB : EMPTY_DATA
2026-07-02 00:07:26,049 | WARNING  | HealthManager | Provider FMP is unhealthy.
2026-07-02 00:07:26,050 | WARNING  | SourceEngine | FMP OFFLINE
2026-07-02 00:07:26,269 | WARNING  | HealthManager | Provider ALPHA_VANTAGE is unhealthy.
2026-07-02 00:07:26,270 | WARNING  | SourceEngine | ALPHA_VANTAGE OFFLINE
2026-07-02 00:07:26,271 | CRITICAL | SourceEngine | ALL PROVIDERS FAILED : SHOP
2026-07-02 00:07:26,272 | INFO     | SourceEngine | REQUEST : COIN
2026-07-02 00:07:26,473 | WARNING  | HealthManager | Provider MASSIVE is unhealthy.
2026-07-02 00:07:26,474 | WARNING  | SourceEngine | MASSIVE OFFLINE
2026-07-02 00:07:26,976 | ERROR    | StatisticsManager | FINNHUB failed after 0.2605s
2026-07-02 00:07:26,977 | WARNING  | SourceEngine | FINNHUB : EMPTY_DATA
2026-07-02 00:07:27,198 | WARNING  | HealthManager | Provider FMP is unhealthy.
2026-07-02 00:07:27,199 | WARNING  | SourceEngine | FMP OFFLINE
2026-07-02 00:07:27,426 | WARNING  | HealthManager | Provider ALPHA_VANTAGE is unhealthy.
2026-07-02 00:07:27,427 | WARNING  | SourceEngine | ALPHA_VANTAGE OFFLINE
2026-07-02 00:07:27,429 | CRITICAL | SourceEngine | ALL PROVIDERS FAILED : COIN
2026-07-02 00:07:27,430 | INFO     | SourceEngine | REQUEST : COIN
2026-07-02 00:07:27,653 | WARNING  | HealthManager | Provider MASSIVE is unhealthy.
2026-07-02 00:07:27,654 | WARNING  | SourceEngine | MASSIVE OFFLINE
2026-07-02 00:07:28,130 | ERROR    | StatisticsManager | FINNHUB failed after 0.2401s
2026-07-02 00:07:28,130 | WARNING  | SourceEngine | FINNHUB : EMPTY_DATA
2026-07-02 00:07:28,341 | WARNING  | HealthManager | Provider FMP is unhealthy.
2026-07-02 00:07:28,342 | WARNING  | SourceEngine | FMP OFFLINE
2026-07-02 00:07:28,555 | WARNING  | HealthManager | Provider ALPHA_VANTAGE is unhealthy.
2026-07-02 00:07:28,556 | WARNING  | SourceEngine | ALPHA_VANTAGE OFFLINE
2026-07-02 00:07:28,557 | CRITICAL | SourceEngine | ALL PROVIDERS FAILED : COIN
2026-07-02 00:07:28,559 | INFO     | SourceEngine | REQUEST : COIN
2026-07-02 00:07:28,772 | WARNING  | HealthManager | Provider MASSIVE is unhealthy.
2026-07-02 00:07:28,773 | WARNING  | SourceEngine | MASSIVE OFFLINE
2026-07-02 00:07:29,273 | ERROR    | StatisticsManager | FINNHUB failed after 0.2439s
2026-07-02 00:07:29,274 | WARNING  | SourceEngine | FINNHUB : EMPTY_DATA
2026-07-02 00:07:29,482 | WARNING  | HealthManager | Provider FMP is unhealthy.
2026-07-02 00:07:29,483 | WARNING  | SourceEngine | FMP OFFLINE
2026-07-02 00:07:29,716 | WARNING  | HealthManager | Provider ALPHA_VANTAGE is unhealthy.
2026-07-02 00:07:29,717 | WARNING  | SourceEngine | ALPHA_VANTAGE OFFLINE
2026-07-02 00:07:29,718 | CRITICAL | SourceEngine | ALL PROVIDERS FAILED : COIN
2026-07-02 00:07:29,719 | INFO     | SourceEngine | REQUEST : BABA
2026-07-02 00:07:29,907 | WARNING  | HealthManager | Provider MASSIVE is unhealthy.
2026-07-02 00:07:29,908 | WARNING  | SourceEngine | MASSIVE OFFLINE
2026-07-02 00:07:30,450 | ERROR    | StatisticsManager | FINNHUB failed after 0.2529s
2026-07-02 00:07:30,451 | WARNING  | SourceEngine | FINNHUB : EMPTY_DATA
2026-07-02 00:07:30,678 | WARNING  | HealthManager | Provider FMP is unhealthy.
2026-07-02 00:07:30,679 | WARNING  | SourceEngine | FMP OFFLINE
2026-07-02 00:07:30,894 | WARNING  | HealthManager | Provider ALPHA_VANTAGE is unhealthy.
2026-07-02 00:07:30,894 | WARNING  | SourceEngine | ALPHA_VANTAGE OFFLINE
2026-07-02 00:07:30,895 | CRITICAL | SourceEngine | ALL PROVIDERS FAILED : BABA
2026-07-02 00:07:30,897 | INFO     | SourceEngine | REQUEST : BABA
2026-07-02 00:07:31,107 | WARNING  | HealthManager | Provider MASSIVE is unhealthy.
2026-07-02 00:07:31,108 | WARNING  | SourceEngine | MASSIVE OFFLINE
2026-07-02 00:07:31,632 | ERROR    | StatisticsManager | FINNHUB failed after 0.2417s
2026-07-02 00:07:31,633 | WARNING  | SourceEngine | FINNHUB : EMPTY_DATA
2026-07-02 00:07:31,847 | WARNING  | HealthManager | Provider FMP is unhealthy.
2026-07-02 00:07:31,848 | WARNING  | SourceEngine | FMP OFFLINE
2026-07-02 00:07:32,075 | WARNING  | HealthManager | Provider ALPHA_VANTAGE is unhealthy.
2026-07-02 00:07:32,076 | WARNING  | SourceEngine | ALPHA_VANTAGE OFFLINE
2026-07-02 00:07:32,077 | CRITICAL | SourceEngine | ALL PROVIDERS FAILED : BABA
2026-07-02 00:07:32,079 | INFO     | SourceEngine | REQUEST : BABA
2026-07-02 00:07:32,282 | WARNING  | HealthManager | Provider MASSIVE is unhealthy.
2026-07-02 00:07:32,283 | WARNING  | SourceEngine | MASSIVE OFFLINE
2026-07-02 00:07:32,780 | ERROR    | StatisticsManager | FINNHUB failed after 0.2573s
2026-07-02 00:07:32,781 | WARNING  | SourceEngine | FINNHUB : EMPTY_DATA
2026-07-02 00:07:32,997 | WARNING  | HealthManager | Provider FMP is unhealthy.
2026-07-02 00:07:32,998 | WARNING  | SourceEngine | FMP OFFLINE
2026-07-02 00:07:33,213 | WARNING  | HealthManager | Provider ALPHA_VANTAGE is unhealthy.
2026-07-02 00:07:33,214 | WARNING  | SourceEngine | ALPHA_VANTAGE OFFLINE
2026-07-02 00:07:33,215 | CRITICAL | SourceEngine | ALL PROVIDERS FAILED : BABA
2026-07-02 00:07:33,216 | INFO     | SourceEngine | REQUEST : ARM
2026-07-02 00:07:33,421 | WARNING  | HealthManager | Provider MASSIVE is unhealthy.
2026-07-02 00:07:33,422 | WARNING  | SourceEngine | MASSIVE OFFLINE
2026-07-02 00:07:33,915 | ERROR    | StatisticsManager | FINNHUB failed after 0.2410s
2026-07-02 00:07:33,915 | WARNING  | SourceEngine | FINNHUB : EMPTY_DATA
2026-07-02 00:07:34,128 | WARNING  | HealthManager | Provider FMP is unhealthy.
2026-07-02 00:07:34,129 | WARNING  | SourceEngine | FMP OFFLINE
2026-07-02 00:07:34,367 | WARNING  | HealthManager | Provider ALPHA_VANTAGE is unhealthy.
2026-07-02 00:07:34,368 | WARNING  | SourceEngine | ALPHA_VANTAGE OFFLINE
2026-07-02 00:07:34,369 | CRITICAL | SourceEngine | ALL PROVIDERS FAILED : ARM
2026-07-02 00:07:34,371 | INFO     | SourceEngine | REQUEST : ARM
2026-07-02 00:07:34,565 | WARNING  | HealthManager | Provider MASSIVE is unhealthy.
2026-07-02 00:07:34,568 | WARNING  | SourceEngine | MASSIVE OFFLINE
2026-07-02 00:07:35,089 | ERROR    | StatisticsManager | FINNHUB failed after 0.2364s
2026-07-02 00:07:35,090 | WARNING  | SourceEngine | FINNHUB : EMPTY_DATA
2026-07-02 00:07:35,302 | WARNING  | HealthManager | Provider FMP is unhealthy.
2026-07-02 00:07:35,303 | WARNING  | SourceEngine | FMP OFFLINE
2026-07-02 00:07:35,538 | WARNING  | HealthManager | Provider ALPHA_VANTAGE is unhealthy.
2026-07-02 00:07:35,539 | WARNING  | SourceEngine | ALPHA_VANTAGE OFFLINE
2026-07-02 00:07:35,540 | CRITICAL | SourceEngine | ALL PROVIDERS FAILED : ARM
2026-07-02 00:07:35,541 | INFO     | SourceEngine | REQUEST : ARM
2026-07-02 00:07:35,736 | WARNING  | HealthManager | Provider MASSIVE is unhealthy.
2026-07-02 00:07:35,737 | WARNING  | SourceEngine | MASSIVE OFFLINE
2026-07-02 00:07:36,230 | ERROR    | StatisticsManager | FINNHUB failed after 0.2415s
2026-07-02 00:07:36,232 | WARNING  | SourceEngine | FINNHUB : EMPTY_DATA
2026-07-02 00:07:36,461 | WARNING  | HealthManager | Provider FMP is unhealthy.
2026-07-02 00:07:36,462 | WARNING  | SourceEngine | FMP OFFLINE
2026-07-02 00:07:36,682 | WARNING  | HealthManager | Provider ALPHA_VANTAGE is unhealthy.
2026-07-02 00:07:36,683 | WARNING  | SourceEngine | ALPHA_VANTAGE OFFLINE
2026-07-02 00:07:36,684 | CRITICAL | SourceEngine | ALL PROVIDERS FAILED : ARM
2026-07-02 00:07:36,685 | INFO     | SourceEngine | REQUEST : PANW
2026-07-02 00:07:36,904 | WARNING  | HealthManager | Provider MASSIVE is unhealthy.
2026-07-02 00:07:36,904 | WARNING  | SourceEngine | MASSIVE OFFLINE
2026-07-02 00:07:37,423 | ERROR    | StatisticsManager | FINNHUB failed after 0.2767s
2026-07-02 00:07:37,424 | WARNING  | SourceEngine | FINNHUB : EMPTY_DATA
2026-07-02 00:07:37,669 | WARNING  | HealthManager | Provider FMP is unhealthy.
2026-07-02 00:07:37,670 | WARNING  | SourceEngine | FMP OFFLINE
2026-07-02 00:07:37,926 | WARNING  | HealthManager | Provider ALPHA_VANTAGE is unhealthy.
2026-07-02 00:07:37,927 | WARNING  | SourceEngine | ALPHA_VANTAGE OFFLINE
2026-07-02 00:07:37,928 | CRITICAL | SourceEngine | ALL PROVIDERS FAILED : PANW
2026-07-02 00:07:37,929 | INFO     | SourceEngine | REQUEST : PANW
2026-07-02 00:07:38,139 | WARNING  | HealthManager | Provider MASSIVE is unhealthy.
2026-07-02 00:07:38,140 | WARNING  | SourceEngine | MASSIVE OFFLINE
2026-07-02 00:07:38,618 | ERROR    | StatisticsManager | FINNHUB failed after 0.2453s
2026-07-02 00:07:38,619 | WARNING  | SourceEngine | FINNHUB : EMPTY_DATA
2026-07-02 00:07:38,824 | WARNING  | HealthManager | Provider FMP is unhealthy.
2026-07-02 00:07:38,825 | WARNING  | SourceEngine | FMP OFFLINE
2026-07-02 00:07:39,058 | WARNING  | HealthManager | Provider ALPHA_VANTAGE is unhealthy.
2026-07-02 00:07:39,059 | WARNING  | SourceEngine | ALPHA_VANTAGE OFFLINE
2026-07-02 00:07:39,060 | CRITICAL | SourceEngine | ALL PROVIDERS FAILED : PANW
2026-07-02 00:07:39,062 | INFO     | SourceEngine | REQUEST : PANW
2026-07-02 00:07:39,265 | WARNING  | HealthManager | Provider MASSIVE is unhealthy.
2026-07-02 00:07:39,267 | WARNING  | SourceEngine | MASSIVE OFFLINE
2026-07-02 00:07:39,797 | ERROR    | StatisticsManager | FINNHUB failed after 0.2401s
2026-07-02 00:07:39,798 | WARNING  | SourceEngine | FINNHUB : EMPTY_DATA
2026-07-02 00:07:40,005 | WARNING  | HealthManager | Provider FMP is unhealthy.
2026-07-02 00:07:40,006 | WARNING  | SourceEngine | FMP OFFLINE
2026-07-02 00:07:40,242 | WARNING  | HealthManager | Provider ALPHA_VANTAGE is unhealthy.
2026-07-02 00:07:40,243 | WARNING  | SourceEngine | ALPHA_VANTAGE OFFLINE
2026-07-02 00:07:40,244 | CRITICAL | SourceEngine | ALL PROVIDERS FAILED : PANW
2026-07-02 00:07:40,245 | INFO     | SourceEngine | REQUEST : MU
2026-07-02 00:07:40,467 | WARNING  | HealthManager | Provider MASSIVE is unhealthy.
2026-07-02 00:07:40,468 | WARNING  | SourceEngine | MASSIVE OFFLINE
2026-07-02 00:07:40,994 | ERROR    | StatisticsManager | FINNHUB failed after 0.2350s
2026-07-02 00:07:40,995 | WARNING  | SourceEngine | FINNHUB : EMPTY_DATA
2026-07-02 00:07:41,210 | WARNING  | HealthManager | Provider FMP is unhealthy.
2026-07-02 00:07:41,211 | WARNING  | SourceEngine | FMP OFFLINE
2026-07-02 00:07:41,420 | WARNING  | HealthManager | Provider ALPHA_VANTAGE is unhealthy.
2026-07-02 00:07:41,420 | WARNING  | SourceEngine | ALPHA_VANTAGE OFFLINE
2026-07-02 00:07:41,421 | CRITICAL | SourceEngine | ALL PROVIDERS FAILED : MU
2026-07-02 00:07:41,423 | INFO     | SourceEngine | REQUEST : MU
2026-07-02 00:07:41,642 | WARNING  | HealthManager | Provider MASSIVE is unhealthy.
2026-07-02 00:07:41,643 | WARNING  | SourceEngine | MASSIVE OFFLINE
2026-07-02 00:07:42,182 | ERROR    | StatisticsManager | FINNHUB failed after 0.2449s
2026-07-02 00:07:42,183 | WARNING  | SourceEngine | FINNHUB : EMPTY_DATA
2026-07-02 00:07:42,399 | WARNING  | HealthManager | Provider FMP is unhealthy.
2026-07-02 00:07:42,400 | WARNING  | SourceEngine | FMP OFFLINE
2026-07-02 00:07:42,617 | WARNING  | HealthManager | Provider ALPHA_VANTAGE is unhealthy.
2026-07-02 00:07:42,617 | WARNING  | SourceEngine | ALPHA_VANTAGE OFFLINE
2026-07-02 00:07:42,618 | CRITICAL | SourceEngine | ALL PROVIDERS FAILED : MU
2026-07-02 00:07:42,619 | INFO     | SourceEngine | REQUEST : MU
2026-07-02 00:07:42,809 | WARNING  | HealthManager | Provider MASSIVE is unhealthy.
2026-07-02 00:07:42,810 | WARNING  | SourceEngine | MASSIVE OFFLINE
2026-07-02 00:07:43,317 | ERROR    | StatisticsManager | FINNHUB failed after 0.2379s
2026-07-02 00:07:43,318 | WARNING  | SourceEngine | FINNHUB : EMPTY_DATA
2026-07-02 00:07:43,525 | WARNING  | HealthManager | Provider FMP is unhealthy.
2026-07-02 00:07:43,526 | WARNING  | SourceEngine | FMP OFFLINE
2026-07-02 00:07:43,764 | WARNING  | HealthManager | Provider ALPHA_VANTAGE is unhealthy.
2026-07-02 00:07:43,764 | WARNING  | SourceEngine | ALPHA_VANTAGE OFFLINE
2026-07-02 00:07:43,765 | CRITICAL | SourceEngine | ALL PROVIDERS FAILED : MU
2026-07-02 00:07:43,767 | INFO     | SourceEngine | REQUEST : TSM
2026-07-02 00:07:43,979 | WARNING  | HealthManager | Provider MASSIVE is unhealthy.
2026-07-02 00:07:43,980 | WARNING  | SourceEngine | MASSIVE OFFLINE
2026-07-02 00:07:44,462 | ERROR    | StatisticsManager | FINNHUB failed after 0.2517s
2026-07-02 00:07:44,463 | WARNING  | SourceEngine | FINNHUB : EMPTY_DATA
2026-07-02 00:07:44,680 | WARNING  | HealthManager | Provider FMP is unhealthy.
2026-07-02 00:07:44,681 | WARNING  | SourceEngine | FMP OFFLINE
2026-07-02 00:07:44,999 | WARNING  | HealthManager | Provider ALPHA_VANTAGE is unhealthy.
2026-07-02 00:07:45,000 | WARNING  | SourceEngine | ALPHA_VANTAGE OFFLINE
2026-07-02 00:07:45,001 | CRITICAL | SourceEngine | ALL PROVIDERS FAILED : TSM
2026-07-02 00:07:45,003 | INFO     | SourceEngine | REQUEST : TSM
2026-07-02 00:07:45,197 | WARNING  | HealthManager | Provider MASSIVE is unhealthy.
2026-07-02 00:07:45,197 | WARNING  | SourceEngine | MASSIVE OFFLINE
2026-07-02 00:07:45,717 | ERROR    | StatisticsManager | FINNHUB failed after 0.2557s
2026-07-02 00:07:45,718 | WARNING  | SourceEngine | FINNHUB : EMPTY_DATA
2026-07-02 00:07:45,949 | WARNING  | HealthManager | Provider FMP is unhealthy.
2026-07-02 00:07:45,950 | WARNING  | SourceEngine | FMP OFFLINE
2026-07-02 00:07:46,178 | WARNING  | HealthManager | Provider ALPHA_VANTAGE is unhealthy.
2026-07-02 00:07:46,179 | WARNING  | SourceEngine | ALPHA_VANTAGE OFFLINE
2026-07-02 00:07:46,180 | CRITICAL | SourceEngine | ALL PROVIDERS FAILED : TSM
2026-07-02 00:07:46,182 | INFO     | SourceEngine | REQUEST : TSM
2026-07-02 00:07:46,381 | WARNING  | HealthManager | Provider MASSIVE is unhealthy.
2026-07-02 00:07:46,382 | WARNING  | SourceEngine | MASSIVE OFFLINE
2026-07-02 00:07:46,875 | ERROR    | StatisticsManager | FINNHUB failed after 0.2471s
2026-07-02 00:07:46,876 | WARNING  | SourceEngine | FINNHUB : EMPTY_DATA
2026-07-02 00:07:47,081 | WARNING  | HealthManager | Provider FMP is unhealthy.
2026-07-02 00:07:47,082 | WARNING  | SourceEngine | FMP OFFLINE
2026-07-02 00:07:47,291 | WARNING  | HealthManager | Provider ALPHA_VANTAGE is unhealthy.
2026-07-02 00:07:47,291 | WARNING  | SourceEngine | ALPHA_VANTAGE OFFLINE
2026-07-02 00:07:47,292 | CRITICAL | SourceEngine | ALL PROVIDERS FAILED : TSM
2026-07-02 00:07:47,293 | INFO     | SourceEngine | REQUEST : AMAT
2026-07-02 00:07:47,501 | WARNING  | HealthManager | Provider MASSIVE is unhealthy.
2026-07-02 00:07:47,502 | WARNING  | SourceEngine | MASSIVE OFFLINE
2026-07-02 00:07:48,039 | ERROR    | StatisticsManager | FINNHUB failed after 0.2950s
2026-07-02 00:07:48,040 | WARNING  | SourceEngine | FINNHUB : EMPTY_DATA
2026-07-02 00:07:48,246 | WARNING  | HealthManager | Provider FMP is unhealthy.
2026-07-02 00:07:48,247 | WARNING  | SourceEngine | FMP OFFLINE
2026-07-02 00:07:48,475 | WARNING  | HealthManager | Provider ALPHA_VANTAGE is unhealthy.
2026-07-02 00:07:48,476 | WARNING  | SourceEngine | ALPHA_VANTAGE OFFLINE
2026-07-02 00:07:48,477 | CRITICAL | SourceEngine | ALL PROVIDERS FAILED : AMAT
2026-07-02 00:07:48,479 | INFO     | SourceEngine | REQUEST : AMAT
2026-07-02 00:07:48,690 | WARNING  | HealthManager | Provider MASSIVE is unhealthy.
2026-07-02 00:07:48,691 | WARNING  | SourceEngine | MASSIVE OFFLINE
2026-07-02 00:07:49,184 | ERROR    | StatisticsManager | FINNHUB failed after 0.2562s
2026-07-02 00:07:49,185 | WARNING  | SourceEngine | FINNHUB : EMPTY_DATA
2026-07-02 00:07:49,454 | WARNING  | HealthManager | Provider FMP is unhealthy.
2026-07-02 00:07:49,455 | WARNING  | SourceEngine | FMP OFFLINE
2026-07-02 00:07:49,674 | WARNING  | HealthManager | Provider ALPHA_VANTAGE is unhealthy.
2026-07-02 00:07:49,675 | WARNING  | SourceEngine | ALPHA_VANTAGE OFFLINE
2026-07-02 00:07:49,676 | CRITICAL | SourceEngine | ALL PROVIDERS FAILED : AMAT
2026-07-02 00:07:49,678 | INFO     | SourceEngine | REQUEST : AMAT
2026-07-02 00:07:49,897 | WARNING  | HealthManager | Provider MASSIVE is unhealthy.
2026-07-02 00:07:49,898 | WARNING  | SourceEngine | MASSIVE OFFLINE
2026-07-02 00:07:50,393 | ERROR    | StatisticsManager | FINNHUB failed after 0.2497s
2026-07-02 00:07:50,394 | WARNING  | SourceEngine | FINNHUB : EMPTY_DATA
2026-07-02 00:07:50,598 | WARNING  | HealthManager | Provider FMP is unhealthy.
2026-07-02 00:07:50,599 | WARNING  | SourceEngine | FMP OFFLINE
2026-07-02 00:07:50,824 | WARNING  | HealthManager | Provider ALPHA_VANTAGE is unhealthy.
2026-07-02 00:07:50,825 | WARNING  | SourceEngine | ALPHA_VANTAGE OFFLINE
2026-07-02 00:07:50,826 | CRITICAL | SourceEngine | ALL PROVIDERS FAILED : AMAT
2026-07-02 00:07:50,827 | INFO     | SourceEngine | REQUEST : MSTR
2026-07-02 00:07:51,016 | WARNING  | HealthManager | Provider MASSIVE is unhealthy.
2026-07-02 00:07:51,017 | WARNING  | SourceEngine | MASSIVE OFFLINE
2026-07-02 00:07:51,514 | ERROR    | StatisticsManager | FINNHUB failed after 0.2451s
2026-07-02 00:07:51,515 | WARNING  | SourceEngine | FINNHUB : EMPTY_DATA
2026-07-02 00:07:51,723 | WARNING  | HealthManager | Provider FMP is unhealthy.
2026-07-02 00:07:51,724 | WARNING  | SourceEngine | FMP OFFLINE
2026-07-02 00:07:51,954 | WARNING  | HealthManager | Provider ALPHA_VANTAGE is unhealthy.
2026-07-02 00:07:51,955 | WARNING  | SourceEngine | ALPHA_VANTAGE OFFLINE
2026-07-02 00:07:51,956 | CRITICAL | SourceEngine | ALL PROVIDERS FAILED : MSTR
2026-07-02 00:07:51,957 | INFO     | SourceEngine | REQUEST : MSTR
2026-07-02 00:07:52,155 | WARNING  | HealthManager | Provider MASSIVE is unhealthy.
2026-07-02 00:07:52,156 | WARNING  | SourceEngine | MASSIVE OFFLINE
2026-07-02 00:07:52,656 | ERROR    | StatisticsManager | FINNHUB failed after 0.2688s
2026-07-02 00:07:52,657 | WARNING  | SourceEngine | FINNHUB : EMPTY_DATA
2026-07-02 00:07:52,872 | WARNING  | HealthManager | Provider FMP is unhealthy.
2026-07-02 00:07:52,873 | WARNING  | SourceEngine | FMP OFFLINE
2026-07-02 00:07:53,085 | WARNING  | HealthManager | Provider ALPHA_VANTAGE is unhealthy.
2026-07-02 00:07:53,086 | WARNING  | SourceEngine | ALPHA_VANTAGE OFFLINE
2026-07-02 00:07:53,087 | CRITICAL | SourceEngine | ALL PROVIDERS FAILED : MSTR
2026-07-02 00:07:53,089 | INFO     | SourceEngine | REQUEST : MSTR
2026-07-02 00:07:53,290 | WARNING  | HealthManager | Provider MASSIVE is unhealthy.
2026-07-02 00:07:53,291 | WARNING  | SourceEngine | MASSIVE OFFLINE
2026-07-02 00:07:53,802 | ERROR    | StatisticsManager | FINNHUB failed after 0.2661s
2026-07-02 00:07:53,803 | WARNING  | SourceEngine | FINNHUB : EMPTY_DATA
2026-07-02 00:07:54,015 | WARNING  | HealthManager | Provider FMP is unhealthy.
2026-07-02 00:07:54,016 | WARNING  | SourceEngine | FMP OFFLINE
2026-07-02 00:07:54,242 | WARNING  | HealthManager | Provider ALPHA_VANTAGE is unhealthy.
2026-07-02 00:07:54,243 | WARNING  | SourceEngine | ALPHA_VANTAGE OFFLINE
2026-07-02 00:07:54,244 | CRITICAL | SourceEngine | ALL PROVIDERS FAILED : MSTR
2026-07-02 00:07:54,245 | INFO     | SourceEngine | REQUEST : ANET
2026-07-02 00:07:54,452 | WARNING  | HealthManager | Provider MASSIVE is unhealthy.
2026-07-02 00:07:54,453 | WARNING  | SourceEngine | MASSIVE OFFLINE
2026-07-02 00:07:54,962 | ERROR    | StatisticsManager | FINNHUB failed after 0.2695s
2026-07-02 00:07:54,963 | WARNING  | SourceEngine | FINNHUB : EMPTY_DATA
2026-07-02 00:07:55,201 | WARNING  | HealthManager | Provider FMP is unhealthy.
2026-07-02 00:07:55,202 | WARNING  | SourceEngine | FMP OFFLINE
2026-07-02 00:07:55,443 | WARNING  | HealthManager | Provider ALPHA_VANTAGE is unhealthy.
2026-07-02 00:07:55,444 | WARNING  | SourceEngine | ALPHA_VANTAGE OFFLINE
2026-07-02 00:07:55,445 | CRITICAL | SourceEngine | ALL PROVIDERS FAILED : ANET
2026-07-02 00:07:55,447 | INFO     | SourceEngine | REQUEST : ANET
2026-07-02 00:07:55,669 | WARNING  | HealthManager | Provider MASSIVE is unhealthy.
2026-07-02 00:07:55,670 | WARNING  | SourceEngine | MASSIVE OFFLINE
2026-07-02 00:07:56,181 | ERROR    | StatisticsManager | FINNHUB failed after 0.2469s
2026-07-02 00:07:56,182 | WARNING  | SourceEngine | FINNHUB : EMPTY_DATA
2026-07-02 00:07:56,401 | WARNING  | HealthManager | Provider FMP is unhealthy.
2026-07-02 00:07:56,402 | WARNING  | SourceEngine | FMP OFFLINE
2026-07-02 00:07:56,618 | WARNING  | HealthManager | Provider ALPHA_VANTAGE is unhealthy.
2026-07-02 00:07:56,619 | WARNING  | SourceEngine | ALPHA_VANTAGE OFFLINE
2026-07-02 00:07:56,620 | CRITICAL | SourceEngine | ALL PROVIDERS FAILED : ANET
2026-07-02 00:07:56,622 | INFO     | SourceEngine | REQUEST : ANET
2026-07-02 00:07:56,972 | WARNING  | HealthManager | Provider MASSIVE is unhealthy.
2026-07-02 00:07:56,973 | WARNING  | SourceEngine | MASSIVE OFFLINE
2026-07-02 00:07:57,480 | ERROR    | StatisticsManager | FINNHUB failed after 0.2494s
2026-07-02 00:07:57,481 | WARNING  | SourceEngine | FINNHUB : EMPTY_DATA
2026-07-02 00:07:57,767 | WARNING  | HealthManager | Provider FMP is unhealthy.
2026-07-02 00:07:57,768 | WARNING  | SourceEngine | FMP OFFLINE
2026-07-02 00:07:58,081 | WARNING  | HealthManager | Provider ALPHA_VANTAGE is unhealthy.
2026-07-02 00:07:58,082 | WARNING  | SourceEngine | ALPHA_VANTAGE OFFLINE
2026-07-02 00:07:58,083 | CRITICAL | SourceEngine | ALL PROVIDERS FAILED : ANET
2026-07-02 00:07:58,084 | INFO     | SourceEngine | REQUEST : SNOW
2026-07-02 00:07:58,289 | WARNING  | HealthManager | Provider MASSIVE is unhealthy.
2026-07-02 00:07:58,290 | WARNING  | SourceEngine | MASSIVE OFFLINE
2026-07-02 00:07:58,839 | ERROR    | StatisticsManager | FINNHUB failed after 0.2528s
2026-07-02 00:07:58,840 | WARNING  | SourceEngine | FINNHUB : EMPTY_DATA
2026-07-02 00:07:59,053 | WARNING  | HealthManager | Provider FMP is unhealthy.
2026-07-02 00:07:59,054 | WARNING  | SourceEngine | FMP OFFLINE
2026-07-02 00:07:59,277 | WARNING  | HealthManager | Provider ALPHA_VANTAGE is unhealthy.
2026-07-02 00:07:59,277 | WARNING  | SourceEngine | ALPHA_VANTAGE OFFLINE
2026-07-02 00:07:59,278 | CRITICAL | SourceEngine | ALL PROVIDERS FAILED : SNOW
2026-07-02 00:07:59,280 | INFO     | SourceEngine | REQUEST : SNOW
2026-07-02 00:07:59,670 | WARNING  | HealthManager | Provider MASSIVE is unhealthy.
2026-07-02 00:07:59,672 | WARNING  | SourceEngine | MASSIVE OFFLINE
2026-07-02 00:08:00,198 | ERROR    | StatisticsManager | FINNHUB failed after 0.2589s
2026-07-02 00:08:00,199 | WARNING  | SourceEngine | FINNHUB : EMPTY_DATA
2026-07-02 00:08:00,524 | WARNING  | HealthManager | Provider FMP is unhealthy.
2026-07-02 00:08:00,524 | WARNING  | SourceEngine | FMP OFFLINE
2026-07-02 00:08:00,739 | WARNING  | HealthManager | Provider ALPHA_VANTAGE is unhealthy.
2026-07-02 00:08:00,740 | WARNING  | SourceEngine | ALPHA_VANTAGE OFFLINE
2026-07-02 00:08:00,740 | CRITICAL | SourceEngine | ALL PROVIDERS FAILED : SNOW
2026-07-02 00:08:00,741 | INFO     | SourceEngine | REQUEST : SNOW
2026-07-02 00:08:00,951 | WARNING  | HealthManager | Provider MASSIVE is unhealthy.
2026-07-02 00:08:00,952 | WARNING  | SourceEngine | MASSIVE OFFLINE
2026-07-02 00:08:01,464 | ERROR    | StatisticsManager | FINNHUB failed after 0.2415s
2026-07-02 00:08:01,465 | WARNING  | SourceEngine | FINNHUB : EMPTY_DATA
2026-07-02 00:08:02,460 | WARNING  | HealthManager | Provider FMP is unhealthy.
2026-07-02 00:08:02,461 | WARNING  | SourceEngine | FMP OFFLINE
2026-07-02 00:08:02,682 | WARNING  | HealthManager | Provider ALPHA_VANTAGE is unhealthy.
2026-07-02 00:08:02,683 | WARNING  | SourceEngine | ALPHA_VANTAGE OFFLINE
2026-07-02 00:08:02,684 | CRITICAL | SourceEngine | ALL PROVIDERS FAILED : SNOW
2026-07-02 00:08:02,685 | INFO     | SourceEngine | REQUEST : MDB
2026-07-02 00:08:02,926 | WARNING  | HealthManager | Provider MASSIVE is unhealthy.
2026-07-02 00:08:02,927 | WARNING  | SourceEngine | MASSIVE OFFLINE
2026-07-02 00:08:03,622 | ERROR    | StatisticsManager | FINNHUB failed after 0.3219s
2026-07-02 00:08:03,624 | WARNING  | SourceEngine | FINNHUB : EMPTY_DATA
2026-07-02 00:08:03,890 | WARNING  | HealthManager | Provider FMP is unhealthy.
2026-07-02 00:08:03,891 | WARNING  | SourceEngine | FMP OFFLINE
2026-07-02 00:08:04,192 | WARNING  | HealthManager | Provider ALPHA_VANTAGE is unhealthy.
2026-07-02 00:08:04,193 | WARNING  | SourceEngine | ALPHA_VANTAGE OFFLINE
2026-07-02 00:08:04,194 | CRITICAL | SourceEngine | ALL PROVIDERS FAILED : MDB
2026-07-02 00:08:04,196 | INFO     | SourceEngine | REQUEST : MDB
2026-07-02 00:08:04,470 | WARNING  | HealthManager | Provider MASSIVE is unhealthy.
2026-07-02 00:08:04,471 | WARNING  | SourceEngine | MASSIVE OFFLINE
2026-07-02 00:08:04,978 | ERROR    | StatisticsManager | FINNHUB failed after 0.2451s
2026-07-02 00:08:04,979 | WARNING  | SourceEngine | FINNHUB : EMPTY_DATA
2026-07-02 00:08:05,212 | WARNING  | HealthManager | Provider FMP is unhealthy.
2026-07-02 00:08:05,213 | WARNING  | SourceEngine | FMP OFFLINE
2026-07-02 00:08:05,438 | WARNING  | HealthManager | Provider ALPHA_VANTAGE is unhealthy.
2026-07-02 00:08:05,438 | WARNING  | SourceEngine | ALPHA_VANTAGE OFFLINE
2026-07-02 00:08:05,439 | CRITICAL | SourceEngine | ALL PROVIDERS FAILED : MDB
2026-07-02 00:08:05,441 | INFO     | SourceEngine | REQUEST : MDB
2026-07-02 00:08:05,831 | WARNING  | HealthManager | Provider MASSIVE is unhealthy.
2026-07-02 00:08:05,831 | WARNING  | SourceEngine | MASSIVE OFFLINE
2026-07-02 00:08:06,567 | ERROR    | StatisticsManager | FINNHUB failed after 0.2500s
2026-07-02 00:08:06,568 | WARNING  | SourceEngine | FINNHUB : EMPTY_DATA
2026-07-02 00:08:06,800 | WARNING  | HealthManager | Provider FMP is unhealthy.
2026-07-02 00:08:06,801 | WARNING  | SourceEngine | FMP OFFLINE
2026-07-02 00:08:07,027 | WARNING  | HealthManager | Provider ALPHA_VANTAGE is unhealthy.
2026-07-02 00:08:07,028 | WARNING  | SourceEngine | ALPHA_VANTAGE OFFLINE
2026-07-02 00:08:07,029 | CRITICAL | SourceEngine | ALL PROVIDERS FAILED : MDB
2026-07-02 00:08:07,030 | INFO     | SourceEngine | REQUEST : DDOG
2026-07-02 00:08:07,237 | WARNING  | HealthManager | Provider MASSIVE is unhealthy.
2026-07-02 00:08:07,238 | WARNING  | SourceEngine | MASSIVE OFFLINE
2026-07-02 00:08:07,746 | ERROR    | StatisticsManager | FINNHUB failed after 0.2562s
2026-07-02 00:08:07,747 | WARNING  | SourceEngine | FINNHUB : EMPTY_DATA
2026-07-02 00:08:07,999 | WARNING  | HealthManager | Provider FMP is unhealthy.
2026-07-02 00:08:08,000 | WARNING  | SourceEngine | FMP OFFLINE
2026-07-02 00:08:08,235 | WARNING  | HealthManager | Provider ALPHA_VANTAGE is unhealthy.
2026-07-02 00:08:08,236 | WARNING  | SourceEngine | ALPHA_VANTAGE OFFLINE
2026-07-02 00:08:08,237 | CRITICAL | SourceEngine | ALL PROVIDERS FAILED : DDOG
2026-07-02 00:08:08,238 | INFO     | SourceEngine | REQUEST : DDOG
2026-07-02 00:08:08,458 | WARNING  | HealthManager | Provider MASSIVE is unhealthy.
2026-07-02 00:08:08,459 | WARNING  | SourceEngine | MASSIVE OFFLINE
2026-07-02 00:08:08,945 | ERROR    | StatisticsManager | FINNHUB failed after 0.2340s
2026-07-02 00:08:08,946 | WARNING  | SourceEngine | FINNHUB : EMPTY_DATA
2026-07-02 00:08:09,196 | WARNING  | HealthManager | Provider FMP is unhealthy.
2026-07-02 00:08:09,197 | WARNING  | SourceEngine | FMP OFFLINE
2026-07-02 00:08:09,402 | WARNING  | HealthManager | Provider ALPHA_VANTAGE is unhealthy.
2026-07-02 00:08:09,403 | WARNING  | SourceEngine | ALPHA_VANTAGE OFFLINE
2026-07-02 00:08:09,404 | CRITICAL | SourceEngine | ALL PROVIDERS FAILED : DDOG
2026-07-02 00:08:09,405 | INFO     | SourceEngine | REQUEST : DDOG
2026-07-02 00:08:09,584 | WARNING  | HealthManager | Provider MASSIVE is unhealthy.
2026-07-02 00:08:09,584 | WARNING  | SourceEngine | MASSIVE OFFLINE
2026-07-02 00:08:10,947 | ERROR    | StatisticsManager | FINNHUB failed after 0.6815s
2026-07-02 00:08:10,948 | WARNING  | SourceEngine | FINNHUB : EMPTY_DATA
2026-07-02 00:08:11,405 | WARNING  | HealthManager | Provider FMP is unhealthy.
2026-07-02 00:08:11,407 | WARNING  | SourceEngine | FMP OFFLINE
2026-07-02 00:08:11,627 | WARNING  | HealthManager | Provider ALPHA_VANTAGE is unhealthy.
2026-07-02 00:08:11,628 | WARNING  | SourceEngine | ALPHA_VANTAGE OFFLINE
2026-07-02 00:08:11,629 | CRITICAL | SourceEngine | ALL PROVIDERS FAILED : DDOG
2026-07-02 00:08:11,630 | INFO     | SourceEngine | REQUEST : NET
2026-07-02 00:08:11,827 | WARNING  | HealthManager | Provider MASSIVE is unhealthy.
2026-07-02 00:08:11,827 | WARNING  | SourceEngine | MASSIVE OFFLINE
2026-07-02 00:08:12,353 | ERROR    | StatisticsManager | FINNHUB failed after 0.2513s
2026-07-02 00:08:12,354 | WARNING  | SourceEngine | FINNHUB : EMPTY_DATA
2026-07-02 00:08:12,586 | WARNING  | HealthManager | Provider FMP is unhealthy.
2026-07-02 00:08:12,587 | WARNING  | SourceEngine | FMP OFFLINE
2026-07-02 00:08:12,810 | WARNING  | HealthManager | Provider ALPHA_VANTAGE is unhealthy.
2026-07-02 00:08:12,811 | WARNING  | SourceEngine | ALPHA_VANTAGE OFFLINE
2026-07-02 00:08:12,812 | CRITICAL | SourceEngine | ALL PROVIDERS FAILED : NET
2026-07-02 00:08:12,814 | INFO     | SourceEngine | REQUEST : NET
2026-07-02 00:08:13,017 | WARNING  | HealthManager | Provider MASSIVE is unhealthy.
2026-07-02 00:08:13,018 | WARNING  | SourceEngine | MASSIVE OFFLINE
2026-07-02 00:08:13,487 | ERROR    | StatisticsManager | FINNHUB failed after 0.2285s
2026-07-02 00:08:13,488 | WARNING  | SourceEngine | FINNHUB : EMPTY_DATA
2026-07-02 00:08:13,703 | WARNING  | HealthManager | Provider FMP is unhealthy.
2026-07-02 00:08:13,704 | WARNING  | SourceEngine | FMP OFFLINE
2026-07-02 00:08:13,929 | WARNING  | HealthManager | Provider ALPHA_VANTAGE is unhealthy.
2026-07-02 00:08:13,930 | WARNING  | SourceEngine | ALPHA_VANTAGE OFFLINE
2026-07-02 00:08:13,930 | CRITICAL | SourceEngine | ALL PROVIDERS FAILED : NET
2026-07-02 00:08:13,931 | INFO     | SourceEngine | REQUEST : NET
2026-07-02 00:08:14,132 | WARNING  | HealthManager | Provider MASSIVE is unhealthy.
2026-07-02 00:08:14,133 | WARNING  | SourceEngine | MASSIVE OFFLINE
2026-07-02 00:08:14,618 | ERROR    | StatisticsManager | FINNHUB failed after 0.2457s
2026-07-02 00:08:14,619 | WARNING  | SourceEngine | FINNHUB : EMPTY_DATA
2026-07-02 00:08:14,822 | WARNING  | HealthManager | Provider FMP is unhealthy.
2026-07-02 00:08:14,823 | WARNING  | SourceEngine | FMP OFFLINE
2026-07-02 00:08:15,053 | WARNING  | HealthManager | Provider ALPHA_VANTAGE is unhealthy.
2026-07-02 00:08:15,053 | WARNING  | SourceEngine | ALPHA_VANTAGE OFFLINE
2026-07-02 00:08:15,054 | CRITICAL | SourceEngine | ALL PROVIDERS FAILED : NET
2026-07-02 00:08:15,055 | INFO     | SourceEngine | REQUEST : QCOM
2026-07-02 00:08:15,272 | WARNING  | HealthManager | Provider MASSIVE is unhealthy.
2026-07-02 00:08:15,273 | WARNING  | SourceEngine | MASSIVE OFFLINE
2026-07-02 00:08:15,749 | ERROR    | StatisticsManager | FINNHUB failed after 0.2402s
2026-07-02 00:08:15,750 | WARNING  | SourceEngine | FINNHUB : EMPTY_DATA
2026-07-02 00:08:15,967 | WARNING  | HealthManager | Provider FMP is unhealthy.
2026-07-02 00:08:15,968 | WARNING  | SourceEngine | FMP OFFLINE
2026-07-02 00:08:16,190 | WARNING  | HealthManager | Provider ALPHA_VANTAGE is unhealthy.
2026-07-02 00:08:16,191 | WARNING  | SourceEngine | ALPHA_VANTAGE OFFLINE
2026-07-02 00:08:16,192 | CRITICAL | SourceEngine | ALL PROVIDERS FAILED : QCOM
2026-07-02 00:08:16,194 | INFO     | SourceEngine | REQUEST : QCOM
2026-07-02 00:08:16,401 | WARNING  | HealthManager | Provider MASSIVE is unhealthy.
2026-07-02 00:08:16,401 | WARNING  | SourceEngine | MASSIVE OFFLINE
2026-07-02 00:08:16,890 | ERROR    | StatisticsManager | FINNHUB failed after 0.2507s
2026-07-02 00:08:16,891 | WARNING  | SourceEngine | FINNHUB : EMPTY_DATA
2026-07-02 00:08:17,122 | WARNING  | HealthManager | Provider FMP is unhealthy.
2026-07-02 00:08:17,123 | WARNING  | SourceEngine | FMP OFFLINE
2026-07-02 00:08:17,348 | WARNING  | HealthManager | Provider ALPHA_VANTAGE is unhealthy.
2026-07-02 00:08:17,349 | WARNING  | SourceEngine | ALPHA_VANTAGE OFFLINE
2026-07-02 00:08:17,350 | CRITICAL | SourceEngine | ALL PROVIDERS FAILED : QCOM
2026-07-02 00:08:17,352 | INFO     | SourceEngine | REQUEST : QCOM
2026-07-02 00:08:17,555 | WARNING  | HealthManager | Provider MASSIVE is unhealthy.
2026-07-02 00:08:17,556 | WARNING  | SourceEngine | MASSIVE OFFLINE
2026-07-02 00:08:18,053 | ERROR    | StatisticsManager | FINNHUB failed after 0.2352s
2026-07-02 00:08:18,054 | WARNING  | SourceEngine | FINNHUB : EMPTY_DATA
2026-07-02 00:08:18,284 | WARNING  | HealthManager | Provider FMP is unhealthy.
2026-07-02 00:08:18,285 | WARNING  | SourceEngine | FMP OFFLINE
2026-07-02 00:08:18,524 | WARNING  | HealthManager | Provider ALPHA_VANTAGE is unhealthy.
2026-07-02 00:08:18,525 | WARNING  | SourceEngine | ALPHA_VANTAGE OFFLINE
2026-07-02 00:08:18,526 | CRITICAL | SourceEngine | ALL PROVIDERS FAILED : QCOM
2026-07-02 00:08:18,527 | INFO     | SourceEngine | REQUEST : ASML
2026-07-02 00:08:18,734 | WARNING  | HealthManager | Provider MASSIVE is unhealthy.
2026-07-02 00:08:18,735 | WARNING  | SourceEngine | MASSIVE OFFLINE
2026-07-02 00:08:19,273 | ERROR    | StatisticsManager | FINNHUB failed after 0.2672s
2026-07-02 00:08:19,274 | WARNING  | SourceEngine | FINNHUB : EMPTY_DATA
2026-07-02 00:08:19,526 | WARNING  | HealthManager | Provider FMP is unhealthy.
2026-07-02 00:08:19,527 | WARNING  | SourceEngine | FMP OFFLINE
2026-07-02 00:08:19,775 | WARNING  | HealthManager | Provider ALPHA_VANTAGE is unhealthy.
2026-07-02 00:08:19,775 | WARNING  | SourceEngine | ALPHA_VANTAGE OFFLINE
2026-07-02 00:08:19,776 | CRITICAL | SourceEngine | ALL PROVIDERS FAILED : ASML
2026-07-02 00:08:19,777 | INFO     | SourceEngine | REQUEST : ASML
2026-07-02 00:08:19,976 | WARNING  | HealthManager | Provider MASSIVE is unhealthy.
2026-07-02 00:08:19,977 | WARNING  | SourceEngine | MASSIVE OFFLINE
2026-07-02 00:08:20,770 | ERROR    | StatisticsManager | FINNHUB failed after 0.5392s
2026-07-02 00:08:20,771 | WARNING  | SourceEngine | FINNHUB : EMPTY_DATA
2026-07-02 00:08:21,354 | WARNING  | HealthManager | Provider FMP is unhealthy.
2026-07-02 00:08:21,355 | WARNING  | SourceEngine | FMP OFFLINE
2026-07-02 00:08:21,830 | WARNING  | HealthManager | Provider ALPHA_VANTAGE is unhealthy.
2026-07-02 00:08:21,831 | WARNING  | SourceEngine | ALPHA_VANTAGE OFFLINE
2026-07-02 00:08:21,832 | CRITICAL | SourceEngine | ALL PROVIDERS FAILED : ASML
2026-07-02 00:08:21,833 | INFO     | SourceEngine | REQUEST : ASML
2026-07-02 00:08:22,059 | WARNING  | HealthManager | Provider MASSIVE is unhealthy.
2026-07-02 00:08:22,060 | WARNING  | SourceEngine | MASSIVE OFFLINE
2026-07-02 00:08:22,560 | ERROR    | StatisticsManager | FINNHUB failed after 0.2478s
2026-07-02 00:08:22,561 | WARNING  | SourceEngine | FINNHUB : EMPTY_DATA
2026-07-02 00:08:22,774 | WARNING  | HealthManager | Provider FMP is unhealthy.
2026-07-02 00:08:22,775 | WARNING  | SourceEngine | FMP OFFLINE
2026-07-02 00:08:23,012 | WARNING  | HealthManager | Provider ALPHA_VANTAGE is unhealthy.
2026-07-02 00:08:23,013 | WARNING  | SourceEngine | ALPHA_VANTAGE OFFLINE
2026-07-02 00:08:23,014 | CRITICAL | SourceEngine | ALL PROVIDERS FAILED : ASML
2026-07-02 00:08:23,015 | INFO     | SourceEngine | REQUEST : ZS
2026-07-02 00:08:24,173 | WARNING  | HealthManager | Provider MASSIVE is unhealthy.
2026-07-02 00:08:24,174 | WARNING  | SourceEngine | MASSIVE OFFLINE
2026-07-02 00:08:24,706 | ERROR    | StatisticsManager | FINNHUB failed after 0.2642s
2026-07-02 00:08:24,707 | WARNING  | SourceEngine | FINNHUB : EMPTY_DATA
2026-07-02 00:08:24,956 | WARNING  | HealthManager | Provider FMP is unhealthy.
2026-07-02 00:08:24,957 | WARNING  | SourceEngine | FMP OFFLINE
2026-07-02 00:08:25,194 | WARNING  | HealthManager | Provider ALPHA_VANTAGE is unhealthy.
2026-07-02 00:08:25,195 | WARNING  | SourceEngine | ALPHA_VANTAGE OFFLINE
2026-07-02 00:08:25,196 | CRITICAL | SourceEngine | ALL PROVIDERS FAILED : ZS
2026-07-02 00:08:25,197 | INFO     | SourceEngine | REQUEST : ZS
2026-07-02 00:08:25,405 | WARNING  | HealthManager | Provider MASSIVE is unhealthy.
2026-07-02 00:08:25,406 | WARNING  | SourceEngine | MASSIVE OFFLINE
2026-07-02 00:08:25,918 | ERROR    | StatisticsManager | FINNHUB failed after 0.2545s
2026-07-02 00:08:25,919 | WARNING  | SourceEngine | FINNHUB : EMPTY_DATA
2026-07-02 00:08:26,164 | WARNING  | HealthManager | Provider FMP is unhealthy.
2026-07-02 00:08:26,165 | WARNING  | SourceEngine | FMP OFFLINE
2026-07-02 00:08:26,434 | WARNING  | HealthManager | Provider ALPHA_VANTAGE is unhealthy.
2026-07-02 00:08:26,435 | WARNING  | SourceEngine | ALPHA_VANTAGE OFFLINE
2026-07-02 00:08:26,437 | CRITICAL | SourceEngine | ALL PROVIDERS FAILED : ZS
2026-07-02 00:08:26,438 | INFO     | SourceEngine | REQUEST : ZS
2026-07-02 00:08:26,637 | WARNING  | HealthManager | Provider MASSIVE is unhealthy.
2026-07-02 00:08:26,638 | WARNING  | SourceEngine | MASSIVE OFFLINE
2026-07-02 00:08:27,493 | ERROR    | StatisticsManager | FINNHUB failed after 0.2267s
2026-07-02 00:08:27,493 | WARNING  | SourceEngine | FINNHUB : EMPTY_DATA
2026-07-02 00:08:27,733 | WARNING  | HealthManager | Provider FMP is unhealthy.
2026-07-02 00:08:27,734 | WARNING  | SourceEngine | FMP OFFLINE
2026-07-02 00:08:27,967 | WARNING  | HealthManager | Provider ALPHA_VANTAGE is unhealthy.
2026-07-02 00:08:27,968 | WARNING  | SourceEngine | ALPHA_VANTAGE OFFLINE
2026-07-02 00:08:27,969 | CRITICAL | SourceEngine | ALL PROVIDERS FAILED : ZS
2026-07-02 00:08:27,970 | INFO     | SourceEngine | REQUEST : WMT
2026-07-02 00:08:28,173 | WARNING  | HealthManager | Provider MASSIVE is unhealthy.
2026-07-02 00:08:28,175 | WARNING  | SourceEngine | MASSIVE OFFLINE
2026-07-02 00:08:28,684 | ERROR    | StatisticsManager | FINNHUB failed after 0.2423s
2026-07-02 00:08:28,685 | WARNING  | SourceEngine | FINNHUB : EMPTY_DATA
2026-07-02 00:08:28,933 | WARNING  | HealthManager | Provider FMP is unhealthy.
2026-07-02 00:08:28,934 | WARNING  | SourceEngine | FMP OFFLINE
2026-07-02 00:08:29,162 | WARNING  | HealthManager | Provider ALPHA_VANTAGE is unhealthy.
2026-07-02 00:08:29,163 | WARNING  | SourceEngine | ALPHA_VANTAGE OFFLINE
2026-07-02 00:08:29,164 | CRITICAL | SourceEngine | ALL PROVIDERS FAILED : WMT
2026-07-02 00:08:29,166 | INFO     | SourceEngine | REQUEST : WMT
2026-07-02 00:08:29,389 | WARNING  | HealthManager | Provider MASSIVE is unhealthy.
2026-07-02 00:08:29,390 | WARNING  | SourceEngine | MASSIVE OFFLINE
2026-07-02 00:08:30,177 | ERROR    | StatisticsManager | FINNHUB failed after 0.2700s
2026-07-02 00:08:30,178 | WARNING  | SourceEngine | FINNHUB : EMPTY_DATA
2026-07-02 00:08:30,416 | WARNING  | HealthManager | Provider FMP is unhealthy.
2026-07-02 00:08:30,417 | WARNING  | SourceEngine | FMP OFFLINE
2026-07-02 00:08:30,652 | WARNING  | HealthManager | Provider ALPHA_VANTAGE is unhealthy.
2026-07-02 00:08:30,653 | WARNING  | SourceEngine | ALPHA_VANTAGE OFFLINE
2026-07-02 00:08:30,654 | CRITICAL | SourceEngine | ALL PROVIDERS FAILED : WMT
2026-07-02 00:08:30,655 | INFO     | SourceEngine | REQUEST : WMT
2026-07-02 00:08:30,832 | WARNING  | HealthManager | Provider MASSIVE is unhealthy.
2026-07-02 00:08:30,833 | WARNING  | SourceEngine | MASSIVE OFFLINE
2026-07-02 00:08:31,337 | ERROR    | StatisticsManager | FINNHUB failed after 0.2542s
2026-07-02 00:08:31,338 | WARNING  | SourceEngine | FINNHUB : EMPTY_DATA
2026-07-02 00:08:31,550 | WARNING  | HealthManager | Provider FMP is unhealthy.
2026-07-02 00:08:31,551 | WARNING  | SourceEngine | FMP OFFLINE
2026-07-02 00:08:31,856 | WARNING  | HealthManager | Provider ALPHA_VANTAGE is unhealthy.
2026-07-02 00:08:31,857 | WARNING  | SourceEngine | ALPHA_VANTAGE OFFLINE
2026-07-02 00:08:31,858 | CRITICAL | SourceEngine | ALL PROVIDERS FAILED : WMT
2026-07-02 00:08:31,859 | INFO     | SourceEngine | REQUEST : HD
2026-07-02 00:08:32,070 | WARNING  | HealthManager | Provider MASSIVE is unhealthy.
2026-07-02 00:08:32,071 | WARNING  | SourceEngine | MASSIVE OFFLINE
2026-07-02 00:08:32,559 | ERROR    | StatisticsManager | FINNHUB failed after 0.2345s
2026-07-02 00:08:32,560 | WARNING  | SourceEngine | FINNHUB : EMPTY_DATA
2026-07-02 00:08:32,831 | WARNING  | HealthManager | Provider FMP is unhealthy.
2026-07-02 00:08:32,832 | WARNING  | SourceEngine | FMP OFFLINE
2026-07-02 00:08:33,057 | WARNING  | HealthManager | Provider ALPHA_VANTAGE is unhealthy.
2026-07-02 00:08:33,058 | WARNING  | SourceEngine | ALPHA_VANTAGE OFFLINE
2026-07-02 00:08:33,059 | CRITICAL | SourceEngine | ALL PROVIDERS FAILED : HD
2026-07-02 00:08:33,060 | INFO     | SourceEngine | REQUEST : HD
2026-07-02 00:08:33,285 | WARNING  | HealthManager | Provider MASSIVE is unhealthy.
2026-07-02 00:08:33,286 | WARNING  | SourceEngine | MASSIVE OFFLINE
2026-07-02 00:08:33,778 | ERROR    | StatisticsManager | FINNHUB failed after 0.2553s
2026-07-02 00:08:33,779 | WARNING  | SourceEngine | FINNHUB : EMPTY_DATA
2026-07-02 00:08:34,004 | WARNING  | HealthManager | Provider FMP is unhealthy.
2026-07-02 00:08:34,005 | WARNING  | SourceEngine | FMP OFFLINE
2026-07-02 00:08:34,245 | WARNING  | HealthManager | Provider ALPHA_VANTAGE is unhealthy.
2026-07-02 00:08:34,246 | WARNING  | SourceEngine | ALPHA_VANTAGE OFFLINE
2026-07-02 00:08:34,247 | CRITICAL | SourceEngine | ALL PROVIDERS FAILED : HD
2026-07-02 00:08:34,249 | INFO     | SourceEngine | REQUEST : HD
2026-07-02 00:08:34,438 | WARNING  | HealthManager | Provider MASSIVE is unhealthy.
2026-07-02 00:08:34,439 | WARNING  | SourceEngine | MASSIVE OFFLINE
2026-07-02 00:08:34,948 | ERROR    | StatisticsManager | FINNHUB failed after 0.2458s
2026-07-02 00:08:34,949 | WARNING  | SourceEngine | FINNHUB : EMPTY_DATA
2026-07-02 00:08:35,190 | WARNING  | HealthManager | Provider FMP is unhealthy.
2026-07-02 00:08:35,190 | WARNING  | SourceEngine | FMP OFFLINE
2026-07-02 00:08:35,441 | WARNING  | HealthManager | Provider ALPHA_VANTAGE is unhealthy.
2026-07-02 00:08:35,442 | WARNING  | SourceEngine | ALPHA_VANTAGE OFFLINE
2026-07-02 00:08:35,443 | CRITICAL | SourceEngine | ALL PROVIDERS FAILED : HD
2026-07-02 00:08:35,444 | INFO     | SourceEngine | REQUEST : JPM
2026-07-02 00:08:35,650 | WARNING  | HealthManager | Provider MASSIVE is unhealthy.
2026-07-02 00:08:35,651 | WARNING  | SourceEngine | MASSIVE OFFLINE
2026-07-02 00:08:36,143 | ERROR    | StatisticsManager | FINNHUB failed after 0.2483s
2026-07-02 00:08:36,144 | WARNING  | SourceEngine | FINNHUB : EMPTY_DATA
2026-07-02 00:08:36,358 | WARNING  | HealthManager | Provider FMP is unhealthy.
2026-07-02 00:08:36,359 | WARNING  | SourceEngine | FMP OFFLINE
2026-07-02 00:08:36,617 | WARNING  | HealthManager | Provider ALPHA_VANTAGE is unhealthy.
2026-07-02 00:08:36,618 | WARNING  | SourceEngine | ALPHA_VANTAGE OFFLINE
2026-07-02 00:08:36,619 | CRITICAL | SourceEngine | ALL PROVIDERS FAILED : JPM
2026-07-02 00:08:36,621 | INFO     | SourceEngine | REQUEST : JPM
2026-07-02 00:08:36,848 | WARNING  | HealthManager | Provider MASSIVE is unhealthy.
2026-07-02 00:08:36,849 | WARNING  | SourceEngine | MASSIVE OFFLINE
2026-07-02 00:08:37,331 | ERROR    | StatisticsManager | FINNHUB failed after 0.2462s
2026-07-02 00:08:37,332 | WARNING  | SourceEngine | FINNHUB : EMPTY_DATA
2026-07-02 00:08:37,541 | WARNING  | HealthManager | Provider FMP is unhealthy.
2026-07-02 00:08:37,542 | WARNING  | SourceEngine | FMP OFFLINE
2026-07-02 00:08:37,844 | WARNING  | HealthManager | Provider ALPHA_VANTAGE is unhealthy.
2026-07-02 00:08:37,845 | WARNING  | SourceEngine | ALPHA_VANTAGE OFFLINE
2026-07-02 00:08:37,846 | CRITICAL | SourceEngine | ALL PROVIDERS FAILED : JPM
2026-07-02 00:08:37,847 | INFO     | SourceEngine | REQUEST : JPM
2026-07-02 00:08:38,299 | WARNING  | HealthManager | Provider MASSIVE is unhealthy.
2026-07-02 00:08:38,299 | WARNING  | SourceEngine | MASSIVE OFFLINE
2026-07-02 00:08:38,795 | ERROR    | StatisticsManager | FINNHUB failed after 0.2446s
2026-07-02 00:08:38,796 | WARNING  | SourceEngine | FINNHUB : EMPTY_DATA
2026-07-02 00:08:39,016 | WARNING  | HealthManager | Provider FMP is unhealthy.
2026-07-02 00:08:39,017 | WARNING  | SourceEngine | FMP OFFLINE
2026-07-02 00:08:39,332 | WARNING  | HealthManager | Provider ALPHA_VANTAGE is unhealthy.
2026-07-02 00:08:39,333 | WARNING  | SourceEngine | ALPHA_VANTAGE OFFLINE
2026-07-02 00:08:39,334 | CRITICAL | SourceEngine | ALL PROVIDERS FAILED : JPM
2026-07-02 00:08:39,335 | INFO     | SourceEngine | REQUEST : GS
2026-07-02 00:08:39,534 | WARNING  | HealthManager | Provider MASSIVE is unhealthy.
2026-07-02 00:08:39,535 | WARNING  | SourceEngine | MASSIVE OFFLINE
2026-07-02 00:08:40,014 | ERROR    | StatisticsManager | FINNHUB failed after 0.2323s
2026-07-02 00:08:40,014 | WARNING  | SourceEngine | FINNHUB : EMPTY_DATA
2026-07-02 00:08:40,222 | WARNING  | HealthManager | Provider FMP is unhealthy.
2026-07-02 00:08:40,223 | WARNING  | SourceEngine | FMP OFFLINE
2026-07-02 00:08:40,443 | WARNING  | HealthManager | Provider ALPHA_VANTAGE is unhealthy.
2026-07-02 00:08:40,445 | WARNING  | SourceEngine | ALPHA_VANTAGE OFFLINE
2026-07-02 00:08:40,446 | CRITICAL | SourceEngine | ALL PROVIDERS FAILED : GS
2026-07-02 00:08:40,447 | INFO     | SourceEngine | REQUEST : GS
2026-07-02 00:08:40,644 | WARNING  | HealthManager | Provider MASSIVE is unhealthy.
2026-07-02 00:08:40,645 | WARNING  | SourceEngine | MASSIVE OFFLINE
2026-07-02 00:08:41,127 | ERROR    | StatisticsManager | FINNHUB failed after 0.2469s
2026-07-02 00:08:41,128 | WARNING  | SourceEngine | FINNHUB : EMPTY_DATA
2026-07-02 00:08:41,388 | WARNING  | HealthManager | Provider FMP is unhealthy.
2026-07-02 00:08:41,389 | WARNING  | SourceEngine | FMP OFFLINE
2026-07-02 00:08:41,610 | WARNING  | HealthManager | Provider ALPHA_VANTAGE is unhealthy.
2026-07-02 00:08:41,611 | WARNING  | SourceEngine | ALPHA_VANTAGE OFFLINE
2026-07-02 00:08:41,612 | CRITICAL | SourceEngine | ALL PROVIDERS FAILED : GS
2026-07-02 00:08:41,613 | INFO     | SourceEngine | REQUEST : GS
2026-07-02 00:08:41,818 | WARNING  | HealthManager | Provider MASSIVE is unhealthy.
2026-07-02 00:08:41,818 | WARNING  | SourceEngine | MASSIVE OFFLINE
2026-07-02 00:08:42,322 | ERROR    | StatisticsManager | FINNHUB failed after 0.2540s
2026-07-02 00:08:42,323 | WARNING  | SourceEngine | FINNHUB : EMPTY_DATA
2026-07-02 00:08:42,543 | WARNING  | HealthManager | Provider FMP is unhealthy.
2026-07-02 00:08:42,544 | WARNING  | SourceEngine | FMP OFFLINE
2026-07-02 00:08:42,779 | WARNING  | HealthManager | Provider ALPHA_VANTAGE is unhealthy.
2026-07-02 00:08:42,780 | WARNING  | SourceEngine | ALPHA_VANTAGE OFFLINE
2026-07-02 00:08:42,781 | CRITICAL | SourceEngine | ALL PROVIDERS FAILED : GS
2026-07-02 00:08:42,782 | INFO     | SourceEngine | REQUEST : V
2026-07-02 00:08:42,975 | WARNING  | HealthManager | Provider MASSIVE is unhealthy.
2026-07-02 00:08:42,976 | WARNING  | SourceEngine | MASSIVE OFFLINE
2026-07-02 00:08:43,477 | ERROR    | StatisticsManager | FINNHUB failed after 0.2620s
2026-07-02 00:08:43,478 | WARNING  | SourceEngine | FINNHUB : EMPTY_DATA
2026-07-02 00:08:43,683 | WARNING  | HealthManager | Provider FMP is unhealthy.
2026-07-02 00:08:43,684 | WARNING  | SourceEngine | FMP OFFLINE
2026-07-02 00:08:43,912 | WARNING  | HealthManager | Provider ALPHA_VANTAGE is unhealthy.
2026-07-02 00:08:43,913 | WARNING  | SourceEngine | ALPHA_VANTAGE OFFLINE
2026-07-02 00:08:43,914 | CRITICAL | SourceEngine | ALL PROVIDERS FAILED : V
2026-07-02 00:08:43,915 | INFO     | SourceEngine | REQUEST : V
2026-07-02 00:08:44,127 | WARNING  | HealthManager | Provider MASSIVE is unhealthy.
2026-07-02 00:08:44,128 | WARNING  | SourceEngine | MASSIVE OFFLINE
2026-07-02 00:08:44,624 | ERROR    | StatisticsManager | FINNHUB failed after 0.2509s
2026-07-02 00:08:44,625 | WARNING  | SourceEngine | FINNHUB : EMPTY_DATA
2026-07-02 00:08:44,886 | WARNING  | HealthManager | Provider FMP is unhealthy.
2026-07-02 00:08:44,887 | WARNING  | SourceEngine | FMP OFFLINE
2026-07-02 00:08:45,103 | WARNING  | HealthManager | Provider ALPHA_VANTAGE is unhealthy.
2026-07-02 00:08:45,104 | WARNING  | SourceEngine | ALPHA_VANTAGE OFFLINE
2026-07-02 00:08:45,105 | CRITICAL | SourceEngine | ALL PROVIDERS FAILED : V
2026-07-02 00:08:45,106 | INFO     | SourceEngine | REQUEST : V
2026-07-02 00:08:45,286 | WARNING  | HealthManager | Provider MASSIVE is unhealthy.
2026-07-02 00:08:45,287 | WARNING  | SourceEngine | MASSIVE OFFLINE
2026-07-02 00:08:45,813 | ERROR    | StatisticsManager | FINNHUB failed after 0.2783s
2026-07-02 00:08:45,814 | WARNING  | SourceEngine | FINNHUB : EMPTY_DATA
2026-07-02 00:08:46,021 | WARNING  | HealthManager | Provider FMP is unhealthy.
2026-07-02 00:08:46,022 | WARNING  | SourceEngine | FMP OFFLINE
2026-07-02 00:08:46,302 | WARNING  | HealthManager | Provider ALPHA_VANTAGE is unhealthy.
2026-07-02 00:08:46,303 | WARNING  | SourceEngine | ALPHA_VANTAGE OFFLINE
2026-07-02 00:08:46,304 | CRITICAL | SourceEngine | ALL PROVIDERS FAILED : V
2026-07-02 00:08:46,305 | INFO     | SourceEngine | REQUEST : MA
2026-07-02 00:08:46,641 | WARNING  | HealthManager | Provider MASSIVE is unhealthy.
2026-07-02 00:08:46,642 | WARNING  | SourceEngine | MASSIVE OFFLINE
2026-07-02 00:08:47,162 | ERROR    | StatisticsManager | FINNHUB failed after 0.2478s
2026-07-02 00:08:47,163 | WARNING  | SourceEngine | FINNHUB : EMPTY_DATA
2026-07-02 00:08:47,367 | WARNING  | HealthManager | Provider FMP is unhealthy.
2026-07-02 00:08:47,368 | WARNING  | SourceEngine | FMP OFFLINE
2026-07-02 00:08:47,580 | WARNING  | HealthManager | Provider ALPHA_VANTAGE is unhealthy.
2026-07-02 00:08:47,581 | WARNING  | SourceEngine | ALPHA_VANTAGE OFFLINE
2026-07-02 00:08:47,582 | CRITICAL | SourceEngine | ALL PROVIDERS FAILED : MA
2026-07-02 00:08:47,583 | INFO     | SourceEngine | REQUEST : MA
2026-07-02 00:08:47,786 | WARNING  | HealthManager | Provider MASSIVE is unhealthy.
2026-07-02 00:08:47,787 | WARNING  | SourceEngine | MASSIVE OFFLINE
2026-07-02 00:08:48,271 | ERROR    | StatisticsManager | FINNHUB failed after 0.2390s
2026-07-02 00:08:48,272 | WARNING  | SourceEngine | FINNHUB : EMPTY_DATA
2026-07-02 00:08:48,491 | WARNING  | HealthManager | Provider FMP is unhealthy.
2026-07-02 00:08:48,492 | WARNING  | SourceEngine | FMP OFFLINE
2026-07-02 00:08:48,696 | WARNING  | HealthManager | Provider ALPHA_VANTAGE is unhealthy.
2026-07-02 00:08:48,697 | WARNING  | SourceEngine | ALPHA_VANTAGE OFFLINE
2026-07-02 00:08:48,698 | CRITICAL | SourceEngine | ALL PROVIDERS FAILED : MA
2026-07-02 00:08:48,699 | INFO     | SourceEngine | REQUEST : MA
2026-07-02 00:08:48,900 | WARNING  | HealthManager | Provider MASSIVE is unhealthy.
2026-07-02 00:08:48,900 | WARNING  | SourceEngine | MASSIVE OFFLINE
2026-07-02 00:08:49,425 | ERROR    | StatisticsManager | FINNHUB failed after 0.2555s
2026-07-02 00:08:49,426 | WARNING  | SourceEngine | FINNHUB : EMPTY_DATA
2026-07-02 00:08:49,774 | WARNING  | HealthManager | Provider FMP is unhealthy.
2026-07-02 00:08:49,775 | WARNING  | SourceEngine | FMP OFFLINE
2026-07-02 00:08:50,003 | WARNING  | HealthManager | Provider ALPHA_VANTAGE is unhealthy.
2026-07-02 00:08:50,004 | WARNING  | SourceEngine | ALPHA_VANTAGE OFFLINE
2026-07-02 00:08:50,005 | CRITICAL | SourceEngine | ALL PROVIDERS FAILED : MA
2026-07-02 00:08:50,006 | INFO     | SourceEngine | REQUEST : LLY
2026-07-02 00:08:50,204 | WARNING  | HealthManager | Provider MASSIVE is unhealthy.
2026-07-02 00:08:50,205 | WARNING  | SourceEngine | MASSIVE OFFLINE
2026-07-02 00:08:50,763 | ERROR    | StatisticsManager | FINNHUB failed after 0.2990s
2026-07-02 00:08:50,764 | WARNING  | SourceEngine | FINNHUB : EMPTY_DATA
2026-07-02 00:08:50,987 | WARNING  | HealthManager | Provider FMP is unhealthy.
2026-07-02 00:08:50,988 | WARNING  | SourceEngine | FMP OFFLINE
2026-07-02 00:08:51,209 | WARNING  | HealthManager | Provider ALPHA_VANTAGE is unhealthy.
2026-07-02 00:08:51,210 | WARNING  | SourceEngine | ALPHA_VANTAGE OFFLINE
2026-07-02 00:08:51,211 | CRITICAL | SourceEngine | ALL PROVIDERS FAILED : LLY
2026-07-02 00:08:51,213 | INFO     | SourceEngine | REQUEST : LLY
2026-07-02 00:08:51,432 | WARNING  | HealthManager | Provider MASSIVE is unhealthy.
2026-07-02 00:08:51,433 | WARNING  | SourceEngine | MASSIVE OFFLINE
2026-07-02 00:08:51,993 | ERROR    | StatisticsManager | FINNHUB failed after 0.2680s
2026-07-02 00:08:51,994 | WARNING  | SourceEngine | FINNHUB : EMPTY_DATA
2026-07-02 00:08:52,305 | WARNING  | HealthManager | Provider FMP is unhealthy.
2026-07-02 00:08:52,305 | WARNING  | SourceEngine | FMP OFFLINE
2026-07-02 00:08:52,524 | WARNING  | HealthManager | Provider ALPHA_VANTAGE is unhealthy.
2026-07-02 00:08:52,525 | WARNING  | SourceEngine | ALPHA_VANTAGE OFFLINE
2026-07-02 00:08:52,526 | CRITICAL | SourceEngine | ALL PROVIDERS FAILED : LLY
2026-07-02 00:08:52,527 | INFO     | SourceEngine | REQUEST : LLY
2026-07-02 00:08:52,737 | WARNING  | HealthManager | Provider MASSIVE is unhealthy.
2026-07-02 00:08:52,737 | WARNING  | SourceEngine | MASSIVE OFFLINE
2026-07-02 00:08:53,262 | ERROR    | StatisticsManager | FINNHUB failed after 0.2667s
2026-07-02 00:08:53,264 | WARNING  | SourceEngine | FINNHUB : EMPTY_DATA
2026-07-02 00:08:53,500 | WARNING  | HealthManager | Provider FMP is unhealthy.
2026-07-02 00:08:53,501 | WARNING  | SourceEngine | FMP OFFLINE
2026-07-02 00:08:53,742 | WARNING  | HealthManager | Provider ALPHA_VANTAGE is unhealthy.
2026-07-02 00:08:53,743 | WARNING  | SourceEngine | ALPHA_VANTAGE OFFLINE
2026-07-02 00:08:53,744 | CRITICAL | SourceEngine | ALL PROVIDERS FAILED : LLY
2026-07-02 00:08:53,745 | INFO     | SourceEngine | REQUEST : UNH
2026-07-02 00:08:53,992 | WARNING  | HealthManager | Provider MASSIVE is unhealthy.
2026-07-02 00:08:53,993 | WARNING  | SourceEngine | MASSIVE OFFLINE
2026-07-02 00:08:54,550 | ERROR    | StatisticsManager | FINNHUB failed after 0.3055s
2026-07-02 00:08:54,551 | WARNING  | SourceEngine | FINNHUB : EMPTY_DATA
2026-07-02 00:08:55,068 | WARNING  | HealthManager | Provider FMP is unhealthy.
2026-07-02 00:08:55,068 | WARNING  | SourceEngine | FMP OFFLINE
2026-07-02 00:08:55,275 | WARNING  | HealthManager | Provider ALPHA_VANTAGE is unhealthy.
2026-07-02 00:08:55,275 | WARNING  | SourceEngine | ALPHA_VANTAGE OFFLINE
2026-07-02 00:08:55,276 | CRITICAL | SourceEngine | ALL PROVIDERS FAILED : UNH
2026-07-02 00:08:55,276 | INFO     | SourceEngine | REQUEST : UNH
2026-07-02 00:08:55,455 | WARNING  | HealthManager | Provider MASSIVE is unhealthy.
2026-07-02 00:08:55,456 | WARNING  | SourceEngine | MASSIVE OFFLINE
2026-07-02 00:08:55,945 | ERROR    | StatisticsManager | FINNHUB failed after 0.2465s
2026-07-02 00:08:55,946 | WARNING  | SourceEngine | FINNHUB : EMPTY_DATA
2026-07-02 00:08:56,153 | WARNING  | HealthManager | Provider FMP is unhealthy.
2026-07-02 00:08:56,154 | WARNING  | SourceEngine | FMP OFFLINE
2026-07-02 00:08:56,369 | WARNING  | HealthManager | Provider ALPHA_VANTAGE is unhealthy.
2026-07-02 00:08:56,370 | WARNING  | SourceEngine | ALPHA_VANTAGE OFFLINE
2026-07-02 00:08:56,371 | CRITICAL | SourceEngine | ALL PROVIDERS FAILED : UNH
2026-07-02 00:08:56,372 | INFO     | SourceEngine | REQUEST : UNH
2026-07-02 00:08:56,567 | WARNING  | HealthManager | Provider MASSIVE is unhealthy.
2026-07-02 00:08:56,568 | WARNING  | SourceEngine | MASSIVE OFFLINE
2026-07-02 00:08:57,056 | ERROR    | StatisticsManager | FINNHUB failed after 0.2444s
2026-07-02 00:08:57,058 | WARNING  | SourceEngine | FINNHUB : EMPTY_DATA
2026-07-02 00:08:57,269 | WARNING  | HealthManager | Provider FMP is unhealthy.
2026-07-02 00:08:57,270 | WARNING  | SourceEngine | FMP OFFLINE
2026-07-02 00:08:57,488 | WARNING  | HealthManager | Provider ALPHA_VANTAGE is unhealthy.
2026-07-02 00:08:57,489 | WARNING  | SourceEngine | ALPHA_VANTAGE OFFLINE
2026-07-02 00:08:57,490 | CRITICAL | SourceEngine | ALL PROVIDERS FAILED : UNH
2026-07-02 00:08:57,491 | INFO     | SourceEngine | REQUEST : ABBV
2026-07-02 00:08:57,688 | WARNING  | HealthManager | Provider MASSIVE is unhealthy.
2026-07-02 00:08:57,689 | WARNING  | SourceEngine | MASSIVE OFFLINE
2026-07-02 00:08:58,181 | ERROR    | StatisticsManager | FINNHUB failed after 0.2308s
2026-07-02 00:08:58,182 | WARNING  | SourceEngine | FINNHUB : EMPTY_DATA
2026-07-02 00:08:58,443 | WARNING  | HealthManager | Provider FMP is unhealthy.
2026-07-02 00:08:58,444 | WARNING  | SourceEngine | FMP OFFLINE
2026-07-02 00:08:58,650 | WARNING  | HealthManager | Provider ALPHA_VANTAGE is unhealthy.
2026-07-02 00:08:58,651 | WARNING  | SourceEngine | ALPHA_VANTAGE OFFLINE
2026-07-02 00:08:58,652 | CRITICAL | SourceEngine | ALL PROVIDERS FAILED : ABBV
2026-07-02 00:08:58,653 | INFO     | SourceEngine | REQUEST : ABBV
2026-07-02 00:08:58,837 | WARNING  | HealthManager | Provider MASSIVE is unhealthy.
2026-07-02 00:08:58,838 | WARNING  | SourceEngine | MASSIVE OFFLINE
2026-07-02 00:08:59,310 | ERROR    | StatisticsManager | FINNHUB failed after 0.2308s
2026-07-02 00:08:59,311 | WARNING  | SourceEngine | FINNHUB : EMPTY_DATA
2026-07-02 00:08:59,539 | WARNING  | HealthManager | Provider FMP is unhealthy.
2026-07-02 00:08:59,540 | WARNING  | SourceEngine | FMP OFFLINE
2026-07-02 00:08:59,760 | WARNING  | HealthManager | Provider ALPHA_VANTAGE is unhealthy.
2026-07-02 00:08:59,761 | WARNING  | SourceEngine | ALPHA_VANTAGE OFFLINE
2026-07-02 00:08:59,762 | CRITICAL | SourceEngine | ALL PROVIDERS FAILED : ABBV
2026-07-02 00:08:59,763 | INFO     | SourceEngine | REQUEST : ABBV
2026-07-02 00:08:59,979 | WARNING  | HealthManager | Provider MASSIVE is unhealthy.
2026-07-02 00:08:59,980 | WARNING  | SourceEngine | MASSIVE OFFLINE
2026-07-02 00:09:00,451 | ERROR    | StatisticsManager | FINNHUB failed after 0.2381s
2026-07-02 00:09:00,452 | WARNING  | SourceEngine | FINNHUB : EMPTY_DATA
2026-07-02 00:09:00,683 | WARNING  | HealthManager | Provider FMP is unhealthy.
2026-07-02 00:09:00,684 | WARNING  | SourceEngine | FMP OFFLINE
2026-07-02 00:09:00,895 | WARNING  | HealthManager | Provider ALPHA_VANTAGE is unhealthy.
2026-07-02 00:09:00,896 | WARNING  | SourceEngine | ALPHA_VANTAGE OFFLINE
2026-07-02 00:09:00,897 | CRITICAL | SourceEngine | ALL PROVIDERS FAILED : ABBV
2026-07-02 00:09:00,898 | INFO     | SourceEngine | REQUEST : ORCL
2026-07-02 00:09:01,110 | WARNING  | HealthManager | Provider MASSIVE is unhealthy.
2026-07-02 00:09:01,111 | WARNING  | SourceEngine | MASSIVE OFFLINE
2026-07-02 00:09:01,622 | ERROR    | StatisticsManager | FINNHUB failed after 0.2596s
2026-07-02 00:09:01,623 | WARNING  | SourceEngine | FINNHUB : EMPTY_DATA
2026-07-02 00:09:01,942 | WARNING  | HealthManager | Provider FMP is unhealthy.
2026-07-02 00:09:01,942 | WARNING  | SourceEngine | FMP OFFLINE
2026-07-02 00:09:02,163 | WARNING  | HealthManager | Provider ALPHA_VANTAGE is unhealthy.
2026-07-02 00:09:02,164 | WARNING  | SourceEngine | ALPHA_VANTAGE OFFLINE
2026-07-02 00:09:02,164 | CRITICAL | SourceEngine | ALL PROVIDERS FAILED : ORCL
2026-07-02 00:09:02,164 | INFO     | SourceEngine | REQUEST : ORCL
2026-07-02 00:09:02,381 | WARNING  | HealthManager | Provider MASSIVE is unhealthy.
2026-07-02 00:09:02,381 | WARNING  | SourceEngine | MASSIVE OFFLINE
2026-07-02 00:09:02,853 | ERROR    | StatisticsManager | FINNHUB failed after 0.2324s
2026-07-02 00:09:02,854 | WARNING  | SourceEngine | FINNHUB : EMPTY_DATA
2026-07-02 00:09:03,450 | WARNING  | HealthManager | Provider FMP is unhealthy.
2026-07-02 00:09:03,450 | WARNING  | SourceEngine | FMP OFFLINE
2026-07-02 00:09:03,656 | WARNING  | HealthManager | Provider ALPHA_VANTAGE is unhealthy.
2026-07-02 00:09:03,656 | WARNING  | SourceEngine | ALPHA_VANTAGE OFFLINE
2026-07-02 00:09:03,657 | CRITICAL | SourceEngine | ALL PROVIDERS FAILED : ORCL
2026-07-02 00:09:03,657 | INFO     | SourceEngine | REQUEST : ORCL
2026-07-02 00:09:03,833 | WARNING  | HealthManager | Provider MASSIVE is unhealthy.
2026-07-02 00:09:03,833 | WARNING  | SourceEngine | MASSIVE OFFLINE
2026-07-02 00:09:04,301 | ERROR    | StatisticsManager | FINNHUB failed after 0.2446s
2026-07-02 00:09:04,302 | WARNING  | SourceEngine | FINNHUB : EMPTY_DATA
2026-07-02 00:09:04,512 | WARNING  | HealthManager | Provider FMP is unhealthy.
2026-07-02 00:09:04,513 | WARNING  | SourceEngine | FMP OFFLINE
2026-07-02 00:09:04,724 | WARNING  | HealthManager | Provider ALPHA_VANTAGE is unhealthy.
2026-07-02 00:09:04,724 | WARNING  | SourceEngine | ALPHA_VANTAGE OFFLINE
2026-07-02 00:09:04,725 | CRITICAL | SourceEngine | ALL PROVIDERS FAILED : ORCL
2026-07-02 00:09:04,726 | INFO     | SourceEngine | REQUEST : APP
2026-07-02 00:09:04,905 | WARNING  | HealthManager | Provider MASSIVE is unhealthy.
2026-07-02 00:09:04,906 | WARNING  | SourceEngine | MASSIVE OFFLINE
2026-07-02 00:09:05,366 | ERROR    | StatisticsManager | FINNHUB failed after 0.2229s
2026-07-02 00:09:05,367 | WARNING  | SourceEngine | FINNHUB : EMPTY_DATA
2026-07-02 00:09:05,580 | WARNING  | HealthManager | Provider FMP is unhealthy.
2026-07-02 00:09:05,581 | WARNING  | SourceEngine | FMP OFFLINE
2026-07-02 00:09:05,801 | WARNING  | HealthManager | Provider ALPHA_VANTAGE is unhealthy.
2026-07-02 00:09:05,802 | WARNING  | SourceEngine | ALPHA_VANTAGE OFFLINE
2026-07-02 00:09:05,803 | CRITICAL | SourceEngine | ALL PROVIDERS FAILED : APP
2026-07-02 00:09:05,804 | INFO     | SourceEngine | REQUEST : APP
2026-07-02 00:09:06,003 | WARNING  | HealthManager | Provider MASSIVE is unhealthy.
2026-07-02 00:09:06,004 | WARNING  | SourceEngine | MASSIVE OFFLINE
2026-07-02 00:09:06,462 | ERROR    | StatisticsManager | FINNHUB failed after 0.2291s
2026-07-02 00:09:06,463 | WARNING  | SourceEngine | FINNHUB : EMPTY_DATA
2026-07-02 00:09:06,680 | WARNING  | HealthManager | Provider FMP is unhealthy.
2026-07-02 00:09:06,681 | WARNING  | SourceEngine | FMP OFFLINE
2026-07-02 00:09:06,909 | WARNING  | HealthManager | Provider ALPHA_VANTAGE is unhealthy.
2026-07-02 00:09:06,910 | WARNING  | SourceEngine | ALPHA_VANTAGE OFFLINE
2026-07-02 00:09:06,913 | CRITICAL | SourceEngine | ALL PROVIDERS FAILED : APP
2026-07-02 00:09:06,914 | INFO     | SourceEngine | REQUEST : APP
2026-07-02 00:09:07,114 | WARNING  | HealthManager | Provider MASSIVE is unhealthy.
2026-07-02 00:09:07,115 | WARNING  | SourceEngine | MASSIVE OFFLINE
2026-07-02 00:09:07,633 | ERROR    | StatisticsManager | FINNHUB failed after 0.2423s
2026-07-02 00:09:07,634 | WARNING  | SourceEngine | FINNHUB : EMPTY_DATA
2026-07-02 00:09:07,887 | WARNING  | HealthManager | Provider FMP is unhealthy.
2026-07-02 00:09:07,888 | WARNING  | SourceEngine | FMP OFFLINE
2026-07-02 00:09:08,106 | WARNING  | HealthManager | Provider ALPHA_VANTAGE is unhealthy.
2026-07-02 00:09:08,107 | WARNING  | SourceEngine | ALPHA_VANTAGE OFFLINE
2026-07-02 00:09:08,108 | CRITICAL | SourceEngine | ALL PROVIDERS FAILED : APP
2026-07-02 00:09:08,109 | INFO     | SourceEngine | REQUEST : UBER
2026-07-02 00:09:08,298 | WARNING  | HealthManager | Provider MASSIVE is unhealthy.
2026-07-02 00:09:08,298 | WARNING  | SourceEngine | MASSIVE OFFLINE
2026-07-02 00:09:08,840 | ERROR    | StatisticsManager | FINNHUB failed after 0.2851s
2026-07-02 00:09:08,841 | WARNING  | SourceEngine | FINNHUB : EMPTY_DATA
2026-07-02 00:09:09,055 | WARNING  | HealthManager | Provider FMP is unhealthy.
2026-07-02 00:09:09,056 | WARNING  | SourceEngine | FMP OFFLINE
2026-07-02 00:09:09,296 | WARNING  | HealthManager | Provider ALPHA_VANTAGE is unhealthy.
2026-07-02 00:09:09,297 | WARNING  | SourceEngine | ALPHA_VANTAGE OFFLINE
2026-07-02 00:09:09,298 | CRITICAL | SourceEngine | ALL PROVIDERS FAILED : UBER
2026-07-02 00:09:09,300 | INFO     | SourceEngine | REQUEST : UBER
2026-07-02 00:09:09,488 | WARNING  | HealthManager | Provider MASSIVE is unhealthy.
2026-07-02 00:09:09,489 | WARNING  | SourceEngine | MASSIVE OFFLINE
2026-07-02 00:09:09,968 | ERROR    | StatisticsManager | FINNHUB failed after 0.2413s
2026-07-02 00:09:09,968 | WARNING  | SourceEngine | FINNHUB : EMPTY_DATA
2026-07-02 00:09:10,199 | WARNING  | HealthManager | Provider FMP is unhealthy.
2026-07-02 00:09:10,200 | WARNING  | SourceEngine | FMP OFFLINE
2026-07-02 00:09:10,417 | WARNING  | HealthManager | Provider ALPHA_VANTAGE is unhealthy.
2026-07-02 00:09:10,418 | WARNING  | SourceEngine | ALPHA_VANTAGE OFFLINE
2026-07-02 00:09:10,419 | CRITICAL | SourceEngine | ALL PROVIDERS FAILED : UBER
2026-07-02 00:09:10,421 | INFO     | SourceEngine | REQUEST : UBER
2026-07-02 00:09:10,633 | WARNING  | HealthManager | Provider MASSIVE is unhealthy.
2026-07-02 00:09:10,633 | WARNING  | SourceEngine | MASSIVE OFFLINE
2026-07-02 00:09:11,086 | ERROR    | StatisticsManager | FINNHUB failed after 0.2281s
2026-07-02 00:09:11,087 | WARNING  | SourceEngine | FINNHUB : EMPTY_DATA
2026-07-02 00:09:11,320 | WARNING  | HealthManager | Provider FMP is unhealthy.
2026-07-02 00:09:11,320 | WARNING  | SourceEngine | FMP OFFLINE
2026-07-02 00:09:11,982 | WARNING  | HealthManager | Provider ALPHA_VANTAGE is unhealthy.
2026-07-02 00:09:11,982 | WARNING  | SourceEngine | ALPHA_VANTAGE OFFLINE
2026-07-02 00:09:11,983 | CRITICAL | SourceEngine | ALL PROVIDERS FAILED : UBER
2026-07-02 00:09:11,983 | INFO     | SourceEngine | REQUEST : CRM
2026-07-02 00:09:12,167 | WARNING  | HealthManager | Provider MASSIVE is unhealthy.
2026-07-02 00:09:12,167 | WARNING  | SourceEngine | MASSIVE OFFLINE
2026-07-02 00:09:12,774 | ERROR    | StatisticsManager | FINNHUB failed after 0.2970s
2026-07-02 00:09:12,775 | WARNING  | SourceEngine | FINNHUB : EMPTY_DATA
2026-07-02 00:09:12,976 | WARNING  | HealthManager | Provider FMP is unhealthy.
2026-07-02 00:09:12,976 | WARNING  | SourceEngine | FMP OFFLINE
2026-07-02 00:09:13,185 | WARNING  | HealthManager | Provider ALPHA_VANTAGE is unhealthy.
2026-07-02 00:09:13,186 | WARNING  | SourceEngine | ALPHA_VANTAGE OFFLINE
2026-07-02 00:09:13,186 | CRITICAL | SourceEngine | ALL PROVIDERS FAILED : CRM
2026-07-02 00:09:13,187 | INFO     | SourceEngine | REQUEST : CRM
2026-07-02 00:09:13,435 | WARNING  | HealthManager | Provider MASSIVE is unhealthy.
2026-07-02 00:09:13,435 | WARNING  | SourceEngine | MASSIVE OFFLINE
2026-07-02 00:09:15,745 | ERROR    | StatisticsManager | FINNHUB failed after 0.3265s
2026-07-02 00:09:15,746 | WARNING  | SourceEngine | FINNHUB : EMPTY_DATA
2026-07-02 00:09:15,952 | WARNING  | HealthManager | Provider FMP is unhealthy.
2026-07-02 00:09:15,953 | WARNING  | SourceEngine | FMP OFFLINE
2026-07-02 00:09:16,262 | WARNING  | HealthManager | Provider ALPHA_VANTAGE is unhealthy.
2026-07-02 00:09:16,263 | WARNING  | SourceEngine | ALPHA_VANTAGE OFFLINE
2026-07-02 00:09:16,263 | CRITICAL | SourceEngine | ALL PROVIDERS FAILED : CRM
2026-07-02 00:09:16,263 | INFO     | SourceEngine | REQUEST : CRM
2026-07-02 00:09:16,463 | WARNING  | HealthManager | Provider MASSIVE is unhealthy.
2026-07-02 00:09:16,463 | WARNING  | SourceEngine | MASSIVE OFFLINE
2026-07-02 00:09:17,082 | ERROR    | StatisticsManager | FINNHUB failed after 0.2868s
2026-07-02 00:09:17,083 | WARNING  | SourceEngine | FINNHUB : EMPTY_DATA
2026-07-02 00:09:17,358 | WARNING  | HealthManager | Provider FMP is unhealthy.
2026-07-02 00:09:17,359 | WARNING  | SourceEngine | FMP OFFLINE
2026-07-02 00:09:17,651 | WARNING  | HealthManager | Provider ALPHA_VANTAGE is unhealthy.
2026-07-02 00:09:17,652 | WARNING  | SourceEngine | ALPHA_VANTAGE OFFLINE
2026-07-02 00:09:17,653 | CRITICAL | SourceEngine | ALL PROVIDERS FAILED : CRM
2026-07-02 00:09:17,654 | INFO     | SourceEngine | REQUEST : ADBE
2026-07-02 00:09:17,932 | WARNING  | HealthManager | Provider MASSIVE is unhealthy.
2026-07-02 00:09:17,933 | WARNING  | SourceEngine | MASSIVE OFFLINE
2026-07-02 00:09:18,487 | ERROR    | StatisticsManager | FINNHUB failed after 0.2369s
2026-07-02 00:09:18,488 | WARNING  | SourceEngine | FINNHUB : EMPTY_DATA
2026-07-02 00:09:18,850 | WARNING  | HealthManager | Provider FMP is unhealthy.
2026-07-02 00:09:18,851 | WARNING  | SourceEngine | FMP OFFLINE
2026-07-02 00:09:19,064 | WARNING  | HealthManager | Provider ALPHA_VANTAGE is unhealthy.
2026-07-02 00:09:19,065 | WARNING  | SourceEngine | ALPHA_VANTAGE OFFLINE
2026-07-02 00:09:19,066 | CRITICAL | SourceEngine | ALL PROVIDERS FAILED : ADBE
2026-07-02 00:09:19,067 | INFO     | SourceEngine | REQUEST : ADBE
2026-07-02 00:09:19,358 | WARNING  | HealthManager | Provider MASSIVE is unhealthy.
2026-07-02 00:09:19,358 | WARNING  | SourceEngine | MASSIVE OFFLINE
2026-07-02 00:09:19,976 | ERROR    | StatisticsManager | FINNHUB failed after 0.3628s
2026-07-02 00:09:19,977 | WARNING  | SourceEngine | FINNHUB : EMPTY_DATA
2026-07-02 00:09:20,210 | WARNING  | HealthManager | Provider FMP is unhealthy.
2026-07-02 00:09:20,210 | WARNING  | SourceEngine | FMP OFFLINE
2026-07-02 00:09:20,416 | WARNING  | HealthManager | Provider ALPHA_VANTAGE is unhealthy.
2026-07-02 00:09:20,417 | WARNING  | SourceEngine | ALPHA_VANTAGE OFFLINE
2026-07-02 00:09:20,417 | CRITICAL | SourceEngine | ALL PROVIDERS FAILED : ADBE
2026-07-02 00:09:20,419 | INFO     | SourceEngine | REQUEST : ADBE
2026-07-02 00:09:20,646 | WARNING  | HealthManager | Provider MASSIVE is unhealthy.
2026-07-02 00:09:20,648 | WARNING  | SourceEngine | MASSIVE OFFLINE
2026-07-02 00:09:21,163 | ERROR    | StatisticsManager | FINNHUB failed after 0.2496s
2026-07-02 00:09:21,164 | WARNING  | SourceEngine | FINNHUB : EMPTY_DATA
2026-07-02 00:09:21,369 | WARNING  | HealthManager | Provider FMP is unhealthy.
2026-07-02 00:09:21,370 | WARNING  | SourceEngine | FMP OFFLINE
2026-07-02 00:09:21,633 | WARNING  | HealthManager | Provider ALPHA_VANTAGE is unhealthy.
2026-07-02 00:09:21,634 | WARNING  | SourceEngine | ALPHA_VANTAGE OFFLINE
2026-07-02 00:09:21,635 | CRITICAL | SourceEngine | ALL PROVIDERS FAILED : ADBE
2026-07-02 00:09:21,635 | INFO     | SourceEngine | REQUEST : BA
2026-07-02 00:09:21,821 | WARNING  | HealthManager | Provider MASSIVE is unhealthy.
2026-07-02 00:09:21,823 | WARNING  | SourceEngine | MASSIVE OFFLINE
2026-07-02 00:09:22,336 | ERROR    | StatisticsManager | FINNHUB failed after 0.2238s
2026-07-02 00:09:22,337 | WARNING  | SourceEngine | FINNHUB : EMPTY_DATA
2026-07-02 00:09:22,541 | WARNING  | HealthManager | Provider FMP is unhealthy.
2026-07-02 00:09:22,542 | WARNING  | SourceEngine | FMP OFFLINE
2026-07-02 00:09:22,774 | WARNING  | HealthManager | Provider ALPHA_VANTAGE is unhealthy.
2026-07-02 00:09:22,804 | WARNING  | SourceEngine | ALPHA_VANTAGE OFFLINE
2026-07-02 00:09:22,804 | CRITICAL | SourceEngine | ALL PROVIDERS FAILED : BA
2026-07-02 00:09:22,815 | INFO     | SourceEngine | REQUEST : BA
2026-07-02 00:09:23,348 | WARNING  | HealthManager | Provider MASSIVE is unhealthy.
2026-07-02 00:09:23,349 | WARNING  | SourceEngine | MASSIVE OFFLINE
2026-07-02 00:09:23,834 | ERROR    | StatisticsManager | FINNHUB failed after 0.2488s
2026-07-02 00:09:23,835 | WARNING  | SourceEngine | FINNHUB : EMPTY_DATA
2026-07-02 00:09:24,037 | WARNING  | HealthManager | Provider FMP is unhealthy.
2026-07-02 00:09:24,044 | WARNING  | SourceEngine | FMP OFFLINE
2026-07-02 00:09:24,277 | WARNING  | HealthManager | Provider ALPHA_VANTAGE is unhealthy.
2026-07-02 00:09:24,278 | WARNING  | SourceEngine | ALPHA_VANTAGE OFFLINE
2026-07-02 00:09:24,280 | CRITICAL | SourceEngine | ALL PROVIDERS FAILED : BA
2026-07-02 00:09:24,282 | INFO     | SourceEngine | REQUEST : BA
2026-07-02 00:09:24,465 | WARNING  | HealthManager | Provider MASSIVE is unhealthy.
2026-07-02 00:09:24,465 | WARNING  | SourceEngine | MASSIVE OFFLINE
2026-07-02 00:09:24,935 | ERROR    | StatisticsManager | FINNHUB failed after 0.2455s
2026-07-02 00:09:24,935 | WARNING  | SourceEngine | FINNHUB : EMPTY_DATA
2026-07-02 00:09:25,164 | WARNING  | HealthManager | Provider FMP is unhealthy.
2026-07-02 00:09:25,165 | WARNING  | SourceEngine | FMP OFFLINE
2026-07-02 00:09:25,379 | WARNING  | HealthManager | Provider ALPHA_VANTAGE is unhealthy.
2026-07-02 00:09:25,380 | WARNING  | SourceEngine | ALPHA_VANTAGE OFFLINE
2026-07-02 00:09:25,381 | CRITICAL | SourceEngine | ALL PROVIDERS FAILED : BA
2026-07-02 00:09:25,382 | INFO     | SourceEngine | REQUEST : TXN
2026-07-02 00:09:25,573 | WARNING  | HealthManager | Provider MASSIVE is unhealthy.
2026-07-02 00:09:25,575 | WARNING  | SourceEngine | MASSIVE OFFLINE
2026-07-02 00:09:26,092 | ERROR    | StatisticsManager | FINNHUB failed after 0.2509s
2026-07-02 00:09:26,093 | WARNING  | SourceEngine | FINNHUB : EMPTY_DATA
2026-07-02 00:09:26,321 | WARNING  | HealthManager | Provider FMP is unhealthy.
2026-07-02 00:09:26,322 | WARNING  | SourceEngine | FMP OFFLINE
2026-07-02 00:09:26,577 | WARNING  | HealthManager | Provider ALPHA_VANTAGE is unhealthy.
2026-07-02 00:09:26,578 | WARNING  | SourceEngine | ALPHA_VANTAGE OFFLINE
2026-07-02 00:09:26,580 | CRITICAL | SourceEngine | ALL PROVIDERS FAILED : TXN
2026-07-02 00:09:26,581 | INFO     | SourceEngine | REQUEST : TXN
2026-07-02 00:09:26,771 | WARNING  | HealthManager | Provider MASSIVE is unhealthy.
2026-07-02 00:09:26,772 | WARNING  | SourceEngine | MASSIVE OFFLINE
2026-07-02 00:09:27,270 | ERROR    | StatisticsManager | FINNHUB failed after 0.2396s
2026-07-02 00:09:27,271 | WARNING  | SourceEngine | FINNHUB : EMPTY_DATA
2026-07-02 00:09:27,496 | WARNING  | HealthManager | Provider FMP is unhealthy.
2026-07-02 00:09:27,497 | WARNING  | SourceEngine | FMP OFFLINE
2026-07-02 00:09:27,737 | WARNING  | HealthManager | Provider ALPHA_VANTAGE is unhealthy.
2026-07-02 00:09:27,738 | WARNING  | SourceEngine | ALPHA_VANTAGE OFFLINE
2026-07-02 00:09:27,738 | CRITICAL | SourceEngine | ALL PROVIDERS FAILED : TXN
2026-07-02 00:09:27,740 | INFO     | SourceEngine | REQUEST : TXN
2026-07-02 00:09:27,947 | WARNING  | HealthManager | Provider MASSIVE is unhealthy.
2026-07-02 00:09:27,948 | WARNING  | SourceEngine | MASSIVE OFFLINE
2026-07-02 00:09:28,511 | ERROR    | StatisticsManager | FINNHUB failed after 0.2680s
2026-07-02 00:09:28,512 | WARNING  | SourceEngine | FINNHUB : EMPTY_DATA
2026-07-02 00:09:28,728 | WARNING  | HealthManager | Provider FMP is unhealthy.
2026-07-02 00:09:28,729 | WARNING  | SourceEngine | FMP OFFLINE
2026-07-02 00:09:28,975 | WARNING  | HealthManager | Provider ALPHA_VANTAGE is unhealthy.
2026-07-02 00:09:28,976 | WARNING  | SourceEngine | ALPHA_VANTAGE OFFLINE
2026-07-02 00:09:28,977 | CRITICAL | SourceEngine | ALL PROVIDERS FAILED : TXN
2026-07-02 00:09:28,978 | INFO     | SourceEngine | REQUEST : XOM
2026-07-02 00:09:29,182 | WARNING  | HealthManager | Provider MASSIVE is unhealthy.
2026-07-02 00:09:29,183 | WARNING  | SourceEngine | MASSIVE OFFLINE
2026-07-02 00:09:29,729 | ERROR    | StatisticsManager | FINNHUB failed after 0.2792s
2026-07-02 00:09:29,730 | WARNING  | SourceEngine | FINNHUB : EMPTY_DATA
2026-07-02 00:09:29,953 | WARNING  | HealthManager | Provider FMP is unhealthy.
2026-07-02 00:09:29,953 | WARNING  | SourceEngine | FMP OFFLINE
2026-07-02 00:09:30,170 | WARNING  | HealthManager | Provider ALPHA_VANTAGE is unhealthy.
2026-07-02 00:09:30,170 | WARNING  | SourceEngine | ALPHA_VANTAGE OFFLINE
2026-07-02 00:09:30,170 | CRITICAL | SourceEngine | ALL PROVIDERS FAILED : XOM
2026-07-02 00:09:30,171 | INFO     | SourceEngine | REQUEST : XOM
2026-07-02 00:09:30,395 | WARNING  | HealthManager | Provider MASSIVE is unhealthy.
2026-07-02 00:09:30,397 | WARNING  | SourceEngine | MASSIVE OFFLINE
2026-07-02 00:09:30,903 | ERROR    | StatisticsManager | FINNHUB failed after 0.2784s
2026-07-02 00:09:30,904 | WARNING  | SourceEngine | FINNHUB : EMPTY_DATA
2026-07-02 00:09:31,126 | WARNING  | HealthManager | Provider FMP is unhealthy.
2026-07-02 00:09:31,127 | WARNING  | SourceEngine | FMP OFFLINE
2026-07-02 00:09:31,362 | WARNING  | HealthManager | Provider ALPHA_VANTAGE is unhealthy.
2026-07-02 00:09:31,364 | WARNING  | SourceEngine | ALPHA_VANTAGE OFFLINE
2026-07-02 00:09:31,365 | CRITICAL | SourceEngine | ALL PROVIDERS FAILED : XOM
2026-07-02 00:09:31,367 | INFO     | SourceEngine | REQUEST : XOM
2026-07-02 00:09:31,811 | WARNING  | HealthManager | Provider MASSIVE is unhealthy.
2026-07-02 00:09:31,812 | WARNING  | SourceEngine | MASSIVE OFFLINE
2026-07-02 00:09:32,292 | ERROR    | StatisticsManager | FINNHUB failed after 0.2425s
2026-07-02 00:09:32,293 | WARNING  | SourceEngine | FINNHUB : EMPTY_DATA
2026-07-02 00:09:32,510 | WARNING  | HealthManager | Provider FMP is unhealthy.
2026-07-02 00:09:32,510 | WARNING  | SourceEngine | FMP OFFLINE
2026-07-02 00:09:32,741 | WARNING  | HealthManager | Provider ALPHA_VANTAGE is unhealthy.
2026-07-02 00:09:32,742 | WARNING  | SourceEngine | ALPHA_VANTAGE OFFLINE
2026-07-02 00:09:32,743 | CRITICAL | SourceEngine | ALL PROVIDERS FAILED : XOM
2026-07-02 00:09:32,744 | INFO     | SourceEngine | REQUEST : CVX
2026-07-02 00:09:32,960 | WARNING  | HealthManager | Provider MASSIVE is unhealthy.
2026-07-02 00:09:32,961 | WARNING  | SourceEngine | MASSIVE OFFLINE
2026-07-02 00:09:33,455 | ERROR    | StatisticsManager | FINNHUB failed after 0.2444s
2026-07-02 00:09:33,456 | WARNING  | SourceEngine | FINNHUB : EMPTY_DATA
2026-07-02 00:09:33,692 | WARNING  | HealthManager | Provider FMP is unhealthy.
2026-07-02 00:09:33,693 | WARNING  | SourceEngine | FMP OFFLINE
2026-07-02 00:09:33,915 | WARNING  | HealthManager | Provider ALPHA_VANTAGE is unhealthy.
2026-07-02 00:09:33,916 | WARNING  | SourceEngine | ALPHA_VANTAGE OFFLINE
2026-07-02 00:09:33,917 | CRITICAL | SourceEngine | ALL PROVIDERS FAILED : CVX
2026-07-02 00:09:33,918 | INFO     | SourceEngine | REQUEST : CVX
2026-07-02 00:09:34,111 | WARNING  | HealthManager | Provider MASSIVE is unhealthy.
2026-07-02 00:09:34,111 | WARNING  | SourceEngine | MASSIVE OFFLINE
2026-07-02 00:09:34,589 | ERROR    | StatisticsManager | FINNHUB failed after 0.2240s
2026-07-02 00:09:34,590 | WARNING  | SourceEngine | FINNHUB : EMPTY_DATA
2026-07-02 00:09:34,808 | WARNING  | HealthManager | Provider FMP is unhealthy.
2026-07-02 00:09:34,809 | WARNING  | SourceEngine | FMP OFFLINE
2026-07-02 00:09:35,038 | WARNING  | HealthManager | Provider ALPHA_VANTAGE is unhealthy.
2026-07-02 00:09:35,039 | WARNING  | SourceEngine | ALPHA_VANTAGE OFFLINE
2026-07-02 00:09:35,040 | CRITICAL | SourceEngine | ALL PROVIDERS FAILED : CVX
2026-07-02 00:09:35,042 | INFO     | SourceEngine | REQUEST : CVX
2026-07-02 00:09:35,238 | WARNING  | HealthManager | Provider MASSIVE is unhealthy.
2026-07-02 00:09:35,239 | WARNING  | SourceEngine | MASSIVE OFFLINE
2026-07-02 00:09:35,713 | ERROR    | StatisticsManager | FINNHUB failed after 0.2366s
2026-07-02 00:09:35,714 | WARNING  | SourceEngine | FINNHUB : EMPTY_DATA
2026-07-02 00:09:35,931 | WARNING  | HealthManager | Provider FMP is unhealthy.
2026-07-02 00:09:35,932 | WARNING  | SourceEngine | FMP OFFLINE
2026-07-02 00:09:36,180 | WARNING  | HealthManager | Provider ALPHA_VANTAGE is unhealthy.
2026-07-02 00:09:36,186 | WARNING  | SourceEngine | ALPHA_VANTAGE OFFLINE
2026-07-02 00:09:36,199 | CRITICAL | SourceEngine | ALL PROVIDERS FAILED : CVX
2026-07-02 00:09:36,201 | INFO     | SourceEngine | REQUEST : GLD
2026-07-02 00:09:36,399 | WARNING  | HealthManager | Provider MASSIVE is unhealthy.
2026-07-02 00:09:36,400 | WARNING  | SourceEngine | MASSIVE OFFLINE
2026-07-02 00:09:36,910 | ERROR    | StatisticsManager | FINNHUB failed after 0.2656s
2026-07-02 00:09:36,910 | WARNING  | SourceEngine | FINNHUB : EMPTY_DATA
2026-07-02 00:09:37,129 | WARNING  | HealthManager | Provider FMP is unhealthy.
2026-07-02 00:09:37,130 | WARNING  | SourceEngine | FMP OFFLINE
2026-07-02 00:09:37,364 | WARNING  | HealthManager | Provider ALPHA_VANTAGE is unhealthy.
2026-07-02 00:09:37,365 | WARNING  | SourceEngine | ALPHA_VANTAGE OFFLINE
2026-07-02 00:09:37,365 | CRITICAL | SourceEngine | ALL PROVIDERS FAILED : GLD
2026-07-02 00:09:37,367 | INFO     | SourceEngine | REQUEST : GLD
2026-07-02 00:09:37,662 | WARNING  | HealthManager | Provider MASSIVE is unhealthy.
2026-07-02 00:09:37,662 | WARNING  | SourceEngine | MASSIVE OFFLINE
2026-07-02 00:09:38,154 | ERROR    | StatisticsManager | FINNHUB failed after 0.2620s
2026-07-02 00:09:38,155 | WARNING  | SourceEngine | FINNHUB : EMPTY_DATA
2026-07-02 00:09:38,355 | WARNING  | HealthManager | Provider FMP is unhealthy.
2026-07-02 00:09:38,356 | WARNING  | SourceEngine | FMP OFFLINE
2026-07-02 00:09:38,575 | WARNING  | HealthManager | Provider ALPHA_VANTAGE is unhealthy.
2026-07-02 00:09:38,577 | WARNING  | SourceEngine | ALPHA_VANTAGE OFFLINE
2026-07-02 00:09:38,578 | CRITICAL | SourceEngine | ALL PROVIDERS FAILED : GLD
2026-07-02 00:09:38,580 | INFO     | SourceEngine | REQUEST : GLD
2026-07-02 00:09:38,791 | WARNING  | HealthManager | Provider MASSIVE is unhealthy.
2026-07-02 00:09:38,792 | WARNING  | SourceEngine | MASSIVE OFFLINE
2026-07-02 00:09:39,299 | ERROR    | StatisticsManager | FINNHUB failed after 0.2520s
2026-07-02 00:09:39,299 | WARNING  | SourceEngine | FINNHUB : EMPTY_DATA
2026-07-02 00:09:39,516 | WARNING  | HealthManager | Provider FMP is unhealthy.
2026-07-02 00:09:39,517 | WARNING  | SourceEngine | FMP OFFLINE
2026-07-02 00:09:39,738 | WARNING  | HealthManager | Provider ALPHA_VANTAGE is unhealthy.
2026-07-02 00:09:39,738 | WARNING  | SourceEngine | ALPHA_VANTAGE OFFLINE
2026-07-02 00:09:39,739 | CRITICAL | SourceEngine | ALL PROVIDERS FAILED : GLD
2026-07-02 00:09:39,739 | INFO     | SourceEngine | REQUEST : BTC-USD
2026-07-02 00:09:40,232 | WARNING  | HealthManager | Provider MASSIVE is unhealthy.
2026-07-02 00:09:40,233 | WARNING  | SourceEngine | MASSIVE OFFLINE
2026-07-02 00:09:40,707 | ERROR    | StatisticsManager | FINNHUB failed after 0.2302s
2026-07-02 00:09:40,707 | WARNING  | SourceEngine | FINNHUB : EMPTY_DATA
2026-07-02 00:09:40,935 | WARNING  | HealthManager | Provider FMP is unhealthy.
2026-07-02 00:09:40,935 | WARNING  | SourceEngine | FMP OFFLINE
2026-07-02 00:09:41,159 | WARNING  | HealthManager | Provider ALPHA_VANTAGE is unhealthy.
2026-07-02 00:09:41,160 | WARNING  | SourceEngine | ALPHA_VANTAGE OFFLINE
2026-07-02 00:09:41,161 | CRITICAL | SourceEngine | ALL PROVIDERS FAILED : BTC-USD
2026-07-02 00:09:41,163 | INFO     | SourceEngine | REQUEST : BTC-USD
2026-07-02 00:09:41,348 | WARNING  | HealthManager | Provider MASSIVE is unhealthy.
2026-07-02 00:09:41,349 | WARNING  | SourceEngine | MASSIVE OFFLINE
2026-07-02 00:09:41,833 | ERROR    | StatisticsManager | FINNHUB failed after 0.2428s
2026-07-02 00:09:41,834 | WARNING  | SourceEngine | FINNHUB : EMPTY_DATA
2026-07-02 00:09:42,058 | WARNING  | HealthManager | Provider FMP is unhealthy.
2026-07-02 00:09:42,059 | WARNING  | SourceEngine | FMP OFFLINE
2026-07-02 00:09:42,276 | WARNING  | HealthManager | Provider ALPHA_VANTAGE is unhealthy.
2026-07-02 00:09:42,276 | WARNING  | SourceEngine | ALPHA_VANTAGE OFFLINE
2026-07-02 00:09:42,276 | CRITICAL | SourceEngine | ALL PROVIDERS FAILED : BTC-USD
2026-07-02 00:09:42,277 | INFO     | SourceEngine | REQUEST : BTC-USD
2026-07-02 00:09:42,450 | WARNING  | HealthManager | Provider MASSIVE is unhealthy.
2026-07-02 00:09:42,451 | WARNING  | SourceEngine | MASSIVE OFFLINE
2026-07-02 00:09:42,901 | ERROR    | StatisticsManager | FINNHUB failed after 0.2239s
2026-07-02 00:09:42,901 | WARNING  | SourceEngine | FINNHUB : EMPTY_DATA
2026-07-02 00:09:43,107 | WARNING  | HealthManager | Provider FMP is unhealthy.
2026-07-02 00:09:43,108 | WARNING  | SourceEngine | FMP OFFLINE
2026-07-02 00:09:43,325 | WARNING  | HealthManager | Provider ALPHA_VANTAGE is unhealthy.
2026-07-02 00:09:43,326 | WARNING  | SourceEngine | ALPHA_VANTAGE OFFLINE
2026-07-02 00:09:43,326 | CRITICAL | SourceEngine | ALL PROVIDERS FAILED : BTC-USD
2026-07-02 00:10:43,328 | INFO     | SourceEngine | REQUEST : SPX
2026-07-02 00:10:43,524 | WARNING  | HealthManager | Provider MASSIVE is unhealthy.
2026-07-02 00:10:43,525 | WARNING  | SourceEngine | MASSIVE OFFLINE
2026-07-02 00:10:44,073 | ERROR    | StatisticsManager | FINNHUB failed after 0.2824s
2026-07-02 00:10:44,074 | WARNING  | SourceEngine | FINNHUB : EMPTY_DATA
2026-07-02 00:10:45,648 | WARNING  | HealthManager | Provider FMP is unhealthy.
2026-07-02 00:10:45,649 | WARNING  | SourceEngine | FMP OFFLINE
2026-07-02 00:10:45,899 | WARNING  | HealthManager | Provider ALPHA_VANTAGE is unhealthy.
2026-07-02 00:10:45,900 | WARNING  | SourceEngine | ALPHA_VANTAGE OFFLINE
2026-07-02 00:10:45,901 | CRITICAL | SourceEngine | ALL PROVIDERS FAILED : SPX
2026-07-02 00:10:45,903 | INFO     | SourceEngine | REQUEST : SPX
2026-07-02 00:10:46,218 | WARNING  | HealthManager | Provider MASSIVE is unhealthy.
2026-07-02 00:10:46,219 | WARNING  | SourceEngine | MASSIVE OFFLINE
2026-07-02 00:10:46,768 | ERROR    | StatisticsManager | FINNHUB failed after 0.2793s
2026-07-02 00:10:46,769 | WARNING  | SourceEngine | FINNHUB : EMPTY_DATA
2026-07-02 00:10:46,966 | WARNING  | HealthManager | Provider FMP is unhealthy.
2026-07-02 00:10:46,967 | WARNING  | SourceEngine | FMP OFFLINE
2026-07-02 00:10:47,214 | WARNING  | HealthManager | Provider ALPHA_VANTAGE is unhealthy.
2026-07-02 00:10:47,216 | WARNING  | SourceEngine | ALPHA_VANTAGE OFFLINE
2026-07-02 00:10:47,217 | CRITICAL | SourceEngine | ALL PROVIDERS FAILED : SPX
2026-07-02 00:10:47,218 | INFO     | SourceEngine | REQUEST : SPX
2026-07-02 00:10:47,434 | WARNING  | HealthManager | Provider MASSIVE is unhealthy.
2026-07-02 00:10:47,435 | WARNING  | SourceEngine | MASSIVE OFFLINE
2026-07-02 00:10:48,073 | ERROR    | StatisticsManager | FINNHUB failed after 0.2586s
2026-07-02 00:10:48,074 | WARNING  | SourceEngine | FINNHUB : EMPTY_DATA
2026-07-02 00:10:48,298 | WARNING  | HealthManager | Provider FMP is unhealthy.
2026-07-02 00:10:48,299 | WARNING  | SourceEngine | FMP OFFLINE
2026-07-02 00:10:48,623 | WARNING  | HealthManager | Provider ALPHA_VANTAGE is unhealthy.
2026-07-02 00:10:48,624 | WARNING  | SourceEngine | ALPHA_VANTAGE OFFLINE
2026-07-02 00:10:48,625 | CRITICAL | SourceEngine | ALL PROVIDERS FAILED : SPX
2026-07-02 00:10:48,626 | INFO     | SourceEngine | REQUEST : NASDAQ
2026-07-02 00:10:48,865 | WARNING  | HealthManager | Provider MASSIVE is unhealthy.
2026-07-02 00:10:48,866 | WARNING  | SourceEngine | MASSIVE OFFLINE
2026-07-02 00:10:49,649 | ERROR    | StatisticsManager | FINNHUB failed after 0.4679s
2026-07-02 00:10:49,650 | WARNING  | SourceEngine | FINNHUB : EMPTY_DATA
2026-07-02 00:10:49,848 | WARNING  | HealthManager | Provider FMP is unhealthy.
2026-07-02 00:10:49,849 | WARNING  | SourceEngine | FMP OFFLINE
2026-07-02 00:10:50,089 | WARNING  | HealthManager | Provider ALPHA_VANTAGE is unhealthy.
2026-07-02 00:10:50,090 | WARNING  | SourceEngine | ALPHA_VANTAGE OFFLINE
2026-07-02 00:10:50,091 | CRITICAL | SourceEngine | ALL PROVIDERS FAILED : NASDAQ
2026-07-02 00:10:50,093 | INFO     | SourceEngine | REQUEST : NASDAQ
2026-07-02 00:10:50,302 | WARNING  | HealthManager | Provider MASSIVE is unhealthy.
2026-07-02 00:10:50,304 | WARNING  | SourceEngine | MASSIVE OFFLINE
2026-07-02 00:10:50,819 | ERROR    | StatisticsManager | FINNHUB failed after 0.2490s
2026-07-02 00:10:50,820 | WARNING  | SourceEngine | FINNHUB : EMPTY_DATA
2026-07-02 00:10:51,040 | WARNING  | HealthManager | Provider FMP is unhealthy.
2026-07-02 00:10:51,041 | WARNING  | SourceEngine | FMP OFFLINE
2026-07-02 00:10:51,270 | WARNING  | HealthManager | Provider ALPHA_VANTAGE is unhealthy.
2026-07-02 00:10:51,271 | WARNING  | SourceEngine | ALPHA_VANTAGE OFFLINE
2026-07-02 00:10:51,272 | CRITICAL | SourceEngine | ALL PROVIDERS FAILED : NASDAQ
2026-07-02 00:10:51,274 | INFO     | SourceEngine | REQUEST : NASDAQ
2026-07-02 00:10:51,477 | WARNING  | HealthManager | Provider MASSIVE is unhealthy.
2026-07-02 00:10:51,478 | WARNING  | SourceEngine | MASSIVE OFFLINE
2026-07-02 00:10:51,965 | ERROR    | StatisticsManager | FINNHUB failed after 0.2443s
2026-07-02 00:10:51,967 | WARNING  | SourceEngine | FINNHUB : EMPTY_DATA
2026-07-02 00:10:52,164 | WARNING  | HealthManager | Provider FMP is unhealthy.
2026-07-02 00:10:52,166 | WARNING  | SourceEngine | FMP OFFLINE
2026-07-02 00:10:52,379 | WARNING  | HealthManager | Provider ALPHA_VANTAGE is unhealthy.
2026-07-02 00:10:52,381 | WARNING  | SourceEngine | ALPHA_VANTAGE OFFLINE
2026-07-02 00:10:52,382 | CRITICAL | SourceEngine | ALL PROVIDERS FAILED : NASDAQ
2026-07-02 00:10:52,382 | INFO     | SourceEngine | REQUEST : SPY
2026-07-02 00:10:52,598 | WARNING  | HealthManager | Provider MASSIVE is unhealthy.
2026-07-02 00:10:52,599 | WARNING  | SourceEngine | MASSIVE OFFLINE
2026-07-02 00:10:53,096 | ERROR    | StatisticsManager | FINNHUB failed after 0.2483s
2026-07-02 00:10:53,097 | WARNING  | SourceEngine | FINNHUB : EMPTY_DATA
2026-07-02 00:10:53,310 | WARNING  | HealthManager | Provider FMP is unhealthy.
2026-07-02 00:10:53,311 | WARNING  | SourceEngine | FMP OFFLINE
2026-07-02 00:10:53,538 | WARNING  | HealthManager | Provider ALPHA_VANTAGE is unhealthy.
2026-07-02 00:10:53,540 | WARNING  | SourceEngine | ALPHA_VANTAGE OFFLINE
2026-07-02 00:10:53,541 | CRITICAL | SourceEngine | ALL PROVIDERS FAILED : SPY
2026-07-02 00:10:53,542 | INFO     | SourceEngine | REQUEST : SPY
2026-07-02 00:10:53,740 | WARNING  | HealthManager | Provider MASSIVE is unhealthy.
2026-07-02 00:10:53,741 | WARNING  | SourceEngine | MASSIVE OFFLINE
2026-07-02 00:10:54,256 | ERROR    | StatisticsManager | FINNHUB failed after 0.2620s
2026-07-02 00:10:54,257 | WARNING  | SourceEngine | FINNHUB : EMPTY_DATA
2026-07-02 00:10:54,463 | WARNING  | HealthManager | Provider FMP is unhealthy.
2026-07-02 00:10:54,464 | WARNING  | SourceEngine | FMP OFFLINE
2026-07-02 00:10:54,694 | WARNING  | HealthManager | Provider ALPHA_VANTAGE is unhealthy.
2026-07-02 00:10:54,695 | WARNING  | SourceEngine | ALPHA_VANTAGE OFFLINE
2026-07-02 00:10:54,696 | CRITICAL | SourceEngine | ALL PROVIDERS FAILED : SPY
2026-07-02 00:10:54,697 | INFO     | SourceEngine | REQUEST : SPY
2026-07-02 00:10:54,897 | WARNING  | HealthManager | Provider MASSIVE is unhealthy.
2026-07-02 00:10:54,898 | WARNING  | SourceEngine | MASSIVE OFFLINE
2026-07-02 00:10:55,410 | ERROR    | StatisticsManager | FINNHUB failed after 0.2362s
2026-07-02 00:10:55,411 | WARNING  | SourceEngine | FINNHUB : EMPTY_DATA
2026-07-02 00:10:55,620 | WARNING  | HealthManager | Provider FMP is unhealthy.
2026-07-02 00:10:55,621 | WARNING  | SourceEngine | FMP OFFLINE
2026-07-02 00:10:55,847 | WARNING  | HealthManager | Provider ALPHA_VANTAGE is unhealthy.
2026-07-02 00:10:55,849 | WARNING  | SourceEngine | ALPHA_VANTAGE OFFLINE
2026-07-02 00:10:55,850 | CRITICAL | SourceEngine | ALL PROVIDERS FAILED : SPY
2026-07-02 00:10:55,850 | INFO     | SourceEngine | REQUEST : QQQ
2026-07-02 00:10:56,044 | WARNING  | HealthManager | Provider MASSIVE is unhealthy.
2026-07-02 00:10:56,045 | WARNING  | SourceEngine | MASSIVE OFFLINE
2026-07-02 00:10:56,538 | ERROR    | StatisticsManager | FINNHUB failed after 0.2423s
2026-07-02 00:10:56,539 | WARNING  | SourceEngine | FINNHUB : EMPTY_DATA
2026-07-02 00:10:56,756 | WARNING  | HealthManager | Provider FMP is unhealthy.
2026-07-02 00:10:56,758 | WARNING  | SourceEngine | FMP OFFLINE
2026-07-02 00:10:57,001 | WARNING  | HealthManager | Provider ALPHA_VANTAGE is unhealthy.
2026-07-02 00:10:57,002 | WARNING  | SourceEngine | ALPHA_VANTAGE OFFLINE
2026-07-02 00:10:57,003 | CRITICAL | SourceEngine | ALL PROVIDERS FAILED : QQQ
2026-07-02 00:10:57,005 | INFO     | SourceEngine | REQUEST : QQQ
2026-07-02 00:10:57,250 | WARNING  | HealthManager | Provider MASSIVE is unhealthy.
2026-07-02 00:10:57,251 | WARNING  | SourceEngine | MASSIVE OFFLINE
2026-07-02 00:10:58,097 | ERROR    | StatisticsManager | FINNHUB failed after 0.4685s
2026-07-02 00:10:58,098 | WARNING  | SourceEngine | FINNHUB : EMPTY_DATA
2026-07-02 00:10:58,312 | WARNING  | HealthManager | Provider FMP is unhealthy.
2026-07-02 00:10:58,313 | WARNING  | SourceEngine | FMP OFFLINE
2026-07-02 00:10:58,529 | WARNING  | HealthManager | Provider ALPHA_VANTAGE is unhealthy.
2026-07-02 00:10:58,531 | WARNING  | SourceEngine | ALPHA_VANTAGE OFFLINE
2026-07-02 00:10:58,532 | CRITICAL | SourceEngine | ALL PROVIDERS FAILED : QQQ
2026-07-02 00:10:58,533 | INFO     | SourceEngine | REQUEST : QQQ
2026-07-02 00:10:58,754 | WARNING  | HealthManager | Provider MASSIVE is unhealthy.
2026-07-02 00:10:58,755 | WARNING  | SourceEngine | MASSIVE OFFLINE
2026-07-02 00:10:59,232 | ERROR    | StatisticsManager | FINNHUB failed after 0.2319s
2026-07-02 00:10:59,233 | WARNING  | SourceEngine | FINNHUB : EMPTY_DATA
2026-07-02 00:10:59,438 | WARNING  | HealthManager | Provider FMP is unhealthy.
2026-07-02 00:10:59,440 | WARNING  | SourceEngine | FMP OFFLINE
2026-07-02 00:10:59,683 | WARNING  | HealthManager | Provider ALPHA_VANTAGE is unhealthy.
2026-07-02 00:10:59,684 | WARNING  | SourceEngine | ALPHA_VANTAGE OFFLINE
2026-07-02 00:10:59,685 | CRITICAL | SourceEngine | ALL PROVIDERS FAILED : QQQ
2026-07-02 00:10:59,686 | INFO     | SourceEngine | REQUEST : NVDA
2026-07-02 00:10:59,898 | WARNING  | HealthManager | Provider MASSIVE is unhealthy.
2026-07-02 00:10:59,899 | WARNING  | SourceEngine | MASSIVE OFFLINE
2026-07-02 00:11:00,458 | ERROR    | StatisticsManager | FINNHUB failed after 0.2983s
2026-07-02 00:11:00,459 | WARNING  | SourceEngine | FINNHUB : EMPTY_DATA
2026-07-02 00:11:00,677 | WARNING  | HealthManager | Provider FMP is unhealthy.
2026-07-02 00:11:00,678 | WARNING  | SourceEngine | FMP OFFLINE
2026-07-02 00:11:00,892 | WARNING  | HealthManager | Provider ALPHA_VANTAGE is unhealthy.
2026-07-02 00:11:00,894 | WARNING  | SourceEngine | ALPHA_VANTAGE OFFLINE
2026-07-02 00:11:00,895 | CRITICAL | SourceEngine | ALL PROVIDERS FAILED : NVDA
2026-07-02 00:11:00,896 | INFO     | SourceEngine | REQUEST : NVDA
2026-07-02 00:11:01,107 | WARNING  | HealthManager | Provider MASSIVE is unhealthy.
2026-07-02 00:11:01,108 | WARNING  | SourceEngine | MASSIVE OFFLINE
2026-07-02 00:11:01,592 | ERROR    | StatisticsManager | FINNHUB failed after 0.2426s
2026-07-02 00:11:01,593 | WARNING  | SourceEngine | FINNHUB : EMPTY_DATA
2026-07-02 00:11:01,842 | WARNING  | HealthManager | Provider FMP is unhealthy.
2026-07-02 00:11:01,844 | WARNING  | SourceEngine | FMP OFFLINE
2026-07-02 00:11:02,063 | WARNING  | HealthManager | Provider ALPHA_VANTAGE is unhealthy.
2026-07-02 00:11:02,064 | WARNING  | SourceEngine | ALPHA_VANTAGE OFFLINE
2026-07-02 00:11:02,065 | CRITICAL | SourceEngine | ALL PROVIDERS FAILED : NVDA
2026-07-02 00:11:02,066 | INFO     | SourceEngine | REQUEST : NVDA
2026-07-02 00:11:02,265 | WARNING  | HealthManager | Provider MASSIVE is unhealthy.
2026-07-02 00:11:02,266 | WARNING  | SourceEngine | MASSIVE OFFLINE
2026-07-02 00:11:02,744 | ERROR    | StatisticsManager | FINNHUB failed after 0.2390s
2026-07-02 00:11:02,745 | WARNING  | SourceEngine | FINNHUB : EMPTY_DATA
2026-07-02 00:11:03,024 | WARNING  | HealthManager | Provider FMP is unhealthy.
2026-07-02 00:11:03,025 | WARNING  | SourceEngine | FMP OFFLINE
2026-07-02 00:11:03,266 | WARNING  | HealthManager | Provider ALPHA_VANTAGE is unhealthy.
2026-07-02 00:11:03,268 | WARNING  | SourceEngine | ALPHA_VANTAGE OFFLINE
2026-07-02 00:11:03,269 | CRITICAL | SourceEngine | ALL PROVIDERS FAILED : NVDA
2026-07-02 00:11:03,269 | INFO     | SourceEngine | REQUEST : AAPL
2026-07-02 00:11:03,474 | WARNING  | HealthManager | Provider MASSIVE is unhealthy.
2026-07-02 00:11:03,475 | WARNING  | SourceEngine | MASSIVE OFFLINE
2026-07-02 00:11:03,967 | ERROR    | StatisticsManager | FINNHUB failed after 0.2452s
2026-07-02 00:11:03,968 | WARNING  | SourceEngine | FINNHUB : EMPTY_DATA
2026-07-02 00:11:04,178 | WARNING  | HealthManager | Provider FMP is unhealthy.
2026-07-02 00:11:04,179 | WARNING  | SourceEngine | FMP OFFLINE
2026-07-02 00:11:04,449 | WARNING  | HealthManager | Provider ALPHA_VANTAGE is unhealthy.
2026-07-02 00:11:04,450 | WARNING  | SourceEngine | ALPHA_VANTAGE OFFLINE
2026-07-02 00:11:04,451 | CRITICAL | SourceEngine | ALL PROVIDERS FAILED : AAPL
2026-07-02 00:11:04,453 | INFO     | SourceEngine | REQUEST : AAPL
2026-07-02 00:11:04,658 | WARNING  | HealthManager | Provider MASSIVE is unhealthy.
2026-07-02 00:11:04,659 | WARNING  | SourceEngine | MASSIVE OFFLINE
2026-07-02 00:11:05,171 | ERROR    | StatisticsManager | FINNHUB failed after 0.2523s
2026-07-02 00:11:05,172 | WARNING  | SourceEngine | FINNHUB : EMPTY_DATA
2026-07-02 00:11:05,448 | WARNING  | HealthManager | Provider FMP is unhealthy.
2026-07-02 00:11:05,449 | WARNING  | SourceEngine | FMP OFFLINE
2026-07-02 00:11:05,710 | WARNING  | HealthManager | Provider ALPHA_VANTAGE is unhealthy.
2026-07-02 00:11:05,713 | WARNING  | SourceEngine | ALPHA_VANTAGE OFFLINE
2026-07-02 00:11:05,714 | CRITICAL | SourceEngine | ALL PROVIDERS FAILED : AAPL
2026-07-02 00:11:05,715 | INFO     | SourceEngine | REQUEST : AAPL
2026-07-02 00:11:05,925 | WARNING  | HealthManager | Provider MASSIVE is unhealthy.
2026-07-02 00:11:05,927 | WARNING  | SourceEngine | MASSIVE OFFLINE
2026-07-02 00:11:06,455 | ERROR    | StatisticsManager | FINNHUB failed after 0.2696s
2026-07-02 00:11:06,456 | WARNING  | SourceEngine | FINNHUB : EMPTY_DATA
2026-07-02 00:11:08,159 | WARNING  | HealthManager | Provider FMP is unhealthy.
2026-07-02 00:11:08,160 | WARNING  | SourceEngine | FMP OFFLINE
2026-07-02 00:11:08,417 | WARNING  | HealthManager | Provider ALPHA_VANTAGE is unhealthy.
2026-07-02 00:11:08,419 | WARNING  | SourceEngine | ALPHA_VANTAGE OFFLINE
2026-07-02 00:11:08,420 | CRITICAL | SourceEngine | ALL PROVIDERS FAILED : AAPL
2026-07-02 00:11:08,421 | INFO     | SourceEngine | REQUEST : MSFT
2026-07-02 00:11:08,625 | WARNING  | HealthManager | Provider MASSIVE is unhealthy.
2026-07-02 00:11:08,626 | WARNING  | SourceEngine | MASSIVE OFFLINE
2026-07-02 00:11:09,115 | ERROR    | StatisticsManager | FINNHUB failed after 0.2521s
2026-07-02 00:11:09,116 | WARNING  | SourceEngine | FINNHUB : EMPTY_DATA
2026-07-02 00:11:09,339 | WARNING  | HealthManager | Provider FMP is unhealthy.
2026-07-02 00:11:09,340 | WARNING  | SourceEngine | FMP OFFLINE
2026-07-02 00:11:09,564 | WARNING  | HealthManager | Provider ALPHA_VANTAGE is unhealthy.
2026-07-02 00:11:09,565 | WARNING  | SourceEngine | ALPHA_VANTAGE OFFLINE
2026-07-02 00:11:09,566 | CRITICAL | SourceEngine | ALL PROVIDERS FAILED : MSFT
2026-07-02 00:11:09,567 | INFO     | SourceEngine | REQUEST : MSFT
2026-07-02 00:11:09,768 | WARNING  | HealthManager | Provider MASSIVE is unhealthy.
2026-07-02 00:11:09,769 | WARNING  | SourceEngine | MASSIVE OFFLINE
2026-07-02 00:11:10,278 | ERROR    | StatisticsManager | FINNHUB failed after 0.2408s
2026-07-02 00:11:10,279 | WARNING  | SourceEngine | FINNHUB : EMPTY_DATA
2026-07-02 00:11:10,475 | WARNING  | HealthManager | Provider FMP is unhealthy.
2026-07-02 00:11:10,476 | WARNING  | SourceEngine | FMP OFFLINE
2026-07-02 00:11:10,716 | WARNING  | HealthManager | Provider ALPHA_VANTAGE is unhealthy.
2026-07-02 00:11:10,717 | WARNING  | SourceEngine | ALPHA_VANTAGE OFFLINE
2026-07-02 00:11:10,718 | CRITICAL | SourceEngine | ALL PROVIDERS FAILED : MSFT
2026-07-02 00:11:10,720 | INFO     | SourceEngine | REQUEST : MSFT
2026-07-02 00:11:11,002 | WARNING  | HealthManager | Provider MASSIVE is unhealthy.
2026-07-02 00:11:11,003 | WARNING  | SourceEngine | MASSIVE OFFLINE
2026-07-02 00:11:11,902 | ERROR    | StatisticsManager | FINNHUB failed after 0.2643s
2026-07-02 00:11:11,903 | WARNING  | SourceEngine | FINNHUB : EMPTY_DATA
2026-07-02 00:11:12,157 | WARNING  | HealthManager | Provider FMP is unhealthy.
2026-07-02 00:11:12,159 | WARNING  | SourceEngine | FMP OFFLINE
2026-07-02 00:11:12,367 | WARNING  | HealthManager | Provider ALPHA_VANTAGE is unhealthy.
2026-07-02 00:11:12,369 | WARNING  | SourceEngine | ALPHA_VANTAGE OFFLINE
2026-07-02 00:11:12,370 | CRITICAL | SourceEngine | ALL PROVIDERS FAILED : MSFT
2026-07-02 00:11:12,371 | INFO     | SourceEngine | REQUEST : META
2026-07-02 00:11:12,572 | WARNING  | HealthManager | Provider MASSIVE is unhealthy.
2026-07-02 00:11:12,573 | WARNING  | SourceEngine | MASSIVE OFFLINE
2026-07-02 00:11:13,122 | ERROR    | StatisticsManager | FINNHUB failed after 0.2710s
2026-07-02 00:11:13,123 | WARNING  | SourceEngine | FINNHUB : EMPTY_DATA
2026-07-02 00:11:13,345 | WARNING  | HealthManager | Provider FMP is unhealthy.
2026-07-02 00:11:13,346 | WARNING  | SourceEngine | FMP OFFLINE
2026-07-02 00:11:13,759 | WARNING  | HealthManager | Provider ALPHA_VANTAGE is unhealthy.
2026-07-02 00:11:13,760 | WARNING  | SourceEngine | ALPHA_VANTAGE OFFLINE
2026-07-02 00:11:13,761 | CRITICAL | SourceEngine | ALL PROVIDERS FAILED : META
2026-07-02 00:11:13,762 | INFO     | SourceEngine | REQUEST : ^GSPC
2026-07-02 00:11:13,974 | WARNING  | HealthManager | Provider MASSIVE is unhealthy.
2026-07-02 00:11:13,976 | WARNING  | SourceEngine | MASSIVE OFFLINE
2026-07-02 00:11:14,467 | ERROR    | StatisticsManager | FINNHUB failed after 0.2422s
2026-07-02 00:11:14,468 | WARNING  | SourceEngine | FINNHUB : EMPTY_DATA
2026-07-02 00:11:14,682 | WARNING  | HealthManager | Provider FMP is unhealthy.
2026-07-02 00:11:14,683 | WARNING  | SourceEngine | FMP OFFLINE
2026-07-02 00:11:14,902 | WARNING  | HealthManager | Provider ALPHA_VANTAGE is unhealthy.
2026-07-02 00:11:14,903 | WARNING  | SourceEngine | ALPHA_VANTAGE OFFLINE
2026-07-02 00:11:14,904 | CRITICAL | SourceEngine | ALL PROVIDERS FAILED : ^GSPC
2026-07-02 00:11:14,906 | INFO     | SourceEngine | REQUEST : META
2026-07-02 00:11:15,102 | WARNING  | HealthManager | Provider MASSIVE is unhealthy.
2026-07-02 00:11:15,103 | WARNING  | SourceEngine | MASSIVE OFFLINE
2026-07-02 00:11:15,624 | ERROR    | StatisticsManager | FINNHUB failed after 0.2623s
2026-07-02 00:11:15,626 | WARNING  | SourceEngine | FINNHUB : EMPTY_DATA
2026-07-02 00:11:15,838 | WARNING  | HealthManager | Provider FMP is unhealthy.
2026-07-02 00:11:15,839 | WARNING  | SourceEngine | FMP OFFLINE
2026-07-02 00:11:16,080 | WARNING  | HealthManager | Provider ALPHA_VANTAGE is unhealthy.
2026-07-02 00:11:16,081 | WARNING  | SourceEngine | ALPHA_VANTAGE OFFLINE
2026-07-02 00:11:16,082 | CRITICAL | SourceEngine | ALL PROVIDERS FAILED : META
2026-07-02 00:11:16,082 | INFO     | SourceEngine | REQUEST : META
2026-07-02 00:11:16,285 | WARNING  | HealthManager | Provider MASSIVE is unhealthy.
2026-07-02 00:11:16,285 | WARNING  | SourceEngine | MASSIVE OFFLINE
2026-07-02 00:11:16,821 | ERROR    | StatisticsManager | FINNHUB failed after 0.2825s
2026-07-02 00:11:16,826 | WARNING  | SourceEngine | FINNHUB : EMPTY_DATA
2026-07-02 00:11:17,064 | WARNING  | HealthManager | Provider FMP is unhealthy.
2026-07-02 00:11:17,067 | WARNING  | SourceEngine | FMP OFFLINE
2026-07-02 00:11:17,325 | WARNING  | HealthManager | Provider ALPHA_VANTAGE is unhealthy.
2026-07-02 00:11:17,325 | WARNING  | SourceEngine | ALPHA_VANTAGE OFFLINE
2026-07-02 00:11:17,325 | CRITICAL | SourceEngine | ALL PROVIDERS FAILED : META
2026-07-02 00:11:17,325 | INFO     | SourceEngine | REQUEST : AMZN
2026-07-02 00:11:17,520 | WARNING  | HealthManager | Provider MASSIVE is unhealthy.
2026-07-02 00:11:17,521 | WARNING  | SourceEngine | MASSIVE OFFLINE
2026-07-02 00:11:18,052 | ERROR    | StatisticsManager | FINNHUB failed after 0.2545s
2026-07-02 00:11:18,053 | WARNING  | SourceEngine | FINNHUB : EMPTY_DATA
2026-07-02 00:11:18,259 | WARNING  | HealthManager | Provider FMP is unhealthy.
2026-07-02 00:11:18,259 | WARNING  | SourceEngine | FMP OFFLINE
2026-07-02 00:11:18,521 | WARNING  | HealthManager | Provider ALPHA_VANTAGE is unhealthy.
2026-07-02 00:11:18,522 | WARNING  | SourceEngine | ALPHA_VANTAGE OFFLINE
2026-07-02 00:11:18,523 | CRITICAL | SourceEngine | ALL PROVIDERS FAILED : AMZN
2026-07-02 00:11:18,525 | INFO     | SourceEngine | REQUEST : AMZN
2026-07-02 00:11:18,720 | WARNING  | HealthManager | Provider MASSIVE is unhealthy.
2026-07-02 00:11:18,721 | WARNING  | SourceEngine | MASSIVE OFFLINE
2026-07-02 00:11:19,267 | ERROR    | StatisticsManager | FINNHUB failed after 0.2557s
2026-07-02 00:11:19,268 | WARNING  | SourceEngine | FINNHUB : EMPTY_DATA
2026-07-02 00:11:19,472 | WARNING  | HealthManager | Provider FMP is unhealthy.
2026-07-02 00:11:19,473 | WARNING  | SourceEngine | FMP OFFLINE
2026-07-02 00:11:19,702 | WARNING  | HealthManager | Provider ALPHA_VANTAGE is unhealthy.
2026-07-02 00:11:19,703 | WARNING  | SourceEngine | ALPHA_VANTAGE OFFLINE
2026-07-02 00:11:19,704 | CRITICAL | SourceEngine | ALL PROVIDERS FAILED : AMZN
2026-07-02 00:11:19,706 | INFO     | SourceEngine | REQUEST : AMZN
2026-07-02 00:11:19,893 | WARNING  | HealthManager | Provider MASSIVE is unhealthy.
2026-07-02 00:11:19,895 | WARNING  | SourceEngine | MASSIVE OFFLINE
2026-07-02 00:11:20,475 | ERROR    | StatisticsManager | FINNHUB failed after 0.3327s
2026-07-02 00:11:20,476 | WARNING  | SourceEngine | FINNHUB : EMPTY_DATA
2026-07-02 00:11:20,698 | WARNING  | HealthManager | Provider FMP is unhealthy.
2026-07-02 00:11:20,699 | WARNING  | SourceEngine | FMP OFFLINE
2026-07-02 00:11:20,926 | WARNING  | HealthManager | Provider ALPHA_VANTAGE is unhealthy.
2026-07-02 00:11:20,927 | WARNING  | SourceEngine | ALPHA_VANTAGE OFFLINE
2026-07-02 00:11:20,928 | CRITICAL | SourceEngine | ALL PROVIDERS FAILED : AMZN
2026-07-02 00:11:20,929 | INFO     | SourceEngine | REQUEST : GOOGL
2026-07-02 00:11:21,150 | WARNING  | HealthManager | Provider MASSIVE is unhealthy.
2026-07-02 00:11:21,151 | WARNING  | SourceEngine | MASSIVE OFFLINE
2026-07-02 00:11:21,654 | ERROR    | StatisticsManager | FINNHUB failed after 0.2401s
2026-07-02 00:11:21,655 | WARNING  | SourceEngine | FINNHUB : EMPTY_DATA
2026-07-02 00:11:21,885 | WARNING  | HealthManager | Provider FMP is unhealthy.
2026-07-02 00:11:21,886 | WARNING  | SourceEngine | FMP OFFLINE
2026-07-02 00:11:22,109 | WARNING  | HealthManager | Provider ALPHA_VANTAGE is unhealthy.
2026-07-02 00:11:22,111 | WARNING  | SourceEngine | ALPHA_VANTAGE OFFLINE
2026-07-02 00:11:22,112 | CRITICAL | SourceEngine | ALL PROVIDERS FAILED : GOOGL
2026-07-02 00:11:22,114 | INFO     | SourceEngine | REQUEST : GOOGL
2026-07-02 00:11:22,335 | WARNING  | HealthManager | Provider MASSIVE is unhealthy.
2026-07-02 00:11:22,336 | WARNING  | SourceEngine | MASSIVE OFFLINE
2026-07-02 00:11:22,883 | ERROR    | StatisticsManager | FINNHUB failed after 0.2821s
2026-07-02 00:11:22,884 | WARNING  | SourceEngine | FINNHUB : EMPTY_DATA
2026-07-02 00:11:23,088 | WARNING  | HealthManager | Provider FMP is unhealthy.
2026-07-02 00:11:23,089 | WARNING  | SourceEngine | FMP OFFLINE
2026-07-02 00:11:23,331 | WARNING  | HealthManager | Provider ALPHA_VANTAGE is unhealthy.
2026-07-02 00:11:23,332 | WARNING  | SourceEngine | ALPHA_VANTAGE OFFLINE
2026-07-02 00:11:23,333 | CRITICAL | SourceEngine | ALL PROVIDERS FAILED : GOOGL
2026-07-02 00:11:23,335 | INFO     | SourceEngine | REQUEST : GOOGL
2026-07-02 00:11:23,525 | WARNING  | HealthManager | Provider MASSIVE is unhealthy.
2026-07-02 00:11:23,525 | WARNING  | SourceEngine | MASSIVE OFFLINE
2026-07-02 00:11:24,068 | ERROR    | StatisticsManager | FINNHUB failed after 0.2581s
2026-07-02 00:11:24,069 | WARNING  | SourceEngine | FINNHUB : EMPTY_DATA
2026-07-02 00:11:24,318 | WARNING  | HealthManager | Provider FMP is unhealthy.
2026-07-02 00:11:24,319 | WARNING  | SourceEngine | FMP OFFLINE
2026-07-02 00:11:24,531 | WARNING  | HealthManager | Provider ALPHA_VANTAGE is unhealthy.
2026-07-02 00:11:24,532 | WARNING  | SourceEngine | ALPHA_VANTAGE OFFLINE
2026-07-02 00:11:24,533 | CRITICAL | SourceEngine | ALL PROVIDERS FAILED : GOOGL
2026-07-02 00:11:24,534 | INFO     | SourceEngine | REQUEST : AVGO
2026-07-02 00:11:24,743 | WARNING  | HealthManager | Provider MASSIVE is unhealthy.
2026-07-02 00:11:24,744 | WARNING  | SourceEngine | MASSIVE OFFLINE
2026-07-02 00:11:25,227 | ERROR    | StatisticsManager | FINNHUB failed after 0.2381s
2026-07-02 00:11:25,228 | WARNING  | SourceEngine | FINNHUB : EMPTY_DATA
2026-07-02 00:11:25,428 | WARNING  | HealthManager | Provider FMP is unhealthy.
2026-07-02 00:11:25,429 | WARNING  | SourceEngine | FMP OFFLINE
2026-07-02 00:11:25,646 | WARNING  | HealthManager | Provider ALPHA_VANTAGE is unhealthy.
2026-07-02 00:11:25,648 | WARNING  | SourceEngine | ALPHA_VANTAGE OFFLINE
2026-07-02 00:11:25,649 | CRITICAL | SourceEngine | ALL PROVIDERS FAILED : AVGO
2026-07-02 00:11:25,650 | INFO     | SourceEngine | REQUEST : AVGO
2026-07-02 00:11:25,848 | WARNING  | HealthManager | Provider MASSIVE is unhealthy.
2026-07-02 00:11:25,849 | WARNING  | SourceEngine | MASSIVE OFFLINE
2026-07-02 00:11:26,370 | ERROR    | StatisticsManager | FINNHUB failed after 0.2747s
2026-07-02 00:11:26,372 | WARNING  | SourceEngine | FINNHUB : EMPTY_DATA
2026-07-02 00:11:26,595 | WARNING  | HealthManager | Provider FMP is unhealthy.
2026-07-02 00:11:26,596 | WARNING  | SourceEngine | FMP OFFLINE
2026-07-02 00:11:26,817 | WARNING  | HealthManager | Provider ALPHA_VANTAGE is unhealthy.
2026-07-02 00:11:26,818 | WARNING  | SourceEngine | ALPHA_VANTAGE OFFLINE
2026-07-02 00:11:26,819 | CRITICAL | SourceEngine | ALL PROVIDERS FAILED : AVGO
2026-07-02 00:11:26,820 | INFO     | SourceEngine | REQUEST : AVGO
2026-07-02 00:11:27,038 | WARNING  | HealthManager | Provider MASSIVE is unhealthy.
2026-07-02 00:11:27,039 | WARNING  | SourceEngine | MASSIVE OFFLINE
2026-07-02 00:11:27,533 | ERROR    | StatisticsManager | FINNHUB failed after 0.2634s
2026-07-02 00:11:27,534 | WARNING  | SourceEngine | FINNHUB : EMPTY_DATA
2026-07-02 00:11:27,745 | WARNING  | HealthManager | Provider FMP is unhealthy.
2026-07-02 00:11:27,746 | WARNING  | SourceEngine | FMP OFFLINE
2026-07-02 00:11:27,968 | WARNING  | HealthManager | Provider ALPHA_VANTAGE is unhealthy.
2026-07-02 00:11:27,969 | WARNING  | SourceEngine | ALPHA_VANTAGE OFFLINE
2026-07-02 00:11:27,970 | CRITICAL | SourceEngine | ALL PROVIDERS FAILED : AVGO
2026-07-02 00:11:27,971 | INFO     | SourceEngine | REQUEST : TSLA
2026-07-02 00:11:28,195 | WARNING  | HealthManager | Provider MASSIVE is unhealthy.
2026-07-02 00:11:28,196 | WARNING  | SourceEngine | MASSIVE OFFLINE
2026-07-02 00:11:28,677 | ERROR    | StatisticsManager | FINNHUB failed after 0.2386s
2026-07-02 00:11:28,678 | WARNING  | SourceEngine | FINNHUB : EMPTY_DATA
2026-07-02 00:11:28,892 | WARNING  | HealthManager | Provider FMP is unhealthy.
2026-07-02 00:11:28,893 | WARNING  | SourceEngine | FMP OFFLINE
2026-07-02 00:11:29,144 | WARNING  | HealthManager | Provider ALPHA_VANTAGE is unhealthy.
2026-07-02 00:11:29,145 | WARNING  | SourceEngine | ALPHA_VANTAGE OFFLINE
2026-07-02 00:11:29,146 | CRITICAL | SourceEngine | ALL PROVIDERS FAILED : TSLA
2026-07-02 00:11:29,148 | INFO     | SourceEngine | REQUEST : TSLA
2026-07-02 00:11:29,336 | WARNING  | HealthManager | Provider MASSIVE is unhealthy.
2026-07-02 00:11:29,337 | WARNING  | SourceEngine | MASSIVE OFFLINE
2026-07-02 00:11:30,067 | ERROR    | StatisticsManager | FINNHUB failed after 0.3270s
2026-07-02 00:11:30,068 | WARNING  | SourceEngine | FINNHUB : EMPTY_DATA
2026-07-02 00:11:30,280 | WARNING  | HealthManager | Provider FMP is unhealthy.
2026-07-02 00:11:30,282 | WARNING  | SourceEngine | FMP OFFLINE
2026-07-02 00:11:30,498 | WARNING  | HealthManager | Provider ALPHA_VANTAGE is unhealthy.
2026-07-02 00:11:30,499 | WARNING  | SourceEngine | ALPHA_VANTAGE OFFLINE
2026-07-02 00:11:30,500 | CRITICAL | SourceEngine | ALL PROVIDERS FAILED : TSLA
2026-07-02 00:11:30,501 | INFO     | SourceEngine | REQUEST : TSLA
2026-07-02 00:11:30,701 | WARNING  | HealthManager | Provider MASSIVE is unhealthy.
2026-07-02 00:11:30,702 | WARNING  | SourceEngine | MASSIVE OFFLINE
2026-07-02 00:11:31,155 | ERROR    | StatisticsManager | FINNHUB failed after 0.2253s
2026-07-02 00:11:31,155 | WARNING  | SourceEngine | FINNHUB : EMPTY_DATA
2026-07-02 00:11:31,350 | WARNING  | HealthManager | Provider FMP is unhealthy.
2026-07-02 00:11:31,350 | WARNING  | SourceEngine | FMP OFFLINE
2026-07-02 00:11:31,559 | WARNING  | HealthManager | Provider ALPHA_VANTAGE is unhealthy.
2026-07-02 00:11:31,560 | WARNING  | SourceEngine | ALPHA_VANTAGE OFFLINE
2026-07-02 00:11:31,561 | CRITICAL | SourceEngine | ALL PROVIDERS FAILED : TSLA
2026-07-02 00:11:31,562 | INFO     | SourceEngine | REQUEST : NFLX
2026-07-02 00:11:33,053 | WARNING  | HealthManager | Provider MASSIVE is unhealthy.
2026-07-02 00:11:33,053 | WARNING  | SourceEngine | MASSIVE OFFLINE
2026-07-02 00:11:33,718 | ERROR    | StatisticsManager | FINNHUB failed after 0.3978s
2026-07-02 00:11:33,719 | WARNING  | SourceEngine | FINNHUB : EMPTY_DATA
2026-07-02 00:11:34,014 | WARNING  | HealthManager | Provider FMP is unhealthy.
2026-07-02 00:11:34,015 | WARNING  | SourceEngine | FMP OFFLINE
2026-07-02 00:11:34,277 | WARNING  | HealthManager | Provider ALPHA_VANTAGE is unhealthy.
2026-07-02 00:11:34,278 | WARNING  | SourceEngine | ALPHA_VANTAGE OFFLINE
2026-07-02 00:11:34,279 | CRITICAL | SourceEngine | ALL PROVIDERS FAILED : NFLX
2026-07-02 00:11:34,280 | INFO     | SourceEngine | REQUEST : NFLX
2026-07-02 00:11:34,474 | WARNING  | HealthManager | Provider MASSIVE is unhealthy.
2026-07-02 00:11:34,475 | WARNING  | SourceEngine | MASSIVE OFFLINE
2026-07-02 00:11:34,993 | ERROR    | StatisticsManager | FINNHUB failed after 0.2593s
2026-07-02 00:11:34,994 | WARNING  | SourceEngine | FINNHUB : EMPTY_DATA
2026-07-02 00:11:35,266 | WARNING  | HealthManager | Provider FMP is unhealthy.
2026-07-02 00:11:35,267 | WARNING  | SourceEngine | FMP OFFLINE
2026-07-02 00:11:35,533 | WARNING  | HealthManager | Provider ALPHA_VANTAGE is unhealthy.
2026-07-02 00:11:35,534 | WARNING  | SourceEngine | ALPHA_VANTAGE OFFLINE
2026-07-02 00:11:35,535 | CRITICAL | SourceEngine | ALL PROVIDERS FAILED : NFLX
2026-07-02 00:11:35,537 | INFO     | SourceEngine | REQUEST : NFLX
2026-07-02 00:11:35,757 | WARNING  | HealthManager | Provider MASSIVE is unhealthy.
2026-07-02 00:11:35,758 | WARNING  | SourceEngine | MASSIVE OFFLINE
2026-07-02 00:11:36,274 | ERROR    | StatisticsManager | FINNHUB failed after 0.2577s
2026-07-02 00:11:36,275 | WARNING  | SourceEngine | FINNHUB : EMPTY_DATA
2026-07-02 00:11:36,488 | WARNING  | HealthManager | Provider FMP is unhealthy.
2026-07-02 00:11:36,489 | WARNING  | SourceEngine | FMP OFFLINE
2026-07-02 00:11:36,712 | WARNING  | HealthManager | Provider ALPHA_VANTAGE is unhealthy.
2026-07-02 00:11:36,713 | WARNING  | SourceEngine | ALPHA_VANTAGE OFFLINE
2026-07-02 00:11:36,714 | CRITICAL | SourceEngine | ALL PROVIDERS FAILED : NFLX
2026-07-02 00:11:36,714 | INFO     | SourceEngine | REQUEST : AMD
2026-07-02 00:11:36,933 | WARNING  | HealthManager | Provider MASSIVE is unhealthy.
2026-07-02 00:11:36,935 | WARNING  | SourceEngine | MASSIVE OFFLINE
2026-07-02 00:11:37,453 | ERROR    | StatisticsManager | FINNHUB failed after 0.2485s
2026-07-02 00:11:37,454 | WARNING  | SourceEngine | FINNHUB : EMPTY_DATA
2026-07-02 00:11:37,648 | WARNING  | HealthManager | Provider FMP is unhealthy.
2026-07-02 00:11:37,649 | WARNING  | SourceEngine | FMP OFFLINE
2026-07-02 00:11:37,866 | WARNING  | HealthManager | Provider ALPHA_VANTAGE is unhealthy.
2026-07-02 00:11:37,868 | WARNING  | SourceEngine | ALPHA_VANTAGE OFFLINE
2026-07-02 00:11:37,869 | CRITICAL | SourceEngine | ALL PROVIDERS FAILED : AMD
2026-07-02 00:11:37,870 | INFO     | SourceEngine | REQUEST : AMD
2026-07-02 00:11:38,058 | WARNING  | HealthManager | Provider MASSIVE is unhealthy.
2026-07-02 00:11:38,059 | WARNING  | SourceEngine | MASSIVE OFFLINE
2026-07-02 00:11:38,511 | ERROR    | StatisticsManager | FINNHUB failed after 0.2244s
2026-07-02 00:11:38,512 | WARNING  | SourceEngine | FINNHUB : EMPTY_DATA
2026-07-02 00:11:38,719 | WARNING  | HealthManager | Provider FMP is unhealthy.
2026-07-02 00:11:38,721 | WARNING  | SourceEngine | FMP OFFLINE
2026-07-02 00:11:38,952 | WARNING  | HealthManager | Provider ALPHA_VANTAGE is unhealthy.
2026-07-02 00:11:38,953 | WARNING  | SourceEngine | ALPHA_VANTAGE OFFLINE
2026-07-02 00:11:38,954 | CRITICAL | SourceEngine | ALL PROVIDERS FAILED : AMD
2026-07-02 00:11:38,955 | INFO     | SourceEngine | REQUEST : AMD
2026-07-02 00:11:39,976 | WARNING  | HealthManager | Provider MASSIVE is unhealthy.
2026-07-02 00:11:39,977 | WARNING  | SourceEngine | MASSIVE OFFLINE
2026-07-02 00:11:40,513 | ERROR    | StatisticsManager | FINNHUB failed after 0.2840s
2026-07-02 00:11:40,514 | WARNING  | SourceEngine | FINNHUB : EMPTY_DATA
2026-07-02 00:11:40,730 | WARNING  | HealthManager | Provider FMP is unhealthy.
2026-07-02 00:11:40,731 | WARNING  | SourceEngine | FMP OFFLINE
2026-07-02 00:11:40,950 | WARNING  | HealthManager | Provider ALPHA_VANTAGE is unhealthy.
2026-07-02 00:11:40,951 | WARNING  | SourceEngine | ALPHA_VANTAGE OFFLINE
2026-07-02 00:11:40,952 | CRITICAL | SourceEngine | ALL PROVIDERS FAILED : AMD
2026-07-02 00:11:40,953 | INFO     | SourceEngine | REQUEST : CRWD
2026-07-02 00:11:41,177 | WARNING  | HealthManager | Provider MASSIVE is unhealthy.
2026-07-02 00:11:41,178 | WARNING  | SourceEngine | MASSIVE OFFLINE
2026-07-02 00:11:41,630 | ERROR    | StatisticsManager | FINNHUB failed after 0.2258s
2026-07-02 00:11:41,631 | WARNING  | SourceEngine | FINNHUB : EMPTY_DATA
2026-07-02 00:11:41,820 | WARNING  | HealthManager | Provider FMP is unhealthy.
2026-07-02 00:11:41,821 | WARNING  | SourceEngine | FMP OFFLINE
2026-07-02 00:11:42,047 | WARNING  | HealthManager | Provider ALPHA_VANTAGE is unhealthy.
2026-07-02 00:11:42,048 | WARNING  | SourceEngine | ALPHA_VANTAGE OFFLINE
2026-07-02 00:11:42,049 | CRITICAL | SourceEngine | ALL PROVIDERS FAILED : CRWD
2026-07-02 00:11:42,050 | INFO     | SourceEngine | REQUEST : CRWD
2026-07-02 00:11:42,272 | WARNING  | HealthManager | Provider MASSIVE is unhealthy.
2026-07-02 00:11:42,274 | WARNING  | SourceEngine | MASSIVE OFFLINE
2026-07-02 00:11:42,761 | ERROR    | StatisticsManager | FINNHUB failed after 0.2406s
2026-07-02 00:11:42,762 | WARNING  | SourceEngine | FINNHUB : EMPTY_DATA
2026-07-02 00:11:43,005 | WARNING  | HealthManager | Provider FMP is unhealthy.
2026-07-02 00:11:43,006 | WARNING  | SourceEngine | FMP OFFLINE
2026-07-02 00:11:43,573 | WARNING  | HealthManager | Provider ALPHA_VANTAGE is unhealthy.
2026-07-02 00:11:43,574 | WARNING  | SourceEngine | ALPHA_VANTAGE OFFLINE
2026-07-02 00:11:43,575 | CRITICAL | SourceEngine | ALL PROVIDERS FAILED : CRWD
2026-07-02 00:11:43,577 | INFO     | SourceEngine | REQUEST : CRWD
2026-07-02 00:11:43,811 | WARNING  | HealthManager | Provider MASSIVE is unhealthy.
2026-07-02 00:11:43,812 | WARNING  | SourceEngine | MASSIVE OFFLINE
2026-07-02 00:11:44,296 | ERROR    | StatisticsManager | FINNHUB failed after 0.2477s
2026-07-02 00:11:44,297 | WARNING  | SourceEngine | FINNHUB : EMPTY_DATA
2026-07-02 00:11:44,516 | WARNING  | HealthManager | Provider FMP is unhealthy.
2026-07-02 00:11:44,516 | WARNING  | SourceEngine | FMP OFFLINE
2026-07-02 00:11:44,731 | WARNING  | HealthManager | Provider ALPHA_VANTAGE is unhealthy.
2026-07-02 00:11:44,731 | WARNING  | SourceEngine | ALPHA_VANTAGE OFFLINE
2026-07-02 00:11:44,732 | CRITICAL | SourceEngine | ALL PROVIDERS FAILED : CRWD
2026-07-02 00:11:44,732 | INFO     | SourceEngine | REQUEST : PLTR
2026-07-02 00:11:44,936 | WARNING  | HealthManager | Provider MASSIVE is unhealthy.
2026-07-02 00:11:44,937 | WARNING  | SourceEngine | MASSIVE OFFLINE
2026-07-02 00:11:45,394 | ERROR    | StatisticsManager | FINNHUB failed after 0.2311s
2026-07-02 00:11:45,395 | WARNING  | SourceEngine | FINNHUB : EMPTY_DATA
2026-07-02 00:11:45,589 | WARNING  | HealthManager | Provider FMP is unhealthy.
2026-07-02 00:11:45,590 | WARNING  | SourceEngine | FMP OFFLINE
2026-07-02 00:11:45,812 | WARNING  | HealthManager | Provider ALPHA_VANTAGE is unhealthy.
2026-07-02 00:11:45,813 | WARNING  | SourceEngine | ALPHA_VANTAGE OFFLINE
2026-07-02 00:11:45,814 | CRITICAL | SourceEngine | ALL PROVIDERS FAILED : PLTR
2026-07-02 00:11:45,816 | INFO     | SourceEngine | REQUEST : PLTR
2026-07-02 00:11:46,034 | WARNING  | HealthManager | Provider MASSIVE is unhealthy.
2026-07-02 00:11:46,035 | WARNING  | SourceEngine | MASSIVE OFFLINE
2026-07-02 00:11:46,544 | ERROR    | StatisticsManager | FINNHUB failed after 0.2403s
2026-07-02 00:11:46,545 | WARNING  | SourceEngine | FINNHUB : EMPTY_DATA
2026-07-02 00:11:46,747 | WARNING  | HealthManager | Provider FMP is unhealthy.
2026-07-02 00:11:46,748 | WARNING  | SourceEngine | FMP OFFLINE
2026-07-02 00:11:46,977 | WARNING  | HealthManager | Provider ALPHA_VANTAGE is unhealthy.
2026-07-02 00:11:46,978 | WARNING  | SourceEngine | ALPHA_VANTAGE OFFLINE
2026-07-02 00:11:46,979 | CRITICAL | SourceEngine | ALL PROVIDERS FAILED : PLTR
2026-07-02 00:11:46,981 | INFO     | SourceEngine | REQUEST : PLTR
2026-07-02 00:11:47,200 | WARNING  | HealthManager | Provider MASSIVE is unhealthy.
2026-07-02 00:11:47,201 | WARNING  | SourceEngine | MASSIVE OFFLINE
2026-07-02 00:11:47,720 | ERROR    | StatisticsManager | FINNHUB failed after 0.2638s
2026-07-02 00:11:47,721 | WARNING  | SourceEngine | FINNHUB : EMPTY_DATA
2026-07-02 00:11:48,031 | WARNING  | HealthManager | Provider FMP is unhealthy.
2026-07-02 00:11:48,032 | WARNING  | SourceEngine | FMP OFFLINE
2026-07-02 00:11:48,242 | WARNING  | HealthManager | Provider ALPHA_VANTAGE is unhealthy.
2026-07-02 00:11:48,243 | WARNING  | SourceEngine | ALPHA_VANTAGE OFFLINE
2026-07-02 00:11:48,244 | CRITICAL | SourceEngine | ALL PROVIDERS FAILED : PLTR
2026-07-02 00:11:48,245 | INFO     | SourceEngine | REQUEST : COST
2026-07-02 00:11:48,464 | WARNING  | HealthManager | Provider MASSIVE is unhealthy.
2026-07-02 00:11:48,465 | WARNING  | SourceEngine | MASSIVE OFFLINE
2026-07-02 00:11:48,938 | ERROR    | StatisticsManager | FINNHUB failed after 0.2360s
2026-07-02 00:11:48,939 | WARNING  | SourceEngine | FINNHUB : EMPTY_DATA
2026-07-02 00:11:49,151 | WARNING  | HealthManager | Provider FMP is unhealthy.
2026-07-02 00:11:49,152 | WARNING  | SourceEngine | FMP OFFLINE
2026-07-02 00:11:49,368 | WARNING  | HealthManager | Provider ALPHA_VANTAGE is unhealthy.
2026-07-02 00:11:49,369 | WARNING  | SourceEngine | ALPHA_VANTAGE OFFLINE
2026-07-02 00:11:49,370 | CRITICAL | SourceEngine | ALL PROVIDERS FAILED : COST
2026-07-02 00:11:49,371 | INFO     | SourceEngine | REQUEST : COST
2026-07-02 00:11:49,589 | WARNING  | HealthManager | Provider MASSIVE is unhealthy.
2026-07-02 00:11:49,590 | WARNING  | SourceEngine | MASSIVE OFFLINE
2026-07-02 00:11:50,071 | ERROR    | StatisticsManager | FINNHUB failed after 0.2403s
2026-07-02 00:11:50,073 | WARNING  | SourceEngine | FINNHUB : EMPTY_DATA
2026-07-02 00:11:50,295 | WARNING  | HealthManager | Provider FMP is unhealthy.
2026-07-02 00:11:50,296 | WARNING  | SourceEngine | FMP OFFLINE
2026-07-02 00:11:50,600 | WARNING  | HealthManager | Provider ALPHA_VANTAGE is unhealthy.
2026-07-02 00:11:50,601 | WARNING  | SourceEngine | ALPHA_VANTAGE OFFLINE
2026-07-02 00:11:50,602 | CRITICAL | SourceEngine | ALL PROVIDERS FAILED : COST
2026-07-02 00:11:50,604 | INFO     | SourceEngine | REQUEST : COST
2026-07-02 00:11:51,116 | WARNING  | HealthManager | Provider MASSIVE is unhealthy.
2026-07-02 00:11:51,117 | WARNING  | SourceEngine | MASSIVE OFFLINE
2026-07-02 00:11:51,921 | ERROR    | StatisticsManager | FINNHUB failed after 0.3472s
2026-07-02 00:11:51,922 | WARNING  | SourceEngine | FINNHUB : EMPTY_DATA
2026-07-02 00:11:52,136 | WARNING  | HealthManager | Provider FMP is unhealthy.
2026-07-02 00:11:52,136 | WARNING  | SourceEngine | FMP OFFLINE
2026-07-02 00:11:52,445 | WARNING  | HealthManager | Provider ALPHA_VANTAGE is unhealthy.
2026-07-02 00:11:52,446 | WARNING  | SourceEngine | ALPHA_VANTAGE OFFLINE
2026-07-02 00:11:52,447 | CRITICAL | SourceEngine | ALL PROVIDERS FAILED : COST
2026-07-02 00:11:52,448 | INFO     | SourceEngine | REQUEST : SHOP
2026-07-02 00:11:52,659 | WARNING  | HealthManager | Provider MASSIVE is unhealthy.
2026-07-02 00:11:52,660 | WARNING  | SourceEngine | MASSIVE OFFLINE
2026-07-02 00:11:53,144 | ERROR    | StatisticsManager | FINNHUB failed after 0.2494s
2026-07-02 00:11:53,145 | WARNING  | SourceEngine | FINNHUB : EMPTY_DATA
2026-07-02 00:11:53,351 | WARNING  | HealthManager | Provider FMP is unhealthy.
2026-07-02 00:11:53,352 | WARNING  | SourceEngine | FMP OFFLINE
2026-07-02 00:11:53,595 | WARNING  | HealthManager | Provider ALPHA_VANTAGE is unhealthy.
2026-07-02 00:11:53,596 | WARNING  | SourceEngine | ALPHA_VANTAGE OFFLINE
2026-07-02 00:11:53,597 | CRITICAL | SourceEngine | ALL PROVIDERS FAILED : SHOP
2026-07-02 00:11:53,599 | INFO     | SourceEngine | REQUEST : SHOP
2026-07-02 00:11:53,825 | WARNING  | HealthManager | Provider MASSIVE is unhealthy.
2026-07-02 00:11:53,826 | WARNING  | SourceEngine | MASSIVE OFFLINE
2026-07-02 00:11:54,363 | ERROR    | StatisticsManager | FINNHUB failed after 0.2429s
2026-07-02 00:11:54,364 | WARNING  | SourceEngine | FINNHUB : EMPTY_DATA
2026-07-02 00:11:54,584 | WARNING  | HealthManager | Provider FMP is unhealthy.
2026-07-02 00:11:54,585 | WARNING  | SourceEngine | FMP OFFLINE
2026-07-02 00:11:54,821 | WARNING  | HealthManager | Provider ALPHA_VANTAGE is unhealthy.
2026-07-02 00:11:54,822 | WARNING  | SourceEngine | ALPHA_VANTAGE OFFLINE
2026-07-02 00:11:54,823 | CRITICAL | SourceEngine | ALL PROVIDERS FAILED : SHOP
2026-07-02 00:11:54,824 | INFO     | SourceEngine | REQUEST : SHOP
2026-07-02 00:11:55,069 | WARNING  | HealthManager | Provider MASSIVE is unhealthy.
2026-07-02 00:11:55,070 | WARNING  | SourceEngine | MASSIVE OFFLINE
2026-07-02 00:11:55,583 | ERROR    | StatisticsManager | FINNHUB failed after 0.2501s
2026-07-02 00:11:55,584 | WARNING  | SourceEngine | FINNHUB : EMPTY_DATA
2026-07-02 00:11:55,789 | WARNING  | HealthManager | Provider FMP is unhealthy.
2026-07-02 00:11:55,790 | WARNING  | SourceEngine | FMP OFFLINE
2026-07-02 00:11:56,024 | WARNING  | HealthManager | Provider ALPHA_VANTAGE is unhealthy.
2026-07-02 00:11:56,025 | WARNING  | SourceEngine | ALPHA_VANTAGE OFFLINE
2026-07-02 00:11:56,026 | CRITICAL | SourceEngine | ALL PROVIDERS FAILED : SHOP
2026-07-02 00:11:56,027 | INFO     | SourceEngine | REQUEST : COIN
2026-07-02 00:11:56,253 | WARNING  | HealthManager | Provider MASSIVE is unhealthy.
2026-07-02 00:11:56,253 | WARNING  | SourceEngine | MASSIVE OFFLINE
2026-07-02 00:11:56,738 | ERROR    | StatisticsManager | FINNHUB failed after 0.2415s
2026-07-02 00:11:56,739 | WARNING  | SourceEngine | FINNHUB : EMPTY_DATA
2026-07-02 00:11:56,960 | WARNING  | HealthManager | Provider FMP is unhealthy.
2026-07-02 00:11:56,960 | WARNING  | SourceEngine | FMP OFFLINE
2026-07-02 00:11:57,194 | WARNING  | HealthManager | Provider ALPHA_VANTAGE is unhealthy.
2026-07-02 00:11:57,195 | WARNING  | SourceEngine | ALPHA_VANTAGE OFFLINE
2026-07-02 00:11:57,195 | CRITICAL | SourceEngine | ALL PROVIDERS FAILED : COIN
2026-07-02 00:11:57,196 | INFO     | SourceEngine | REQUEST : COIN
2026-07-02 00:11:57,424 | WARNING  | HealthManager | Provider MASSIVE is unhealthy.
2026-07-02 00:11:57,425 | WARNING  | SourceEngine | MASSIVE OFFLINE
2026-07-02 00:11:57,972 | ERROR    | StatisticsManager | FINNHUB failed after 0.2871s
2026-07-02 00:11:57,973 | WARNING  | SourceEngine | FINNHUB : EMPTY_DATA
2026-07-02 00:11:58,200 | WARNING  | HealthManager | Provider FMP is unhealthy.
2026-07-02 00:11:58,202 | WARNING  | SourceEngine | FMP OFFLINE
2026-07-02 00:11:58,436 | WARNING  | HealthManager | Provider ALPHA_VANTAGE is unhealthy.
2026-07-02 00:11:58,437 | WARNING  | SourceEngine | ALPHA_VANTAGE OFFLINE
2026-07-02 00:11:58,438 | CRITICAL | SourceEngine | ALL PROVIDERS FAILED : COIN
2026-07-02 00:11:58,440 | INFO     | SourceEngine | REQUEST : COIN
2026-07-02 00:11:58,692 | WARNING  | HealthManager | Provider MASSIVE is unhealthy.
2026-07-02 00:11:58,693 | WARNING  | SourceEngine | MASSIVE OFFLINE
2026-07-02 00:11:59,168 | ERROR    | StatisticsManager | FINNHUB failed after 0.2427s
2026-07-02 00:11:59,169 | WARNING  | SourceEngine | FINNHUB : EMPTY_DATA
2026-07-02 00:11:59,376 | WARNING  | HealthManager | Provider FMP is unhealthy.
2026-07-02 00:11:59,377 | WARNING  | SourceEngine | FMP OFFLINE
2026-07-02 00:11:59,598 | WARNING  | HealthManager | Provider ALPHA_VANTAGE is unhealthy.
2026-07-02 00:11:59,599 | WARNING  | SourceEngine | ALPHA_VANTAGE OFFLINE
2026-07-02 00:11:59,600 | CRITICAL | SourceEngine | ALL PROVIDERS FAILED : COIN
2026-07-02 00:11:59,601 | INFO     | SourceEngine | REQUEST : BABA
2026-07-02 00:11:59,830 | WARNING  | HealthManager | Provider MASSIVE is unhealthy.
2026-07-02 00:11:59,831 | WARNING  | SourceEngine | MASSIVE OFFLINE
2026-07-02 00:12:00,591 | ERROR    | StatisticsManager | FINNHUB failed after 0.2497s
2026-07-02 00:12:00,592 | WARNING  | SourceEngine | FINNHUB : EMPTY_DATA
2026-07-02 00:12:00,811 | WARNING  | HealthManager | Provider FMP is unhealthy.
2026-07-02 00:12:00,812 | WARNING  | SourceEngine | FMP OFFLINE
2026-07-02 00:12:01,038 | WARNING  | HealthManager | Provider ALPHA_VANTAGE is unhealthy.
2026-07-02 00:12:01,039 | WARNING  | SourceEngine | ALPHA_VANTAGE OFFLINE
2026-07-02 00:12:01,040 | CRITICAL | SourceEngine | ALL PROVIDERS FAILED : BABA
2026-07-02 00:12:01,042 | INFO     | SourceEngine | REQUEST : BABA
2026-07-02 00:12:01,254 | WARNING  | HealthManager | Provider MASSIVE is unhealthy.
2026-07-02 00:12:01,255 | WARNING  | SourceEngine | MASSIVE OFFLINE
2026-07-02 00:12:01,723 | ERROR    | StatisticsManager | FINNHUB failed after 0.2361s
2026-07-02 00:12:01,724 | WARNING  | SourceEngine | FINNHUB : EMPTY_DATA
2026-07-02 00:12:02,275 | WARNING  | HealthManager | Provider FMP is unhealthy.
2026-07-02 00:12:02,276 | WARNING  | SourceEngine | FMP OFFLINE
2026-07-02 00:12:02,487 | WARNING  | HealthManager | Provider ALPHA_VANTAGE is unhealthy.
2026-07-02 00:12:02,488 | WARNING  | SourceEngine | ALPHA_VANTAGE OFFLINE
2026-07-02 00:12:02,489 | CRITICAL | SourceEngine | ALL PROVIDERS FAILED : BABA
2026-07-02 00:12:02,491 | INFO     | SourceEngine | REQUEST : BABA
2026-07-02 00:12:02,700 | WARNING  | HealthManager | Provider MASSIVE is unhealthy.
2026-07-02 00:12:02,701 | WARNING  | SourceEngine | MASSIVE OFFLINE
2026-07-02 00:12:03,216 | ERROR    | StatisticsManager | FINNHUB failed after 0.2606s
2026-07-02 00:12:03,217 | WARNING  | SourceEngine | FINNHUB : EMPTY_DATA
2026-07-02 00:12:03,427 | WARNING  | HealthManager | Provider FMP is unhealthy.
2026-07-02 00:12:03,430 | WARNING  | SourceEngine | FMP OFFLINE
2026-07-02 00:12:03,653 | WARNING  | HealthManager | Provider ALPHA_VANTAGE is unhealthy.
2026-07-02 00:12:03,654 | WARNING  | SourceEngine | ALPHA_VANTAGE OFFLINE
2026-07-02 00:12:03,655 | CRITICAL | SourceEngine | ALL PROVIDERS FAILED : BABA
2026-07-02 00:12:03,656 | INFO     | SourceEngine | REQUEST : ARM
2026-07-02 00:12:03,888 | WARNING  | HealthManager | Provider MASSIVE is unhealthy.
2026-07-02 00:12:03,889 | WARNING  | SourceEngine | MASSIVE OFFLINE
2026-07-02 00:12:04,408 | ERROR    | StatisticsManager | FINNHUB failed after 0.2539s
2026-07-02 00:12:04,409 | WARNING  | SourceEngine | FINNHUB : EMPTY_DATA
2026-07-02 00:12:04,647 | WARNING  | HealthManager | Provider FMP is unhealthy.
2026-07-02 00:12:04,648 | WARNING  | SourceEngine | FMP OFFLINE
2026-07-02 00:12:04,892 | WARNING  | HealthManager | Provider ALPHA_VANTAGE is unhealthy.
2026-07-02 00:12:04,893 | WARNING  | SourceEngine | ALPHA_VANTAGE OFFLINE
2026-07-02 00:12:04,894 | CRITICAL | SourceEngine | ALL PROVIDERS FAILED : ARM
2026-07-02 00:12:04,898 | INFO     | SourceEngine | REQUEST : ARM
2026-07-02 00:12:05,128 | WARNING  | HealthManager | Provider MASSIVE is unhealthy.
2026-07-02 00:12:05,129 | WARNING  | SourceEngine | MASSIVE OFFLINE
2026-07-02 00:12:05,740 | ERROR    | StatisticsManager | FINNHUB failed after 0.3453s
2026-07-02 00:12:05,742 | WARNING  | SourceEngine | FINNHUB : EMPTY_DATA
2026-07-02 00:12:05,963 | WARNING  | HealthManager | Provider FMP is unhealthy.
2026-07-02 00:12:05,964 | WARNING  | SourceEngine | FMP OFFLINE
2026-07-02 00:12:06,198 | WARNING  | HealthManager | Provider ALPHA_VANTAGE is unhealthy.
2026-07-02 00:12:06,199 | WARNING  | SourceEngine | ALPHA_VANTAGE OFFLINE
2026-07-02 00:12:06,200 | CRITICAL | SourceEngine | ALL PROVIDERS FAILED : ARM
2026-07-02 00:12:06,202 | INFO     | SourceEngine | REQUEST : ARM
2026-07-02 00:12:06,404 | WARNING  | HealthManager | Provider MASSIVE is unhealthy.
2026-07-02 00:12:06,405 | WARNING  | SourceEngine | MASSIVE OFFLINE
2026-07-02 00:12:06,941 | ERROR    | StatisticsManager | FINNHUB failed after 0.2718s
2026-07-02 00:12:06,942 | WARNING  | SourceEngine | FINNHUB : EMPTY_DATA
2026-07-02 00:12:07,151 | WARNING  | HealthManager | Provider FMP is unhealthy.
2026-07-02 00:12:07,152 | WARNING  | SourceEngine | FMP OFFLINE
2026-07-02 00:12:07,370 | WARNING  | HealthManager | Provider ALPHA_VANTAGE is unhealthy.
2026-07-02 00:12:07,371 | WARNING  | SourceEngine | ALPHA_VANTAGE OFFLINE
2026-07-02 00:12:07,372 | CRITICAL | SourceEngine | ALL PROVIDERS FAILED : ARM
2026-07-02 00:12:07,373 | INFO     | SourceEngine | REQUEST : PANW
2026-07-02 00:12:07,583 | WARNING  | HealthManager | Provider MASSIVE is unhealthy.
2026-07-02 00:12:07,584 | WARNING  | SourceEngine | MASSIVE OFFLINE
2026-07-02 00:12:08,058 | ERROR    | StatisticsManager | FINNHUB failed after 0.2345s
2026-07-02 00:12:08,059 | WARNING  | SourceEngine | FINNHUB : EMPTY_DATA
2026-07-02 00:12:08,373 | WARNING  | HealthManager | Provider FMP is unhealthy.
2026-07-02 00:12:08,374 | WARNING  | SourceEngine | FMP OFFLINE
2026-07-02 00:12:08,592 | WARNING  | HealthManager | Provider ALPHA_VANTAGE is unhealthy.
2026-07-02 00:12:08,593 | WARNING  | SourceEngine | ALPHA_VANTAGE OFFLINE
2026-07-02 00:12:08,594 | CRITICAL | SourceEngine | ALL PROVIDERS FAILED : PANW
2026-07-02 00:12:08,596 | INFO     | SourceEngine | REQUEST : PANW
2026-07-02 00:12:08,805 | WARNING  | HealthManager | Provider MASSIVE is unhealthy.
2026-07-02 00:12:08,806 | WARNING  | SourceEngine | MASSIVE OFFLINE
2026-07-02 00:12:09,317 | ERROR    | StatisticsManager | FINNHUB failed after 0.2443s
2026-07-02 00:12:09,318 | WARNING  | SourceEngine | FINNHUB : EMPTY_DATA
2026-07-02 00:12:09,533 | WARNING  | HealthManager | Provider FMP is unhealthy.
2026-07-02 00:12:09,534 | WARNING  | SourceEngine | FMP OFFLINE
2026-07-02 00:12:09,748 | WARNING  | HealthManager | Provider ALPHA_VANTAGE is unhealthy.
2026-07-02 00:12:09,749 | WARNING  | SourceEngine | ALPHA_VANTAGE OFFLINE
2026-07-02 00:12:09,750 | CRITICAL | SourceEngine | ALL PROVIDERS FAILED : PANW
2026-07-02 00:12:09,751 | INFO     | SourceEngine | REQUEST : PANW
2026-07-02 00:12:09,945 | WARNING  | HealthManager | Provider MASSIVE is unhealthy.
2026-07-02 00:12:09,946 | WARNING  | SourceEngine | MASSIVE OFFLINE
2026-07-02 00:12:10,432 | ERROR    | StatisticsManager | FINNHUB failed after 0.2326s
2026-07-02 00:12:10,433 | WARNING  | SourceEngine | FINNHUB : EMPTY_DATA
2026-07-02 00:12:10,629 | WARNING  | HealthManager | Provider FMP is unhealthy.
2026-07-02 00:12:10,630 | WARNING  | SourceEngine | FMP OFFLINE
2026-07-02 00:12:10,835 | WARNING  | HealthManager | Provider ALPHA_VANTAGE is unhealthy.
2026-07-02 00:12:10,836 | WARNING  | SourceEngine | ALPHA_VANTAGE OFFLINE
2026-07-02 00:12:10,837 | CRITICAL | SourceEngine | ALL PROVIDERS FAILED : PANW
2026-07-02 00:12:10,838 | INFO     | SourceEngine | REQUEST : MU
2026-07-02 00:12:11,050 | WARNING  | HealthManager | Provider MASSIVE is unhealthy.
2026-07-02 00:12:11,051 | WARNING  | SourceEngine | MASSIVE OFFLINE
2026-07-02 00:12:11,527 | ERROR    | StatisticsManager | FINNHUB failed after 0.2405s
2026-07-02 00:12:11,528 | WARNING  | SourceEngine | FINNHUB : EMPTY_DATA
2026-07-02 00:12:11,745 | WARNING  | HealthManager | Provider FMP is unhealthy.
2026-07-02 00:12:11,746 | WARNING  | SourceEngine | FMP OFFLINE
2026-07-02 00:12:11,988 | WARNING  | HealthManager | Provider ALPHA_VANTAGE is unhealthy.
2026-07-02 00:12:11,990 | WARNING  | SourceEngine | ALPHA_VANTAGE OFFLINE
2026-07-02 00:12:11,991 | CRITICAL | SourceEngine | ALL PROVIDERS FAILED : MU
2026-07-02 00:12:11,993 | INFO     | SourceEngine | REQUEST : MU
2026-07-02 00:12:12,202 | WARNING  | HealthManager | Provider MASSIVE is unhealthy.
2026-07-02 00:12:12,203 | WARNING  | SourceEngine | MASSIVE OFFLINE
2026-07-02 00:12:12,759 | ERROR    | StatisticsManager | FINNHUB failed after 0.2286s
2026-07-02 00:12:12,760 | WARNING  | SourceEngine | FINNHUB : EMPTY_DATA
2026-07-02 00:12:12,963 | WARNING  | HealthManager | Provider FMP is unhealthy.
2026-07-02 00:12:12,964 | WARNING  | SourceEngine | FMP OFFLINE
2026-07-02 00:12:13,247 | WARNING  | HealthManager | Provider ALPHA_VANTAGE is unhealthy.
2026-07-02 00:12:13,248 | WARNING  | SourceEngine | ALPHA_VANTAGE OFFLINE
2026-07-02 00:12:13,249 | CRITICAL | SourceEngine | ALL PROVIDERS FAILED : MU
2026-07-02 00:12:13,251 | INFO     | SourceEngine | REQUEST : MU
2026-07-02 00:12:13,769 | WARNING  | HealthManager | Provider MASSIVE is unhealthy.
2026-07-02 00:12:13,770 | WARNING  | SourceEngine | MASSIVE OFFLINE
2026-07-02 00:12:14,263 | ERROR    | StatisticsManager | FINNHUB failed after 0.2419s
2026-07-02 00:12:14,264 | WARNING  | SourceEngine | FINNHUB : EMPTY_DATA
2026-07-02 00:12:14,495 | WARNING  | HealthManager | Provider FMP is unhealthy.
2026-07-02 00:12:14,496 | WARNING  | SourceEngine | FMP OFFLINE
2026-07-02 00:12:14,711 | WARNING  | HealthManager | Provider ALPHA_VANTAGE is unhealthy.
2026-07-02 00:12:14,712 | WARNING  | SourceEngine | ALPHA_VANTAGE OFFLINE
2026-07-02 00:12:14,713 | CRITICAL | SourceEngine | ALL PROVIDERS FAILED : MU
2026-07-02 00:12:14,714 | INFO     | SourceEngine | REQUEST : TSM
2026-07-02 00:12:14,912 | WARNING  | HealthManager | Provider MASSIVE is unhealthy.
2026-07-02 00:12:14,914 | WARNING  | SourceEngine | MASSIVE OFFLINE
2026-07-02 00:12:15,416 | ERROR    | StatisticsManager | FINNHUB failed after 0.2487s
2026-07-02 00:12:15,417 | WARNING  | SourceEngine | FINNHUB : EMPTY_DATA
2026-07-02 00:12:15,628 | WARNING  | HealthManager | Provider FMP is unhealthy.
2026-07-02 00:12:15,629 | WARNING  | SourceEngine | FMP OFFLINE
2026-07-02 00:12:15,848 | WARNING  | HealthManager | Provider ALPHA_VANTAGE is unhealthy.
2026-07-02 00:12:15,849 | WARNING  | SourceEngine | ALPHA_VANTAGE OFFLINE
2026-07-02 00:12:15,850 | CRITICAL | SourceEngine | ALL PROVIDERS FAILED : TSM
2026-07-02 00:12:15,852 | INFO     | SourceEngine | REQUEST : TSM
2026-07-02 00:12:16,064 | WARNING  | HealthManager | Provider MASSIVE is unhealthy.
2026-07-02 00:12:16,065 | WARNING  | SourceEngine | MASSIVE OFFLINE
2026-07-02 00:12:16,624 | ERROR    | StatisticsManager | FINNHUB failed after 0.2456s
2026-07-02 00:12:16,625 | WARNING  | SourceEngine | FINNHUB : EMPTY_DATA
2026-07-02 00:12:16,872 | WARNING  | HealthManager | Provider FMP is unhealthy.
2026-07-02 00:12:16,873 | WARNING  | SourceEngine | FMP OFFLINE
2026-07-02 00:12:17,098 | WARNING  | HealthManager | Provider ALPHA_VANTAGE is unhealthy.
2026-07-02 00:12:17,099 | WARNING  | SourceEngine | ALPHA_VANTAGE OFFLINE
2026-07-02 00:12:17,100 | CRITICAL | SourceEngine | ALL PROVIDERS FAILED : TSM
2026-07-02 00:12:17,101 | INFO     | SourceEngine | REQUEST : TSM
2026-07-02 00:12:17,314 | WARNING  | HealthManager | Provider MASSIVE is unhealthy.
2026-07-02 00:12:17,315 | WARNING  | SourceEngine | MASSIVE OFFLINE
2026-07-02 00:12:17,782 | ERROR    | StatisticsManager | FINNHUB failed after 0.2257s
2026-07-02 00:12:17,783 | WARNING  | SourceEngine | FINNHUB : EMPTY_DATA
2026-07-02 00:12:17,982 | WARNING  | HealthManager | Provider FMP is unhealthy.
2026-07-02 00:12:17,983 | WARNING  | SourceEngine | FMP OFFLINE
2026-07-02 00:12:18,188 | WARNING  | HealthManager | Provider ALPHA_VANTAGE is unhealthy.
2026-07-02 00:12:18,189 | WARNING  | SourceEngine | ALPHA_VANTAGE OFFLINE
2026-07-02 00:12:18,190 | CRITICAL | SourceEngine | ALL PROVIDERS FAILED : TSM
2026-07-02 00:12:18,191 | INFO     | SourceEngine | REQUEST : AMAT
2026-07-02 00:12:18,395 | WARNING  | HealthManager | Provider MASSIVE is unhealthy.
2026-07-02 00:12:18,396 | WARNING  | SourceEngine | MASSIVE OFFLINE
2026-07-02 00:12:18,857 | ERROR    | StatisticsManager | FINNHUB failed after 0.2292s
2026-07-02 00:12:18,858 | WARNING  | SourceEngine | FINNHUB : EMPTY_DATA
2026-07-02 00:12:19,074 | WARNING  | HealthManager | Provider FMP is unhealthy.
2026-07-02 00:12:19,075 | WARNING  | SourceEngine | FMP OFFLINE
2026-07-02 00:12:19,284 | WARNING  | HealthManager | Provider ALPHA_VANTAGE is unhealthy.
2026-07-02 00:12:19,285 | WARNING  | SourceEngine | ALPHA_VANTAGE OFFLINE
2026-07-02 00:12:19,286 | CRITICAL | SourceEngine | ALL PROVIDERS FAILED : AMAT
2026-07-02 00:12:19,288 | INFO     | SourceEngine | REQUEST : AMAT
2026-07-02 00:12:19,504 | WARNING  | HealthManager | Provider MASSIVE is unhealthy.
2026-07-02 00:12:19,505 | WARNING  | SourceEngine | MASSIVE OFFLINE
2026-07-02 00:12:19,986 | ERROR    | StatisticsManager | FINNHUB failed after 0.2397s
2026-07-02 00:12:19,987 | WARNING  | SourceEngine | FINNHUB : EMPTY_DATA
2026-07-02 00:12:20,213 | WARNING  | HealthManager | Provider FMP is unhealthy.
2026-07-02 00:12:20,214 | WARNING  | SourceEngine | FMP OFFLINE
2026-07-02 00:12:20,443 | WARNING  | HealthManager | Provider ALPHA_VANTAGE is unhealthy.
2026-07-02 00:12:20,444 | WARNING  | SourceEngine | ALPHA_VANTAGE OFFLINE
2026-07-02 00:12:20,447 | CRITICAL | SourceEngine | ALL PROVIDERS FAILED : AMAT
2026-07-02 00:12:20,449 | INFO     | SourceEngine | REQUEST : AMAT
2026-07-02 00:12:20,672 | WARNING  | HealthManager | Provider MASSIVE is unhealthy.
2026-07-02 00:12:20,673 | WARNING  | SourceEngine | MASSIVE OFFLINE
2026-07-02 00:12:21,177 | ERROR    | StatisticsManager | FINNHUB failed after 0.2581s
2026-07-02 00:12:21,178 | WARNING  | SourceEngine | FINNHUB : EMPTY_DATA
2026-07-02 00:12:21,412 | WARNING  | HealthManager | Provider FMP is unhealthy.
2026-07-02 00:12:21,413 | WARNING  | SourceEngine | FMP OFFLINE
2026-07-02 00:12:21,640 | WARNING  | HealthManager | Provider ALPHA_VANTAGE is unhealthy.
2026-07-02 00:12:21,642 | WARNING  | SourceEngine | ALPHA_VANTAGE OFFLINE
2026-07-02 00:12:21,643 | CRITICAL | SourceEngine | ALL PROVIDERS FAILED : AMAT
2026-07-02 00:12:21,644 | INFO     | SourceEngine | REQUEST : MSTR
2026-07-02 00:12:21,889 | WARNING  | HealthManager | Provider MASSIVE is unhealthy.
2026-07-02 00:12:21,890 | WARNING  | SourceEngine | MASSIVE OFFLINE
2026-07-02 00:12:22,360 | ERROR    | StatisticsManager | FINNHUB failed after 0.2375s
2026-07-02 00:12:22,361 | WARNING  | SourceEngine | FINNHUB : EMPTY_DATA
2026-07-02 00:12:22,598 | WARNING  | HealthManager | Provider FMP is unhealthy.
2026-07-02 00:12:22,599 | WARNING  | SourceEngine | FMP OFFLINE
2026-07-02 00:12:22,818 | WARNING  | HealthManager | Provider ALPHA_VANTAGE is unhealthy.
2026-07-02 00:12:22,819 | WARNING  | SourceEngine | ALPHA_VANTAGE OFFLINE
2026-07-02 00:12:22,820 | CRITICAL | SourceEngine | ALL PROVIDERS FAILED : MSTR
2026-07-02 00:12:22,822 | INFO     | SourceEngine | REQUEST : MSTR
2026-07-02 00:12:23,035 | WARNING  | HealthManager | Provider MASSIVE is unhealthy.
2026-07-02 00:12:23,036 | WARNING  | SourceEngine | MASSIVE OFFLINE
2026-07-02 00:12:23,533 | ERROR    | StatisticsManager | FINNHUB failed after 0.2511s
2026-07-02 00:12:23,534 | WARNING  | SourceEngine | FINNHUB : EMPTY_DATA
2026-07-02 00:12:23,733 | WARNING  | HealthManager | Provider FMP is unhealthy.
2026-07-02 00:12:23,734 | WARNING  | SourceEngine | FMP OFFLINE
2026-07-02 00:12:23,969 | WARNING  | HealthManager | Provider ALPHA_VANTAGE is unhealthy.
2026-07-02 00:12:23,970 | WARNING  | SourceEngine | ALPHA_VANTAGE OFFLINE
2026-07-02 00:12:23,971 | CRITICAL | SourceEngine | ALL PROVIDERS FAILED : MSTR
2026-07-02 00:12:23,972 | INFO     | SourceEngine | REQUEST : MSTR
2026-07-02 00:12:24,203 | WARNING  | HealthManager | Provider MASSIVE is unhealthy.
2026-07-02 00:12:24,204 | WARNING  | SourceEngine | MASSIVE OFFLINE
2026-07-02 00:12:24,689 | ERROR    | StatisticsManager | FINNHUB failed after 0.2205s
2026-07-02 00:12:24,690 | WARNING  | SourceEngine | FINNHUB : EMPTY_DATA
2026-07-02 00:12:24,883 | WARNING  | HealthManager | Provider FMP is unhealthy.
2026-07-02 00:12:24,884 | WARNING  | SourceEngine | FMP OFFLINE
2026-07-02 00:12:25,151 | WARNING  | HealthManager | Provider ALPHA_VANTAGE is unhealthy.
2026-07-02 00:12:25,152 | WARNING  | SourceEngine | ALPHA_VANTAGE OFFLINE
2026-07-02 00:12:25,153 | CRITICAL | SourceEngine | ALL PROVIDERS FAILED : MSTR
2026-07-02 00:12:25,154 | INFO     | SourceEngine | REQUEST : ANET
2026-07-02 00:12:25,344 | WARNING  | HealthManager | Provider MASSIVE is unhealthy.
2026-07-02 00:12:25,345 | WARNING  | SourceEngine | MASSIVE OFFLINE
2026-07-02 00:12:25,875 | ERROR    | StatisticsManager | FINNHUB failed after 0.2855s
2026-07-02 00:12:25,876 | WARNING  | SourceEngine | FINNHUB : EMPTY_DATA
2026-07-02 00:12:26,131 | WARNING  | HealthManager | Provider FMP is unhealthy.
2026-07-02 00:12:26,132 | WARNING  | SourceEngine | FMP OFFLINE
2026-07-02 00:12:26,360 | WARNING  | HealthManager | Provider ALPHA_VANTAGE is unhealthy.
2026-07-02 00:12:26,361 | WARNING  | SourceEngine | ALPHA_VANTAGE OFFLINE
2026-07-02 00:12:26,362 | CRITICAL | SourceEngine | ALL PROVIDERS FAILED : ANET
2026-07-02 00:12:26,363 | INFO     | SourceEngine | REQUEST : ANET
2026-07-02 00:12:26,603 | WARNING  | HealthManager | Provider MASSIVE is unhealthy.
2026-07-02 00:12:26,605 | WARNING  | SourceEngine | MASSIVE OFFLINE
2026-07-02 00:12:27,478 | ERROR    | StatisticsManager | FINNHUB failed after 0.2445s
2026-07-02 00:12:27,479 | WARNING  | SourceEngine | FINNHUB : EMPTY_DATA
2026-07-02 00:12:27,691 | WARNING  | HealthManager | Provider FMP is unhealthy.
2026-07-02 00:12:27,692 | WARNING  | SourceEngine | FMP OFFLINE
2026-07-02 00:12:27,933 | WARNING  | HealthManager | Provider ALPHA_VANTAGE is unhealthy.
2026-07-02 00:12:27,934 | WARNING  | SourceEngine | ALPHA_VANTAGE OFFLINE
2026-07-02 00:12:27,935 | CRITICAL | SourceEngine | ALL PROVIDERS FAILED : ANET
2026-07-02 00:12:27,936 | INFO     | SourceEngine | REQUEST : ANET
2026-07-02 00:12:28,451 | WARNING  | HealthManager | Provider MASSIVE is unhealthy.
2026-07-02 00:12:28,452 | WARNING  | SourceEngine | MASSIVE OFFLINE
2026-07-02 00:12:28,923 | ERROR    | StatisticsManager | FINNHUB failed after 0.2479s
2026-07-02 00:12:28,925 | WARNING  | SourceEngine | FINNHUB : EMPTY_DATA
2026-07-02 00:12:29,127 | WARNING  | HealthManager | Provider FMP is unhealthy.
2026-07-02 00:12:29,127 | WARNING  | SourceEngine | FMP OFFLINE
2026-07-02 00:12:29,357 | WARNING  | HealthManager | Provider ALPHA_VANTAGE is unhealthy.
2026-07-02 00:12:29,358 | WARNING  | SourceEngine | ALPHA_VANTAGE OFFLINE
2026-07-02 00:12:29,359 | CRITICAL | SourceEngine | ALL PROVIDERS FAILED : ANET
2026-07-02 00:12:29,360 | INFO     | SourceEngine | REQUEST : SNOW
2026-07-02 00:12:29,588 | WARNING  | HealthManager | Provider MASSIVE is unhealthy.
2026-07-02 00:12:29,589 | WARNING  | SourceEngine | MASSIVE OFFLINE
2026-07-02 00:12:30,082 | ERROR    | StatisticsManager | FINNHUB failed after 0.2376s
2026-07-02 00:12:30,083 | WARNING  | SourceEngine | FINNHUB : EMPTY_DATA
2026-07-02 00:12:30,276 | WARNING  | HealthManager | Provider FMP is unhealthy.
2026-07-02 00:12:30,277 | WARNING  | SourceEngine | FMP OFFLINE
2026-07-02 00:12:30,494 | WARNING  | HealthManager | Provider ALPHA_VANTAGE is unhealthy.
2026-07-02 00:12:30,495 | WARNING  | SourceEngine | ALPHA_VANTAGE OFFLINE
2026-07-02 00:12:30,496 | CRITICAL | SourceEngine | ALL PROVIDERS FAILED : SNOW
2026-07-02 00:12:30,498 | INFO     | SourceEngine | REQUEST : SNOW
2026-07-02 00:12:30,705 | WARNING  | HealthManager | Provider MASSIVE is unhealthy.
2026-07-02 00:12:30,706 | WARNING  | SourceEngine | MASSIVE OFFLINE
2026-07-02 00:12:31,180 | ERROR    | StatisticsManager | FINNHUB failed after 0.2355s
2026-07-02 00:12:31,181 | WARNING  | SourceEngine | FINNHUB : EMPTY_DATA
2026-07-02 00:12:31,385 | WARNING  | HealthManager | Provider FMP is unhealthy.
2026-07-02 00:12:31,386 | WARNING  | SourceEngine | FMP OFFLINE
2026-07-02 00:12:31,600 | WARNING  | HealthManager | Provider ALPHA_VANTAGE is unhealthy.
2026-07-02 00:12:31,601 | WARNING  | SourceEngine | ALPHA_VANTAGE OFFLINE
2026-07-02 00:12:31,602 | CRITICAL | SourceEngine | ALL PROVIDERS FAILED : SNOW
2026-07-02 00:12:31,603 | INFO     | SourceEngine | REQUEST : SNOW
2026-07-02 00:12:32,146 | WARNING  | HealthManager | Provider MASSIVE is unhealthy.
2026-07-02 00:12:32,147 | WARNING  | SourceEngine | MASSIVE OFFLINE
2026-07-02 00:12:32,675 | ERROR    | StatisticsManager | FINNHUB failed after 0.2617s
2026-07-02 00:12:32,677 | WARNING  | SourceEngine | FINNHUB : EMPTY_DATA
2026-07-02 00:12:32,872 | WARNING  | HealthManager | Provider FMP is unhealthy.
2026-07-02 00:12:32,873 | WARNING  | SourceEngine | FMP OFFLINE
2026-07-02 00:12:33,127 | WARNING  | HealthManager | Provider ALPHA_VANTAGE is unhealthy.
2026-07-02 00:12:33,128 | WARNING  | SourceEngine | ALPHA_VANTAGE OFFLINE
2026-07-02 00:12:33,129 | CRITICAL | SourceEngine | ALL PROVIDERS FAILED : SNOW
2026-07-02 00:12:33,130 | INFO     | SourceEngine | REQUEST : MDB
2026-07-02 00:12:33,329 | WARNING  | HealthManager | Provider MASSIVE is unhealthy.
2026-07-02 00:12:33,330 | WARNING  | SourceEngine | MASSIVE OFFLINE
2026-07-02 00:12:33,891 | ERROR    | StatisticsManager | FINNHUB failed after 0.3333s
2026-07-02 00:12:33,892 | WARNING  | SourceEngine | FINNHUB : EMPTY_DATA
2026-07-02 00:12:34,110 | WARNING  | HealthManager | Provider FMP is unhealthy.
2026-07-02 00:12:34,111 | WARNING  | SourceEngine | FMP OFFLINE
2026-07-02 00:12:34,335 | WARNING  | HealthManager | Provider ALPHA_VANTAGE is unhealthy.
2026-07-02 00:12:34,336 | WARNING  | SourceEngine | ALPHA_VANTAGE OFFLINE
2026-07-02 00:12:34,337 | CRITICAL | SourceEngine | ALL PROVIDERS FAILED : MDB
2026-07-02 00:12:34,339 | INFO     | SourceEngine | REQUEST : MDB
2026-07-02 00:12:34,559 | WARNING  | HealthManager | Provider MASSIVE is unhealthy.
2026-07-02 00:12:34,560 | WARNING  | SourceEngine | MASSIVE OFFLINE
2026-07-02 00:12:35,074 | ERROR    | StatisticsManager | FINNHUB failed after 0.2598s
2026-07-02 00:12:35,075 | WARNING  | SourceEngine | FINNHUB : EMPTY_DATA
2026-07-02 00:12:35,594 | WARNING  | HealthManager | Provider FMP is unhealthy.
2026-07-02 00:12:35,595 | WARNING  | SourceEngine | FMP OFFLINE
2026-07-02 00:12:35,854 | WARNING  | HealthManager | Provider ALPHA_VANTAGE is unhealthy.
2026-07-02 00:12:35,855 | WARNING  | SourceEngine | ALPHA_VANTAGE OFFLINE
2026-07-02 00:12:35,856 | CRITICAL | SourceEngine | ALL PROVIDERS FAILED : MDB
2026-07-02 00:12:35,857 | INFO     | SourceEngine | REQUEST : MDB
2026-07-02 00:12:36,062 | WARNING  | HealthManager | Provider MASSIVE is unhealthy.
2026-07-02 00:12:36,063 | WARNING  | SourceEngine | MASSIVE OFFLINE
2026-07-02 00:12:36,535 | ERROR    | StatisticsManager | FINNHUB failed after 0.2355s
2026-07-02 00:12:36,536 | WARNING  | SourceEngine | FINNHUB : EMPTY_DATA
2026-07-02 00:12:36,745 | WARNING  | HealthManager | Provider FMP is unhealthy.
2026-07-02 00:12:36,746 | WARNING  | SourceEngine | FMP OFFLINE
2026-07-02 00:12:36,966 | WARNING  | HealthManager | Provider ALPHA_VANTAGE is unhealthy.
2026-07-02 00:12:36,967 | WARNING  | SourceEngine | ALPHA_VANTAGE OFFLINE
2026-07-02 00:12:36,967 | CRITICAL | SourceEngine | ALL PROVIDERS FAILED : MDB
2026-07-02 00:12:36,969 | INFO     | SourceEngine | REQUEST : DDOG
2026-07-02 00:12:37,193 | WARNING  | HealthManager | Provider MASSIVE is unhealthy.
2026-07-02 00:12:37,193 | WARNING  | SourceEngine | MASSIVE OFFLINE
2026-07-02 00:12:37,671 | ERROR    | StatisticsManager | FINNHUB failed after 0.2403s
2026-07-02 00:12:37,673 | WARNING  | SourceEngine | FINNHUB : EMPTY_DATA
2026-07-02 00:12:37,886 | WARNING  | HealthManager | Provider FMP is unhealthy.
2026-07-02 00:12:37,887 | WARNING  | SourceEngine | FMP OFFLINE
2026-07-02 00:12:38,107 | WARNING  | HealthManager | Provider ALPHA_VANTAGE is unhealthy.
2026-07-02 00:12:38,108 | WARNING  | SourceEngine | ALPHA_VANTAGE OFFLINE
2026-07-02 00:12:38,109 | CRITICAL | SourceEngine | ALL PROVIDERS FAILED : DDOG
2026-07-02 00:12:38,111 | INFO     | SourceEngine | REQUEST : DDOG
2026-07-02 00:12:38,317 | WARNING  | HealthManager | Provider MASSIVE is unhealthy.
2026-07-02 00:12:38,318 | WARNING  | SourceEngine | MASSIVE OFFLINE
2026-07-02 00:12:38,829 | ERROR    | StatisticsManager | FINNHUB failed after 0.2439s
2026-07-02 00:12:38,830 | WARNING  | SourceEngine | FINNHUB : EMPTY_DATA
2026-07-02 00:12:39,032 | WARNING  | HealthManager | Provider FMP is unhealthy.
2026-07-02 00:12:39,033 | WARNING  | SourceEngine | FMP OFFLINE
2026-07-02 00:12:39,263 | WARNING  | HealthManager | Provider ALPHA_VANTAGE is unhealthy.
2026-07-02 00:12:39,264 | WARNING  | SourceEngine | ALPHA_VANTAGE OFFLINE
2026-07-02 00:12:39,265 | CRITICAL | SourceEngine | ALL PROVIDERS FAILED : DDOG
2026-07-02 00:12:39,267 | INFO     | SourceEngine | REQUEST : DDOG
2026-07-02 00:12:39,495 | WARNING  | HealthManager | Provider MASSIVE is unhealthy.
2026-07-02 00:12:39,497 | WARNING  | SourceEngine | MASSIVE OFFLINE
2026-07-02 00:12:40,394 | ERROR    | StatisticsManager | FINNHUB failed after 0.2381s
2026-07-02 00:12:40,396 | WARNING  | SourceEngine | FINNHUB : EMPTY_DATA
2026-07-02 00:12:40,633 | WARNING  | HealthManager | Provider FMP is unhealthy.
2026-07-02 00:12:40,634 | WARNING  | SourceEngine | FMP OFFLINE
2026-07-02 00:12:40,861 | WARNING  | HealthManager | Provider ALPHA_VANTAGE is unhealthy.
2026-07-02 00:12:40,863 | WARNING  | SourceEngine | ALPHA_VANTAGE OFFLINE
2026-07-02 00:12:40,864 | CRITICAL | SourceEngine | ALL PROVIDERS FAILED : DDOG
2026-07-02 00:12:40,866 | INFO     | SourceEngine | REQUEST : NET
2026-07-02 00:12:41,057 | WARNING  | HealthManager | Provider MASSIVE is unhealthy.
2026-07-02 00:12:41,058 | WARNING  | SourceEngine | MASSIVE OFFLINE
2026-07-02 00:12:41,560 | ERROR    | StatisticsManager | FINNHUB failed after 0.2419s
2026-07-02 00:12:41,561 | WARNING  | SourceEngine | FINNHUB : EMPTY_DATA
2026-07-02 00:12:41,766 | WARNING  | HealthManager | Provider FMP is unhealthy.
2026-07-02 00:12:41,768 | WARNING  | SourceEngine | FMP OFFLINE
2026-07-02 00:12:41,991 | WARNING  | HealthManager | Provider ALPHA_VANTAGE is unhealthy.
2026-07-02 00:12:41,992 | WARNING  | SourceEngine | ALPHA_VANTAGE OFFLINE
2026-07-02 00:12:41,993 | CRITICAL | SourceEngine | ALL PROVIDERS FAILED : NET
2026-07-02 00:12:41,994 | INFO     | SourceEngine | REQUEST : NET
2026-07-02 00:12:42,216 | WARNING  | HealthManager | Provider MASSIVE is unhealthy.
2026-07-02 00:12:42,217 | WARNING  | SourceEngine | MASSIVE OFFLINE
2026-07-02 00:12:42,758 | ERROR    | StatisticsManager | FINNHUB failed after 0.2702s
2026-07-02 00:12:42,759 | WARNING  | SourceEngine | FINNHUB : EMPTY_DATA
2026-07-02 00:12:42,958 | WARNING  | HealthManager | Provider FMP is unhealthy.
2026-07-02 00:12:42,959 | WARNING  | SourceEngine | FMP OFFLINE
2026-07-02 00:12:43,191 | WARNING  | HealthManager | Provider ALPHA_VANTAGE is unhealthy.
2026-07-02 00:12:43,192 | WARNING  | SourceEngine | ALPHA_VANTAGE OFFLINE
2026-07-02 00:12:43,193 | CRITICAL | SourceEngine | ALL PROVIDERS FAILED : NET
2026-07-02 00:12:43,194 | INFO     | SourceEngine | REQUEST : NET
2026-07-02 00:12:43,457 | WARNING  | HealthManager | Provider MASSIVE is unhealthy.
2026-07-02 00:12:43,458 | WARNING  | SourceEngine | MASSIVE OFFLINE
2026-07-02 00:12:43,952 | ERROR    | StatisticsManager | FINNHUB failed after 0.2371s
2026-07-02 00:12:43,953 | WARNING  | SourceEngine | FINNHUB : EMPTY_DATA
2026-07-02 00:12:44,142 | WARNING  | HealthManager | Provider FMP is unhealthy.
2026-07-02 00:12:44,143 | WARNING  | SourceEngine | FMP OFFLINE
2026-07-02 00:12:44,382 | WARNING  | HealthManager | Provider ALPHA_VANTAGE is unhealthy.
2026-07-02 00:12:44,383 | WARNING  | SourceEngine | ALPHA_VANTAGE OFFLINE
2026-07-02 00:12:44,384 | CRITICAL | SourceEngine | ALL PROVIDERS FAILED : NET
2026-07-02 00:12:44,385 | INFO     | SourceEngine | REQUEST : QCOM
2026-07-02 00:12:44,593 | WARNING  | HealthManager | Provider MASSIVE is unhealthy.
2026-07-02 00:12:44,594 | WARNING  | SourceEngine | MASSIVE OFFLINE
2026-07-02 00:12:45,138 | ERROR    | StatisticsManager | FINNHUB failed after 0.2850s
2026-07-02 00:12:45,139 | WARNING  | SourceEngine | FINNHUB : EMPTY_DATA
2026-07-02 00:12:45,339 | WARNING  | HealthManager | Provider FMP is unhealthy.
2026-07-02 00:12:45,340 | WARNING  | SourceEngine | FMP OFFLINE
2026-07-02 00:12:45,615 | WARNING  | HealthManager | Provider ALPHA_VANTAGE is unhealthy.
2026-07-02 00:12:45,616 | WARNING  | SourceEngine | ALPHA_VANTAGE OFFLINE
2026-07-02 00:12:45,617 | CRITICAL | SourceEngine | ALL PROVIDERS FAILED : QCOM
2026-07-02 00:12:45,619 | INFO     | SourceEngine | REQUEST : QCOM
2026-07-02 00:12:45,831 | WARNING  | HealthManager | Provider MASSIVE is unhealthy.
2026-07-02 00:12:45,832 | WARNING  | SourceEngine | MASSIVE OFFLINE
2026-07-02 00:12:46,432 | ERROR    | StatisticsManager | FINNHUB failed after 0.2424s
2026-07-02 00:12:46,433 | WARNING  | SourceEngine | FINNHUB : EMPTY_DATA
2026-07-02 00:12:46,632 | WARNING  | HealthManager | Provider FMP is unhealthy.
2026-07-02 00:12:46,633 | WARNING  | SourceEngine | FMP OFFLINE
2026-07-02 00:12:46,967 | WARNING  | HealthManager | Provider ALPHA_VANTAGE is unhealthy.
2026-07-02 00:12:46,968 | WARNING  | SourceEngine | ALPHA_VANTAGE OFFLINE
2026-07-02 00:12:46,969 | CRITICAL | SourceEngine | ALL PROVIDERS FAILED : QCOM
2026-07-02 00:12:46,971 | INFO     | SourceEngine | REQUEST : QCOM
2026-07-02 00:12:47,205 | WARNING  | HealthManager | Provider MASSIVE is unhealthy.
2026-07-02 00:12:47,206 | WARNING  | SourceEngine | MASSIVE OFFLINE
2026-07-02 00:12:47,876 | ERROR    | StatisticsManager | FINNHUB failed after 0.3015s
2026-07-02 00:12:47,877 | WARNING  | SourceEngine | FINNHUB : EMPTY_DATA
2026-07-02 00:12:48,155 | WARNING  | HealthManager | Provider FMP is unhealthy.
2026-07-02 00:12:48,156 | WARNING  | SourceEngine | FMP OFFLINE
2026-07-02 00:12:48,383 | WARNING  | HealthManager | Provider ALPHA_VANTAGE is unhealthy.
2026-07-02 00:12:48,384 | WARNING  | SourceEngine | ALPHA_VANTAGE OFFLINE
2026-07-02 00:12:48,385 | CRITICAL | SourceEngine | ALL PROVIDERS FAILED : QCOM
2026-07-02 00:12:48,386 | INFO     | SourceEngine | REQUEST : ASML
2026-07-02 00:12:48,655 | WARNING  | HealthManager | Provider MASSIVE is unhealthy.
2026-07-02 00:12:48,656 | WARNING  | SourceEngine | MASSIVE OFFLINE
2026-07-02 00:12:49,231 | ERROR    | StatisticsManager | FINNHUB failed after 0.3087s
2026-07-02 00:12:49,232 | WARNING  | SourceEngine | FINNHUB : EMPTY_DATA
2026-07-02 00:12:49,524 | WARNING  | HealthManager | Provider FMP is unhealthy.
2026-07-02 00:12:49,525 | WARNING  | SourceEngine | FMP OFFLINE
2026-07-02 00:12:49,821 | WARNING  | HealthManager | Provider ALPHA_VANTAGE is unhealthy.
2026-07-02 00:12:49,822 | WARNING  | SourceEngine | ALPHA_VANTAGE OFFLINE
2026-07-02 00:12:49,823 | CRITICAL | SourceEngine | ALL PROVIDERS FAILED : ASML
2026-07-02 00:12:49,825 | INFO     | SourceEngine | REQUEST : ASML
2026-07-02 00:12:50,147 | WARNING  | HealthManager | Provider MASSIVE is unhealthy.
2026-07-02 00:12:50,148 | WARNING  | SourceEngine | MASSIVE OFFLINE
2026-07-02 00:12:50,768 | ERROR    | StatisticsManager | FINNHUB failed after 0.2679s
2026-07-02 00:12:50,769 | WARNING  | SourceEngine | FINNHUB : EMPTY_DATA
2026-07-02 00:12:50,973 | WARNING  | HealthManager | Provider FMP is unhealthy.
2026-07-02 00:12:50,975 | WARNING  | SourceEngine | FMP OFFLINE
2026-07-02 00:12:51,185 | WARNING  | HealthManager | Provider ALPHA_VANTAGE is unhealthy.
2026-07-02 00:12:51,187 | WARNING  | SourceEngine | ALPHA_VANTAGE OFFLINE
2026-07-02 00:12:51,188 | CRITICAL | SourceEngine | ALL PROVIDERS FAILED : ASML
2026-07-02 00:12:51,195 | INFO     | SourceEngine | REQUEST : ASML
2026-07-02 00:12:51,418 | WARNING  | HealthManager | Provider MASSIVE is unhealthy.
2026-07-02 00:12:51,420 | WARNING  | SourceEngine | MASSIVE OFFLINE
2026-07-02 00:12:51,963 | ERROR    | StatisticsManager | FINNHUB failed after 0.2665s
2026-07-02 00:12:51,964 | WARNING  | SourceEngine | FINNHUB : EMPTY_DATA
2026-07-02 00:12:52,172 | WARNING  | HealthManager | Provider FMP is unhealthy.
2026-07-02 00:12:52,172 | WARNING  | SourceEngine | FMP OFFLINE
2026-07-02 00:12:52,383 | WARNING  | HealthManager | Provider ALPHA_VANTAGE is unhealthy.
2026-07-02 00:12:52,384 | WARNING  | SourceEngine | ALPHA_VANTAGE OFFLINE
2026-07-02 00:12:52,385 | CRITICAL | SourceEngine | ALL PROVIDERS FAILED : ASML
2026-07-02 00:12:52,386 | INFO     | SourceEngine | REQUEST : ZS
2026-07-02 00:12:52,576 | WARNING  | HealthManager | Provider MASSIVE is unhealthy.
2026-07-02 00:12:52,578 | WARNING  | SourceEngine | MASSIVE OFFLINE
2026-07-02 00:12:53,072 | ERROR    | StatisticsManager | FINNHUB failed after 0.2384s
2026-07-02 00:12:53,073 | WARNING  | SourceEngine | FINNHUB : EMPTY_DATA
2026-07-02 00:12:53,270 | WARNING  | HealthManager | Provider FMP is unhealthy.
2026-07-02 00:12:53,271 | WARNING  | SourceEngine | FMP OFFLINE
2026-07-02 00:12:53,507 | WARNING  | HealthManager | Provider ALPHA_VANTAGE is unhealthy.
2026-07-02 00:12:53,508 | WARNING  | SourceEngine | ALPHA_VANTAGE OFFLINE
2026-07-02 00:12:53,509 | CRITICAL | SourceEngine | ALL PROVIDERS FAILED : ZS
2026-07-02 00:12:53,511 | INFO     | SourceEngine | REQUEST : ZS
2026-07-02 00:12:53,764 | WARNING  | HealthManager | Provider MASSIVE is unhealthy.
2026-07-02 00:12:53,765 | WARNING  | SourceEngine | MASSIVE OFFLINE
2026-07-02 00:12:54,239 | ERROR    | StatisticsManager | FINNHUB failed after 0.2315s
2026-07-02 00:12:54,239 | WARNING  | SourceEngine | FINNHUB : EMPTY_DATA
2026-07-02 00:12:54,444 | WARNING  | HealthManager | Provider FMP is unhealthy.
2026-07-02 00:12:54,444 | WARNING  | SourceEngine | FMP OFFLINE
2026-07-02 00:12:54,653 | WARNING  | HealthManager | Provider ALPHA_VANTAGE is unhealthy.
2026-07-02 00:12:54,654 | WARNING  | SourceEngine | ALPHA_VANTAGE OFFLINE
2026-07-02 00:12:54,655 | CRITICAL | SourceEngine | ALL PROVIDERS FAILED : ZS
2026-07-02 00:12:54,656 | INFO     | SourceEngine | REQUEST : ZS
2026-07-02 00:12:54,882 | WARNING  | HealthManager | Provider MASSIVE is unhealthy.
2026-07-02 00:12:54,882 | WARNING  | SourceEngine | MASSIVE OFFLINE
2026-07-02 00:12:55,372 | ERROR    | StatisticsManager | FINNHUB failed after 0.2557s
2026-07-02 00:12:55,372 | WARNING  | SourceEngine | FINNHUB : EMPTY_DATA
2026-07-02 00:12:55,603 | WARNING  | HealthManager | Provider FMP is unhealthy.
2026-07-02 00:12:55,604 | WARNING  | SourceEngine | FMP OFFLINE
2026-07-02 00:12:55,848 | WARNING  | HealthManager | Provider ALPHA_VANTAGE is unhealthy.
2026-07-02 00:12:55,848 | WARNING  | SourceEngine | ALPHA_VANTAGE OFFLINE
2026-07-02 00:12:55,849 | CRITICAL | SourceEngine | ALL PROVIDERS FAILED : ZS
2026-07-02 00:12:55,849 | INFO     | SourceEngine | REQUEST : WMT
2026-07-02 00:12:56,056 | WARNING  | HealthManager | Provider MASSIVE is unhealthy.
2026-07-02 00:12:56,056 | WARNING  | SourceEngine | MASSIVE OFFLINE
2026-07-02 00:12:56,525 | ERROR    | StatisticsManager | FINNHUB failed after 0.2431s
2026-07-02 00:12:56,526 | WARNING  | SourceEngine | FINNHUB : EMPTY_DATA
2026-07-02 00:12:56,738 | WARNING  | HealthManager | Provider FMP is unhealthy.
2026-07-02 00:12:56,740 | WARNING  | SourceEngine | FMP OFFLINE
2026-07-02 00:12:56,972 | WARNING  | HealthManager | Provider ALPHA_VANTAGE is unhealthy.
2026-07-02 00:12:56,973 | WARNING  | SourceEngine | ALPHA_VANTAGE OFFLINE
2026-07-02 00:12:56,974 | CRITICAL | SourceEngine | ALL PROVIDERS FAILED : WMT
2026-07-02 00:12:56,976 | INFO     | SourceEngine | REQUEST : WMT
2026-07-02 00:12:57,195 | WARNING  | HealthManager | Provider MASSIVE is unhealthy.
2026-07-02 00:12:57,196 | WARNING  | SourceEngine | MASSIVE OFFLINE
2026-07-02 00:12:57,736 | ERROR    | StatisticsManager | FINNHUB failed after 0.2536s
2026-07-02 00:12:57,737 | WARNING  | SourceEngine | FINNHUB : EMPTY_DATA
2026-07-02 00:12:57,969 | WARNING  | HealthManager | Provider FMP is unhealthy.
2026-07-02 00:12:57,970 | WARNING  | SourceEngine | FMP OFFLINE
2026-07-02 00:12:58,177 | WARNING  | HealthManager | Provider ALPHA_VANTAGE is unhealthy.
2026-07-02 00:12:58,178 | WARNING  | SourceEngine | ALPHA_VANTAGE OFFLINE
2026-07-02 00:12:58,179 | CRITICAL | SourceEngine | ALL PROVIDERS FAILED : WMT
2026-07-02 00:12:58,180 | INFO     | SourceEngine | REQUEST : WMT
2026-07-02 00:12:58,395 | WARNING  | HealthManager | Provider MASSIVE is unhealthy.
2026-07-02 00:12:58,396 | WARNING  | SourceEngine | MASSIVE OFFLINE
2026-07-02 00:12:58,879 | ERROR    | StatisticsManager | FINNHUB failed after 0.2335s
2026-07-02 00:12:58,885 | WARNING  | SourceEngine | FINNHUB : EMPTY_DATA
2026-07-02 00:12:59,107 | WARNING  | HealthManager | Provider FMP is unhealthy.
2026-07-02 00:12:59,107 | WARNING  | SourceEngine | FMP OFFLINE
2026-07-02 00:12:59,319 | WARNING  | HealthManager | Provider ALPHA_VANTAGE is unhealthy.
2026-07-02 00:12:59,320 | WARNING  | SourceEngine | ALPHA_VANTAGE OFFLINE
2026-07-02 00:12:59,320 | CRITICAL | SourceEngine | ALL PROVIDERS FAILED : WMT
2026-07-02 00:12:59,320 | INFO     | SourceEngine | REQUEST : HD
2026-07-02 00:12:59,525 | WARNING  | HealthManager | Provider MASSIVE is unhealthy.
2026-07-02 00:12:59,526 | WARNING  | SourceEngine | MASSIVE OFFLINE
2026-07-02 00:13:00,021 | ERROR    | StatisticsManager | FINNHUB failed after 0.2347s
2026-07-02 00:13:00,023 | WARNING  | SourceEngine | FINNHUB : EMPTY_DATA
2026-07-02 00:13:00,224 | WARNING  | HealthManager | Provider FMP is unhealthy.
2026-07-02 00:13:00,225 | WARNING  | SourceEngine | FMP OFFLINE
2026-07-02 00:13:00,437 | WARNING  | HealthManager | Provider ALPHA_VANTAGE is unhealthy.
2026-07-02 00:13:00,438 | WARNING  | SourceEngine | ALPHA_VANTAGE OFFLINE
2026-07-02 00:13:00,439 | CRITICAL | SourceEngine | ALL PROVIDERS FAILED : HD
2026-07-02 00:13:00,441 | INFO     | SourceEngine | REQUEST : HD
2026-07-02 00:13:00,653 | WARNING  | HealthManager | Provider MASSIVE is unhealthy.
2026-07-02 00:13:00,654 | WARNING  | SourceEngine | MASSIVE OFFLINE
2026-07-02 00:13:01,161 | ERROR    | StatisticsManager | FINNHUB failed after 0.2371s
2026-07-02 00:13:01,162 | WARNING  | SourceEngine | FINNHUB : EMPTY_DATA
2026-07-02 00:13:01,415 | WARNING  | HealthManager | Provider FMP is unhealthy.
2026-07-02 00:13:01,417 | WARNING  | SourceEngine | FMP OFFLINE
2026-07-02 00:13:01,633 | WARNING  | HealthManager | Provider ALPHA_VANTAGE is unhealthy.
2026-07-02 00:13:01,634 | WARNING  | SourceEngine | ALPHA_VANTAGE OFFLINE
2026-07-02 00:13:01,636 | CRITICAL | SourceEngine | ALL PROVIDERS FAILED : HD
2026-07-02 00:13:01,638 | INFO     | SourceEngine | REQUEST : HD
2026-07-02 00:13:01,859 | WARNING  | HealthManager | Provider MASSIVE is unhealthy.
2026-07-02 00:13:01,860 | WARNING  | SourceEngine | MASSIVE OFFLINE
2026-07-02 00:13:02,368 | ERROR    | StatisticsManager | FINNHUB failed after 0.2541s
2026-07-02 00:13:02,370 | WARNING  | SourceEngine | FINNHUB : EMPTY_DATA
2026-07-02 00:13:02,565 | WARNING  | HealthManager | Provider FMP is unhealthy.
2026-07-02 00:13:02,566 | WARNING  | SourceEngine | FMP OFFLINE
2026-07-02 00:13:02,780 | WARNING  | HealthManager | Provider ALPHA_VANTAGE is unhealthy.
2026-07-02 00:13:02,781 | WARNING  | SourceEngine | ALPHA_VANTAGE OFFLINE
2026-07-02 00:13:02,783 | CRITICAL | SourceEngine | ALL PROVIDERS FAILED : HD
2026-07-02 00:13:02,784 | INFO     | SourceEngine | REQUEST : JPM
2026-07-02 00:13:03,060 | WARNING  | HealthManager | Provider MASSIVE is unhealthy.
2026-07-02 00:13:03,080 | WARNING  | SourceEngine | MASSIVE OFFLINE
2026-07-02 00:13:03,649 | ERROR    | StatisticsManager | FINNHUB failed after 0.2753s
2026-07-02 00:13:03,649 | WARNING  | SourceEngine | FINNHUB : EMPTY_DATA
2026-07-02 00:13:04,053 | WARNING  | HealthManager | Provider FMP is unhealthy.
2026-07-02 00:13:04,054 | WARNING  | SourceEngine | FMP OFFLINE
2026-07-02 00:13:04,279 | WARNING  | HealthManager | Provider ALPHA_VANTAGE is unhealthy.
2026-07-02 00:13:04,280 | WARNING  | SourceEngine | ALPHA_VANTAGE OFFLINE
2026-07-02 00:13:04,281 | CRITICAL | SourceEngine | ALL PROVIDERS FAILED : JPM
2026-07-02 00:13:04,283 | INFO     | SourceEngine | REQUEST : JPM
2026-07-02 00:13:04,512 | WARNING  | HealthManager | Provider MASSIVE is unhealthy.
2026-07-02 00:13:04,513 | WARNING  | SourceEngine | MASSIVE OFFLINE
2026-07-02 00:13:05,004 | ERROR    | StatisticsManager | FINNHUB failed after 0.2530s
2026-07-02 00:13:05,011 | WARNING  | SourceEngine | FINNHUB : EMPTY_DATA
2026-07-02 00:13:05,302 | WARNING  | HealthManager | Provider FMP is unhealthy.
2026-07-02 00:13:05,304 | WARNING  | SourceEngine | FMP OFFLINE
2026-07-02 00:13:05,516 | WARNING  | HealthManager | Provider ALPHA_VANTAGE is unhealthy.
2026-07-02 00:13:05,517 | WARNING  | SourceEngine | ALPHA_VANTAGE OFFLINE
2026-07-02 00:13:05,518 | CRITICAL | SourceEngine | ALL PROVIDERS FAILED : JPM
2026-07-02 00:13:05,519 | INFO     | SourceEngine | REQUEST : JPM
2026-07-02 00:13:05,745 | WARNING  | HealthManager | Provider MASSIVE is unhealthy.
2026-07-02 00:13:05,746 | WARNING  | SourceEngine | MASSIVE OFFLINE
2026-07-02 00:13:06,243 | ERROR    | StatisticsManager | FINNHUB failed after 0.2572s
2026-07-02 00:13:06,244 | WARNING  | SourceEngine | FINNHUB : EMPTY_DATA
2026-07-02 00:13:06,452 | WARNING  | HealthManager | Provider FMP is unhealthy.
2026-07-02 00:13:06,453 | WARNING  | SourceEngine | FMP OFFLINE
2026-07-02 00:13:06,703 | WARNING  | HealthManager | Provider ALPHA_VANTAGE is unhealthy.
2026-07-02 00:13:06,704 | WARNING  | SourceEngine | ALPHA_VANTAGE OFFLINE
2026-07-02 00:13:06,705 | CRITICAL | SourceEngine | ALL PROVIDERS FAILED : JPM
2026-07-02 00:13:06,706 | INFO     | SourceEngine | REQUEST : GS
2026-07-02 00:13:06,919 | WARNING  | HealthManager | Provider MASSIVE is unhealthy.
2026-07-02 00:13:06,920 | WARNING  | SourceEngine | MASSIVE OFFLINE
2026-07-02 00:13:07,420 | ERROR    | StatisticsManager | FINNHUB failed after 0.2583s
2026-07-02 00:13:07,422 | WARNING  | SourceEngine | FINNHUB : EMPTY_DATA
2026-07-02 00:13:07,625 | WARNING  | HealthManager | Provider FMP is unhealthy.
2026-07-02 00:13:07,626 | WARNING  | SourceEngine | FMP OFFLINE
2026-07-02 00:13:07,841 | WARNING  | HealthManager | Provider ALPHA_VANTAGE is unhealthy.
2026-07-02 00:13:07,842 | WARNING  | SourceEngine | ALPHA_VANTAGE OFFLINE
2026-07-02 00:13:07,843 | CRITICAL | SourceEngine | ALL PROVIDERS FAILED : GS
2026-07-02 00:13:07,845 | INFO     | SourceEngine | REQUEST : GS
2026-07-02 00:13:08,061 | WARNING  | HealthManager | Provider MASSIVE is unhealthy.
2026-07-02 00:13:08,062 | WARNING  | SourceEngine | MASSIVE OFFLINE
2026-07-02 00:13:08,540 | ERROR    | StatisticsManager | FINNHUB failed after 0.2282s
2026-07-02 00:13:08,544 | WARNING  | SourceEngine | FINNHUB : EMPTY_DATA
2026-07-02 00:13:08,778 | WARNING  | HealthManager | Provider FMP is unhealthy.
2026-07-02 00:13:08,780 | WARNING  | SourceEngine | FMP OFFLINE
2026-07-02 00:13:08,995 | WARNING  | HealthManager | Provider ALPHA_VANTAGE is unhealthy.
2026-07-02 00:13:08,996 | WARNING  | SourceEngine | ALPHA_VANTAGE OFFLINE
2026-07-02 00:13:08,997 | CRITICAL | SourceEngine | ALL PROVIDERS FAILED : GS
2026-07-02 00:13:08,999 | INFO     | SourceEngine | REQUEST : GS
2026-07-02 00:13:09,203 | WARNING  | HealthManager | Provider MASSIVE is unhealthy.
2026-07-02 00:13:09,205 | WARNING  | SourceEngine | MASSIVE OFFLINE
2026-07-02 00:13:09,728 | ERROR    | StatisticsManager | FINNHUB failed after 0.2712s
2026-07-02 00:13:09,728 | WARNING  | SourceEngine | FINNHUB : EMPTY_DATA
2026-07-02 00:13:09,982 | WARNING  | HealthManager | Provider FMP is unhealthy.
2026-07-02 00:13:09,983 | WARNING  | SourceEngine | FMP OFFLINE
2026-07-02 00:13:10,269 | WARNING  | HealthManager | Provider ALPHA_VANTAGE is unhealthy.
2026-07-02 00:13:10,270 | WARNING  | SourceEngine | ALPHA_VANTAGE OFFLINE
2026-07-02 00:13:10,271 | CRITICAL | SourceEngine | ALL PROVIDERS FAILED : GS
2026-07-02 00:13:10,272 | INFO     | SourceEngine | REQUEST : V
2026-07-02 00:13:10,481 | WARNING  | HealthManager | Provider MASSIVE is unhealthy.
2026-07-02 00:13:10,482 | WARNING  | SourceEngine | MASSIVE OFFLINE
2026-07-02 00:13:11,032 | ERROR    | StatisticsManager | FINNHUB failed after 0.2687s
2026-07-02 00:13:11,032 | WARNING  | SourceEngine | FINNHUB : EMPTY_DATA
2026-07-02 00:13:11,240 | WARNING  | HealthManager | Provider FMP is unhealthy.
2026-07-02 00:13:11,240 | WARNING  | SourceEngine | FMP OFFLINE
2026-07-02 00:13:11,469 | WARNING  | HealthManager | Provider ALPHA_VANTAGE is unhealthy.
2026-07-02 00:13:11,470 | WARNING  | SourceEngine | ALPHA_VANTAGE OFFLINE
2026-07-02 00:13:11,472 | CRITICAL | SourceEngine | ALL PROVIDERS FAILED : V
2026-07-02 00:13:11,473 | INFO     | SourceEngine | REQUEST : V
2026-07-02 00:13:11,686 | WARNING  | HealthManager | Provider MASSIVE is unhealthy.
2026-07-02 00:13:11,687 | WARNING  | SourceEngine | MASSIVE OFFLINE
2026-07-02 00:13:12,151 | ERROR    | StatisticsManager | FINNHUB failed after 0.2241s
2026-07-02 00:13:12,152 | WARNING  | SourceEngine | FINNHUB : EMPTY_DATA
2026-07-02 00:13:12,349 | WARNING  | HealthManager | Provider FMP is unhealthy.
2026-07-02 00:13:12,351 | WARNING  | SourceEngine | FMP OFFLINE
2026-07-02 00:13:12,564 | WARNING  | HealthManager | Provider ALPHA_VANTAGE is unhealthy.
2026-07-02 00:13:12,566 | WARNING  | SourceEngine | ALPHA_VANTAGE OFFLINE
2026-07-02 00:13:12,568 | CRITICAL | SourceEngine | ALL PROVIDERS FAILED : V
2026-07-02 00:13:12,569 | INFO     | SourceEngine | REQUEST : V
2026-07-02 00:13:12,773 | WARNING  | HealthManager | Provider MASSIVE is unhealthy.
2026-07-02 00:13:12,773 | WARNING  | SourceEngine | MASSIVE OFFLINE
2026-07-02 00:13:13,284 | ERROR    | StatisticsManager | FINNHUB failed after 0.2663s
2026-07-02 00:13:13,285 | WARNING  | SourceEngine | FINNHUB : EMPTY_DATA
2026-07-02 00:13:13,498 | WARNING  | HealthManager | Provider FMP is unhealthy.
2026-07-02 00:13:13,499 | WARNING  | SourceEngine | FMP OFFLINE
2026-07-02 00:13:13,732 | WARNING  | HealthManager | Provider ALPHA_VANTAGE is unhealthy.
2026-07-02 00:13:13,733 | WARNING  | SourceEngine | ALPHA_VANTAGE OFFLINE
2026-07-02 00:13:13,734 | CRITICAL | SourceEngine | ALL PROVIDERS FAILED : V
2026-07-02 00:13:13,735 | INFO     | SourceEngine | REQUEST : MA
2026-07-02 00:13:13,970 | WARNING  | HealthManager | Provider MASSIVE is unhealthy.
2026-07-02 00:13:13,971 | WARNING  | SourceEngine | MASSIVE OFFLINE
2026-07-02 00:13:14,452 | ERROR    | StatisticsManager | FINNHUB failed after 0.2373s
2026-07-02 00:13:14,453 | WARNING  | SourceEngine | FINNHUB : EMPTY_DATA
2026-07-02 00:13:14,647 | WARNING  | HealthManager | Provider FMP is unhealthy.
2026-07-02 00:13:14,648 | WARNING  | SourceEngine | FMP OFFLINE
2026-07-02 00:13:14,870 | WARNING  | HealthManager | Provider ALPHA_VANTAGE is unhealthy.
2026-07-02 00:13:14,871 | WARNING  | SourceEngine | ALPHA_VANTAGE OFFLINE
2026-07-02 00:13:14,872 | CRITICAL | SourceEngine | ALL PROVIDERS FAILED : MA
2026-07-02 00:13:14,873 | INFO     | SourceEngine | REQUEST : MA
2026-07-02 00:13:15,392 | WARNING  | HealthManager | Provider MASSIVE is unhealthy.
2026-07-02 00:13:15,393 | WARNING  | SourceEngine | MASSIVE OFFLINE
2026-07-02 00:13:15,885 | ERROR    | StatisticsManager | FINNHUB failed after 0.2340s
2026-07-02 00:13:15,894 | WARNING  | SourceEngine | FINNHUB : EMPTY_DATA
2026-07-02 00:13:16,120 | WARNING  | HealthManager | Provider FMP is unhealthy.
2026-07-02 00:13:16,122 | WARNING  | SourceEngine | FMP OFFLINE
2026-07-02 00:13:16,333 | WARNING  | HealthManager | Provider ALPHA_VANTAGE is unhealthy.
2026-07-02 00:13:16,334 | WARNING  | SourceEngine | ALPHA_VANTAGE OFFLINE
2026-07-02 00:13:16,335 | CRITICAL | SourceEngine | ALL PROVIDERS FAILED : MA
2026-07-02 00:13:16,336 | INFO     | SourceEngine | REQUEST : MA
2026-07-02 00:13:16,546 | WARNING  | HealthManager | Provider MASSIVE is unhealthy.
2026-07-02 00:13:16,548 | WARNING  | SourceEngine | MASSIVE OFFLINE
2026-07-02 00:13:17,027 | ERROR    | StatisticsManager | FINNHUB failed after 0.2406s
2026-07-02 00:13:17,028 | WARNING  | SourceEngine | FINNHUB : EMPTY_DATA
2026-07-02 00:13:17,479 | WARNING  | HealthManager | Provider FMP is unhealthy.
2026-07-02 00:13:17,480 | WARNING  | SourceEngine | FMP OFFLINE
2026-07-02 00:13:17,721 | WARNING  | HealthManager | Provider ALPHA_VANTAGE is unhealthy.
2026-07-02 00:13:17,722 | WARNING  | SourceEngine | ALPHA_VANTAGE OFFLINE
2026-07-02 00:13:17,723 | CRITICAL | SourceEngine | ALL PROVIDERS FAILED : MA
2026-07-02 00:13:17,724 | INFO     | SourceEngine | REQUEST : LLY
2026-07-02 00:13:17,955 | WARNING  | HealthManager | Provider MASSIVE is unhealthy.
2026-07-02 00:13:17,955 | WARNING  | SourceEngine | MASSIVE OFFLINE
2026-07-02 00:13:18,455 | ERROR    | StatisticsManager | FINNHUB failed after 0.2514s
2026-07-02 00:13:18,456 | WARNING  | SourceEngine | FINNHUB : EMPTY_DATA
2026-07-02 00:13:18,659 | WARNING  | HealthManager | Provider FMP is unhealthy.
2026-07-02 00:13:18,659 | WARNING  | SourceEngine | FMP OFFLINE
2026-07-02 00:13:18,891 | WARNING  | HealthManager | Provider ALPHA_VANTAGE is unhealthy.
2026-07-02 00:13:18,892 | WARNING  | SourceEngine | ALPHA_VANTAGE OFFLINE
2026-07-02 00:13:18,892 | CRITICAL | SourceEngine | ALL PROVIDERS FAILED : LLY
2026-07-02 00:13:18,894 | INFO     | SourceEngine | REQUEST : LLY
2026-07-02 00:13:19,107 | WARNING  | HealthManager | Provider MASSIVE is unhealthy.
2026-07-02 00:13:19,108 | WARNING  | SourceEngine | MASSIVE OFFLINE
2026-07-02 00:13:19,585 | ERROR    | StatisticsManager | FINNHUB failed after 0.2327s
2026-07-02 00:13:19,586 | WARNING  | SourceEngine | FINNHUB : EMPTY_DATA
2026-07-02 00:13:19,802 | WARNING  | HealthManager | Provider FMP is unhealthy.
2026-07-02 00:13:19,804 | WARNING  | SourceEngine | FMP OFFLINE
2026-07-02 00:13:20,013 | WARNING  | HealthManager | Provider ALPHA_VANTAGE is unhealthy.
2026-07-02 00:13:20,015 | WARNING  | SourceEngine | ALPHA_VANTAGE OFFLINE
2026-07-02 00:13:20,019 | CRITICAL | SourceEngine | ALL PROVIDERS FAILED : LLY
2026-07-02 00:13:20,023 | INFO     | SourceEngine | REQUEST : LLY
2026-07-02 00:13:20,224 | WARNING  | HealthManager | Provider MASSIVE is unhealthy.
2026-07-02 00:13:20,225 | WARNING  | SourceEngine | MASSIVE OFFLINE
2026-07-02 00:13:20,703 | ERROR    | StatisticsManager | FINNHUB failed after 0.2411s
2026-07-02 00:13:20,705 | WARNING  | SourceEngine | FINNHUB : EMPTY_DATA
2026-07-02 00:13:20,895 | WARNING  | HealthManager | Provider FMP is unhealthy.
2026-07-02 00:13:20,896 | WARNING  | SourceEngine | FMP OFFLINE
2026-07-02 00:13:21,112 | WARNING  | HealthManager | Provider ALPHA_VANTAGE is unhealthy.
2026-07-02 00:13:21,113 | WARNING  | SourceEngine | ALPHA_VANTAGE OFFLINE
2026-07-02 00:13:21,114 | CRITICAL | SourceEngine | ALL PROVIDERS FAILED : LLY
2026-07-02 00:13:21,115 | INFO     | SourceEngine | REQUEST : UNH
2026-07-02 00:13:21,326 | WARNING  | HealthManager | Provider MASSIVE is unhealthy.
2026-07-02 00:13:21,328 | WARNING  | SourceEngine | MASSIVE OFFLINE
2026-07-02 00:13:21,839 | ERROR    | StatisticsManager | FINNHUB failed after 0.2615s
2026-07-02 00:13:21,839 | WARNING  | SourceEngine | FINNHUB : EMPTY_DATA
2026-07-02 00:13:22,053 | WARNING  | HealthManager | Provider FMP is unhealthy.
2026-07-02 00:13:22,057 | WARNING  | SourceEngine | FMP OFFLINE
2026-07-02 00:13:22,273 | WARNING  | HealthManager | Provider ALPHA_VANTAGE is unhealthy.
2026-07-02 00:13:22,273 | WARNING  | SourceEngine | ALPHA_VANTAGE OFFLINE
2026-07-02 00:13:22,274 | CRITICAL | SourceEngine | ALL PROVIDERS FAILED : UNH
2026-07-02 00:13:22,279 | INFO     | SourceEngine | REQUEST : UNH
2026-07-02 00:13:22,506 | WARNING  | HealthManager | Provider MASSIVE is unhealthy.
2026-07-02 00:13:22,507 | WARNING  | SourceEngine | MASSIVE OFFLINE
2026-07-02 00:13:23,045 | ERROR    | StatisticsManager | FINNHUB failed after 0.2796s
2026-07-02 00:13:23,046 | WARNING  | SourceEngine | FINNHUB : EMPTY_DATA
2026-07-02 00:13:23,242 | WARNING  | HealthManager | Provider FMP is unhealthy.
2026-07-02 00:13:23,242 | WARNING  | SourceEngine | FMP OFFLINE
2026-07-02 00:13:23,470 | WARNING  | HealthManager | Provider ALPHA_VANTAGE is unhealthy.
2026-07-02 00:13:23,472 | WARNING  | SourceEngine | ALPHA_VANTAGE OFFLINE
2026-07-02 00:13:23,473 | CRITICAL | SourceEngine | ALL PROVIDERS FAILED : UNH
2026-07-02 00:13:23,478 | INFO     | SourceEngine | REQUEST : UNH
2026-07-02 00:13:23,721 | WARNING  | HealthManager | Provider MASSIVE is unhealthy.
2026-07-02 00:13:23,722 | WARNING  | SourceEngine | MASSIVE OFFLINE
2026-07-02 00:13:24,191 | ERROR    | StatisticsManager | FINNHUB failed after 0.2270s
2026-07-02 00:13:24,193 | WARNING  | SourceEngine | FINNHUB : EMPTY_DATA
2026-07-02 00:13:24,402 | WARNING  | HealthManager | Provider FMP is unhealthy.
2026-07-02 00:13:24,402 | WARNING  | SourceEngine | FMP OFFLINE
2026-07-02 00:13:24,635 | WARNING  | HealthManager | Provider ALPHA_VANTAGE is unhealthy.
2026-07-02 00:13:24,635 | WARNING  | SourceEngine | ALPHA_VANTAGE OFFLINE
2026-07-02 00:13:24,635 | CRITICAL | SourceEngine | ALL PROVIDERS FAILED : UNH
2026-07-02 00:13:24,636 | INFO     | SourceEngine | REQUEST : ABBV
2026-07-02 00:13:24,873 | WARNING  | HealthManager | Provider MASSIVE is unhealthy.
2026-07-02 00:13:24,875 | WARNING  | SourceEngine | MASSIVE OFFLINE
2026-07-02 00:13:25,405 | ERROR    | StatisticsManager | FINNHUB failed after 0.2812s
2026-07-02 00:13:25,406 | WARNING  | SourceEngine | FINNHUB : EMPTY_DATA
2026-07-02 00:13:26,011 | WARNING  | HealthManager | Provider FMP is unhealthy.
2026-07-02 00:13:26,012 | WARNING  | SourceEngine | FMP OFFLINE
2026-07-02 00:13:26,246 | WARNING  | HealthManager | Provider ALPHA_VANTAGE is unhealthy.
2026-07-02 00:13:26,247 | WARNING  | SourceEngine | ALPHA_VANTAGE OFFLINE
2026-07-02 00:13:26,248 | CRITICAL | SourceEngine | ALL PROVIDERS FAILED : ABBV
2026-07-02 00:13:26,250 | INFO     | SourceEngine | REQUEST : ABBV
2026-07-02 00:13:26,450 | WARNING  | HealthManager | Provider MASSIVE is unhealthy.
2026-07-02 00:13:26,451 | WARNING  | SourceEngine | MASSIVE OFFLINE
2026-07-02 00:13:26,929 | ERROR    | StatisticsManager | FINNHUB failed after 0.2353s
2026-07-02 00:13:26,930 | WARNING  | SourceEngine | FINNHUB : EMPTY_DATA
2026-07-02 00:13:27,124 | WARNING  | HealthManager | Provider FMP is unhealthy.
2026-07-02 00:13:27,125 | WARNING  | SourceEngine | FMP OFFLINE
2026-07-02 00:13:27,341 | WARNING  | HealthManager | Provider ALPHA_VANTAGE is unhealthy.
2026-07-02 00:13:27,342 | WARNING  | SourceEngine | ALPHA_VANTAGE OFFLINE
2026-07-02 00:13:27,346 | CRITICAL | SourceEngine | ALL PROVIDERS FAILED : ABBV
2026-07-02 00:13:27,360 | INFO     | SourceEngine | REQUEST : ABBV
2026-07-02 00:13:27,622 | WARNING  | HealthManager | Provider MASSIVE is unhealthy.
2026-07-02 00:13:27,622 | WARNING  | SourceEngine | MASSIVE OFFLINE
2026-07-02 00:13:28,142 | ERROR    | StatisticsManager | FINNHUB failed after 0.2564s
2026-07-02 00:13:28,143 | WARNING  | SourceEngine | FINNHUB : EMPTY_DATA
2026-07-02 00:13:28,347 | WARNING  | HealthManager | Provider FMP is unhealthy.
2026-07-02 00:13:28,348 | WARNING  | SourceEngine | FMP OFFLINE
2026-07-02 00:13:28,562 | WARNING  | HealthManager | Provider ALPHA_VANTAGE is unhealthy.
2026-07-02 00:13:28,562 | WARNING  | SourceEngine | ALPHA_VANTAGE OFFLINE
2026-07-02 00:13:28,563 | CRITICAL | SourceEngine | ALL PROVIDERS FAILED : ABBV
2026-07-02 00:13:28,563 | INFO     | SourceEngine | REQUEST : ORCL
2026-07-02 00:13:28,769 | WARNING  | HealthManager | Provider MASSIVE is unhealthy.
2026-07-02 00:13:28,769 | WARNING  | SourceEngine | MASSIVE OFFLINE
2026-07-02 00:13:29,257 | ERROR    | StatisticsManager | FINNHUB failed after 0.2384s
2026-07-02 00:13:29,258 | WARNING  | SourceEngine | FINNHUB : EMPTY_DATA
2026-07-02 00:13:29,480 | WARNING  | HealthManager | Provider FMP is unhealthy.
2026-07-02 00:13:29,481 | WARNING  | SourceEngine | FMP OFFLINE
2026-07-02 00:13:29,697 | WARNING  | HealthManager | Provider ALPHA_VANTAGE is unhealthy.
2026-07-02 00:13:29,698 | WARNING  | SourceEngine | ALPHA_VANTAGE OFFLINE
2026-07-02 00:13:29,699 | CRITICAL | SourceEngine | ALL PROVIDERS FAILED : ORCL
2026-07-02 00:13:29,700 | INFO     | SourceEngine | REQUEST : ORCL
2026-07-02 00:13:29,904 | WARNING  | HealthManager | Provider MASSIVE is unhealthy.
2026-07-02 00:13:29,905 | WARNING  | SourceEngine | MASSIVE OFFLINE
2026-07-02 00:13:30,400 | ERROR    | StatisticsManager | FINNHUB failed after 0.2391s
2026-07-02 00:13:30,401 | WARNING  | SourceEngine | FINNHUB : EMPTY_DATA
2026-07-02 00:13:30,618 | WARNING  | HealthManager | Provider FMP is unhealthy.
2026-07-02 00:13:30,619 | WARNING  | SourceEngine | FMP OFFLINE
2026-07-02 00:13:30,871 | WARNING  | HealthManager | Provider ALPHA_VANTAGE is unhealthy.
2026-07-02 00:13:30,872 | WARNING  | SourceEngine | ALPHA_VANTAGE OFFLINE
2026-07-02 00:13:30,873 | CRITICAL | SourceEngine | ALL PROVIDERS FAILED : ORCL
2026-07-02 00:13:30,875 | INFO     | SourceEngine | REQUEST : ORCL
2026-07-02 00:13:31,122 | WARNING  | HealthManager | Provider MASSIVE is unhealthy.
2026-07-02 00:13:31,123 | WARNING  | SourceEngine | MASSIVE OFFLINE
2026-07-02 00:13:31,630 | ERROR    | StatisticsManager | FINNHUB failed after 0.2634s
2026-07-02 00:13:31,631 | WARNING  | SourceEngine | FINNHUB : EMPTY_DATA
2026-07-02 00:13:31,848 | WARNING  | HealthManager | Provider FMP is unhealthy.
2026-07-02 00:13:31,849 | WARNING  | SourceEngine | FMP OFFLINE
2026-07-02 00:13:32,118 | WARNING  | HealthManager | Provider ALPHA_VANTAGE is unhealthy.
2026-07-02 00:13:32,119 | WARNING  | SourceEngine | ALPHA_VANTAGE OFFLINE
2026-07-02 00:13:32,120 | CRITICAL | SourceEngine | ALL PROVIDERS FAILED : ORCL
2026-07-02 00:13:32,121 | INFO     | SourceEngine | REQUEST : APP
2026-07-02 00:13:32,324 | WARNING  | HealthManager | Provider MASSIVE is unhealthy.
2026-07-02 00:13:32,325 | WARNING  | SourceEngine | MASSIVE OFFLINE
2026-07-02 00:13:32,838 | ERROR    | StatisticsManager | FINNHUB failed after 0.2489s
2026-07-02 00:13:32,839 | WARNING  | SourceEngine | FINNHUB : EMPTY_DATA
2026-07-02 00:13:33,036 | WARNING  | HealthManager | Provider FMP is unhealthy.
2026-07-02 00:13:33,036 | WARNING  | SourceEngine | FMP OFFLINE
2026-07-02 00:13:33,268 | WARNING  | HealthManager | Provider ALPHA_VANTAGE is unhealthy.
2026-07-02 00:13:33,269 | WARNING  | SourceEngine | ALPHA_VANTAGE OFFLINE
2026-07-02 00:13:33,270 | CRITICAL | SourceEngine | ALL PROVIDERS FAILED : APP
2026-07-02 00:13:33,271 | INFO     | SourceEngine | REQUEST : APP
2026-07-02 00:13:33,796 | WARNING  | HealthManager | Provider MASSIVE is unhealthy.
2026-07-02 00:13:33,796 | WARNING  | SourceEngine | MASSIVE OFFLINE
2026-07-02 00:13:34,660 | ERROR    | StatisticsManager | FINNHUB failed after 0.3126s
2026-07-02 00:13:34,661 | WARNING  | SourceEngine | FINNHUB : EMPTY_DATA
2026-07-02 00:13:34,871 | WARNING  | HealthManager | Provider FMP is unhealthy.
2026-07-02 00:13:34,871 | WARNING  | SourceEngine | FMP OFFLINE
2026-07-02 00:13:35,097 | WARNING  | HealthManager | Provider ALPHA_VANTAGE is unhealthy.
2026-07-02 00:13:35,098 | WARNING  | SourceEngine | ALPHA_VANTAGE OFFLINE
2026-07-02 00:13:35,099 | CRITICAL | SourceEngine | ALL PROVIDERS FAILED : APP
2026-07-02 00:13:35,101 | INFO     | SourceEngine | REQUEST : APP
2026-07-02 00:13:35,634 | WARNING  | HealthManager | Provider MASSIVE is unhealthy.
2026-07-02 00:13:35,635 | WARNING  | SourceEngine | MASSIVE OFFLINE
2026-07-02 00:13:36,137 | ERROR    | StatisticsManager | FINNHUB failed after 0.2341s
2026-07-02 00:13:36,138 | WARNING  | SourceEngine | FINNHUB : EMPTY_DATA
2026-07-02 00:13:36,342 | WARNING  | HealthManager | Provider FMP is unhealthy.
2026-07-02 00:13:36,343 | WARNING  | SourceEngine | FMP OFFLINE
2026-07-02 00:13:36,582 | WARNING  | HealthManager | Provider ALPHA_VANTAGE is unhealthy.
2026-07-02 00:13:36,582 | WARNING  | SourceEngine | ALPHA_VANTAGE OFFLINE
2026-07-02 00:13:36,583 | CRITICAL | SourceEngine | ALL PROVIDERS FAILED : APP
2026-07-02 00:13:36,583 | INFO     | SourceEngine | REQUEST : UBER
2026-07-02 00:13:36,817 | WARNING  | HealthManager | Provider MASSIVE is unhealthy.
2026-07-02 00:13:36,818 | WARNING  | SourceEngine | MASSIVE OFFLINE
2026-07-02 00:13:37,325 | ERROR    | StatisticsManager | FINNHUB failed after 0.2396s
2026-07-02 00:13:37,326 | WARNING  | SourceEngine | FINNHUB : EMPTY_DATA
2026-07-02 00:13:37,537 | WARNING  | HealthManager | Provider FMP is unhealthy.
2026-07-02 00:13:37,538 | WARNING  | SourceEngine | FMP OFFLINE
2026-07-02 00:13:37,769 | WARNING  | HealthManager | Provider ALPHA_VANTAGE is unhealthy.
2026-07-02 00:13:37,770 | WARNING  | SourceEngine | ALPHA_VANTAGE OFFLINE
2026-07-02 00:13:37,771 | CRITICAL | SourceEngine | ALL PROVIDERS FAILED : UBER
2026-07-02 00:13:37,773 | INFO     | SourceEngine | REQUEST : UBER
2026-07-02 00:13:39,065 | WARNING  | HealthManager | Provider MASSIVE is unhealthy.
2026-07-02 00:13:39,066 | WARNING  | SourceEngine | MASSIVE OFFLINE
2026-07-02 00:13:39,566 | ERROR    | StatisticsManager | FINNHUB failed after 0.2398s
2026-07-02 00:13:39,566 | WARNING  | SourceEngine | FINNHUB : EMPTY_DATA
2026-07-02 00:13:39,832 | WARNING  | HealthManager | Provider FMP is unhealthy.
2026-07-02 00:13:39,833 | WARNING  | SourceEngine | FMP OFFLINE
2026-07-02 00:13:40,066 | WARNING  | HealthManager | Provider ALPHA_VANTAGE is unhealthy.
2026-07-02 00:13:40,067 | WARNING  | SourceEngine | ALPHA_VANTAGE OFFLINE
2026-07-02 00:13:40,068 | CRITICAL | SourceEngine | ALL PROVIDERS FAILED : UBER
2026-07-02 00:13:40,070 | INFO     | SourceEngine | REQUEST : UBER
2026-07-02 00:13:40,284 | WARNING  | HealthManager | Provider MASSIVE is unhealthy.
2026-07-02 00:13:40,286 | WARNING  | SourceEngine | MASSIVE OFFLINE
2026-07-02 00:13:40,784 | ERROR    | StatisticsManager | FINNHUB failed after 0.2436s
2026-07-02 00:13:40,785 | WARNING  | SourceEngine | FINNHUB : EMPTY_DATA
2026-07-02 00:13:40,999 | WARNING  | HealthManager | Provider FMP is unhealthy.
2026-07-02 00:13:41,000 | WARNING  | SourceEngine | FMP OFFLINE
2026-07-02 00:13:41,227 | WARNING  | HealthManager | Provider ALPHA_VANTAGE is unhealthy.
2026-07-02 00:13:41,228 | WARNING  | SourceEngine | ALPHA_VANTAGE OFFLINE
2026-07-02 00:13:41,229 | CRITICAL | SourceEngine | ALL PROVIDERS FAILED : UBER
2026-07-02 00:13:41,230 | INFO     | SourceEngine | REQUEST : CRM
2026-07-02 00:13:41,488 | WARNING  | HealthManager | Provider MASSIVE is unhealthy.
2026-07-02 00:13:41,489 | WARNING  | SourceEngine | MASSIVE OFFLINE
2026-07-02 00:13:41,998 | ERROR    | StatisticsManager | FINNHUB failed after 0.2495s
2026-07-02 00:13:41,999 | WARNING  | SourceEngine | FINNHUB : EMPTY_DATA
2026-07-02 00:13:42,194 | WARNING  | HealthManager | Provider FMP is unhealthy.
2026-07-02 00:13:42,195 | WARNING  | SourceEngine | FMP OFFLINE
2026-07-02 00:13:42,756 | WARNING  | HealthManager | Provider ALPHA_VANTAGE is unhealthy.
2026-07-02 00:13:42,758 | WARNING  | SourceEngine | ALPHA_VANTAGE OFFLINE
2026-07-02 00:13:42,759 | CRITICAL | SourceEngine | ALL PROVIDERS FAILED : CRM
2026-07-02 00:13:42,760 | INFO     | SourceEngine | REQUEST : CRM
2026-07-02 00:13:42,963 | WARNING  | HealthManager | Provider MASSIVE is unhealthy.
2026-07-02 00:13:42,964 | WARNING  | SourceEngine | MASSIVE OFFLINE
2026-07-02 00:13:43,450 | ERROR    | StatisticsManager | FINNHUB failed after 0.2270s
2026-07-02 00:13:43,451 | WARNING  | SourceEngine | FINNHUB : EMPTY_DATA
2026-07-02 00:13:43,654 | WARNING  | HealthManager | Provider FMP is unhealthy.
2026-07-02 00:13:43,655 | WARNING  | SourceEngine | FMP OFFLINE
2026-07-02 00:13:43,859 | WARNING  | HealthManager | Provider ALPHA_VANTAGE is unhealthy.
2026-07-02 00:13:43,860 | WARNING  | SourceEngine | ALPHA_VANTAGE OFFLINE
2026-07-02 00:13:43,861 | CRITICAL | SourceEngine | ALL PROVIDERS FAILED : CRM
2026-07-02 00:13:43,863 | INFO     | SourceEngine | REQUEST : CRM
2026-07-02 00:13:44,059 | WARNING  | HealthManager | Provider MASSIVE is unhealthy.
2026-07-02 00:13:44,060 | WARNING  | SourceEngine | MASSIVE OFFLINE
2026-07-02 00:13:44,529 | ERROR    | StatisticsManager | FINNHUB failed after 0.2310s
2026-07-02 00:13:44,530 | WARNING  | SourceEngine | FINNHUB : EMPTY_DATA
2026-07-02 00:13:44,726 | WARNING  | HealthManager | Provider FMP is unhealthy.
2026-07-02 00:13:44,727 | WARNING  | SourceEngine | FMP OFFLINE
2026-07-02 00:13:44,951 | WARNING  | HealthManager | Provider ALPHA_VANTAGE is unhealthy.
2026-07-02 00:13:44,951 | WARNING  | SourceEngine | ALPHA_VANTAGE OFFLINE
2026-07-02 00:13:44,952 | CRITICAL | SourceEngine | ALL PROVIDERS FAILED : CRM
2026-07-02 00:13:44,953 | INFO     | SourceEngine | REQUEST : ADBE
2026-07-02 00:13:45,141 | WARNING  | HealthManager | Provider MASSIVE is unhealthy.
2026-07-02 00:13:45,142 | WARNING  | SourceEngine | MASSIVE OFFLINE
2026-07-02 00:13:45,610 | ERROR    | StatisticsManager | FINNHUB failed after 0.2268s
2026-07-02 00:13:45,612 | WARNING  | SourceEngine | FINNHUB : EMPTY_DATA
2026-07-02 00:13:45,825 | WARNING  | HealthManager | Provider FMP is unhealthy.
2026-07-02 00:13:45,826 | WARNING  | SourceEngine | FMP OFFLINE
2026-07-02 00:13:46,049 | WARNING  | HealthManager | Provider ALPHA_VANTAGE is unhealthy.
2026-07-02 00:13:46,051 | WARNING  | SourceEngine | ALPHA_VANTAGE OFFLINE
2026-07-02 00:13:46,052 | CRITICAL | SourceEngine | ALL PROVIDERS FAILED : ADBE
2026-07-02 00:13:46,053 | INFO     | SourceEngine | REQUEST : ADBE
2026-07-02 00:13:46,244 | WARNING  | HealthManager | Provider MASSIVE is unhealthy.
2026-07-02 00:13:46,244 | WARNING  | SourceEngine | MASSIVE OFFLINE
2026-07-02 00:13:46,720 | ERROR    | StatisticsManager | FINNHUB failed after 0.2523s
2026-07-02 00:13:46,721 | WARNING  | SourceEngine | FINNHUB : EMPTY_DATA
2026-07-02 00:13:46,926 | WARNING  | HealthManager | Provider FMP is unhealthy.
2026-07-02 00:13:46,927 | WARNING  | SourceEngine | FMP OFFLINE
2026-07-02 00:13:47,145 | WARNING  | HealthManager | Provider ALPHA_VANTAGE is unhealthy.
2026-07-02 00:13:47,146 | WARNING  | SourceEngine | ALPHA_VANTAGE OFFLINE
2026-07-02 00:13:47,147 | CRITICAL | SourceEngine | ALL PROVIDERS FAILED : ADBE
2026-07-02 00:13:47,149 | INFO     | SourceEngine | REQUEST : ADBE
2026-07-02 00:13:47,356 | WARNING  | HealthManager | Provider MASSIVE is unhealthy.
2026-07-02 00:13:47,357 | WARNING  | SourceEngine | MASSIVE OFFLINE
2026-07-02 00:13:47,890 | ERROR    | StatisticsManager | FINNHUB failed after 0.3016s
2026-07-02 00:13:47,891 | WARNING  | SourceEngine | FINNHUB : EMPTY_DATA
2026-07-02 00:13:48,135 | WARNING  | HealthManager | Provider FMP is unhealthy.
2026-07-02 00:13:48,136 | WARNING  | SourceEngine | FMP OFFLINE
2026-07-02 00:13:48,359 | WARNING  | HealthManager | Provider ALPHA_VANTAGE is unhealthy.
2026-07-02 00:13:48,360 | WARNING  | SourceEngine | ALPHA_VANTAGE OFFLINE
2026-07-02 00:13:48,361 | CRITICAL | SourceEngine | ALL PROVIDERS FAILED : ADBE
2026-07-02 00:13:48,362 | INFO     | SourceEngine | REQUEST : BA
2026-07-02 00:13:48,557 | WARNING  | HealthManager | Provider MASSIVE is unhealthy.
2026-07-02 00:13:48,558 | WARNING  | SourceEngine | MASSIVE OFFLINE
2026-07-02 00:13:49,094 | ERROR    | StatisticsManager | FINNHUB failed after 0.2641s
2026-07-02 00:13:49,095 | WARNING  | SourceEngine | FINNHUB : EMPTY_DATA
2026-07-02 00:13:49,291 | WARNING  | HealthManager | Provider FMP is unhealthy.
2026-07-02 00:13:49,293 | WARNING  | SourceEngine | FMP OFFLINE
2026-07-02 00:13:49,524 | WARNING  | HealthManager | Provider ALPHA_VANTAGE is unhealthy.
2026-07-02 00:13:49,525 | WARNING  | SourceEngine | ALPHA_VANTAGE OFFLINE
2026-07-02 00:13:49,526 | CRITICAL | SourceEngine | ALL PROVIDERS FAILED : BA
2026-07-02 00:13:49,527 | INFO     | SourceEngine | REQUEST : BA
2026-07-02 00:13:49,740 | WARNING  | HealthManager | Provider MASSIVE is unhealthy.
2026-07-02 00:13:49,742 | WARNING  | SourceEngine | MASSIVE OFFLINE
2026-07-02 00:13:50,219 | ERROR    | StatisticsManager | FINNHUB failed after 0.2406s
2026-07-02 00:13:50,220 | WARNING  | SourceEngine | FINNHUB : EMPTY_DATA
2026-07-02 00:13:50,431 | WARNING  | HealthManager | Provider FMP is unhealthy.
2026-07-02 00:13:50,432 | WARNING  | SourceEngine | FMP OFFLINE
2026-07-02 00:13:50,657 | WARNING  | HealthManager | Provider ALPHA_VANTAGE is unhealthy.
2026-07-02 00:13:50,658 | WARNING  | SourceEngine | ALPHA_VANTAGE OFFLINE
2026-07-02 00:13:50,659 | CRITICAL | SourceEngine | ALL PROVIDERS FAILED : BA
2026-07-02 00:13:50,661 | INFO     | SourceEngine | REQUEST : BA
2026-07-02 00:13:51,131 | WARNING  | HealthManager | Provider MASSIVE is unhealthy.
2026-07-02 00:13:51,132 | WARNING  | SourceEngine | MASSIVE OFFLINE
2026-07-02 00:13:51,671 | ERROR    | StatisticsManager | FINNHUB failed after 0.2751s
2026-07-02 00:13:51,672 | WARNING  | SourceEngine | FINNHUB : EMPTY_DATA
2026-07-02 00:13:51,892 | WARNING  | HealthManager | Provider FMP is unhealthy.
2026-07-02 00:13:51,893 | WARNING  | SourceEngine | FMP OFFLINE
2026-07-02 00:13:52,119 | WARNING  | HealthManager | Provider ALPHA_VANTAGE is unhealthy.
2026-07-02 00:13:52,120 | WARNING  | SourceEngine | ALPHA_VANTAGE OFFLINE
2026-07-02 00:13:52,121 | CRITICAL | SourceEngine | ALL PROVIDERS FAILED : BA
2026-07-02 00:13:52,122 | INFO     | SourceEngine | REQUEST : TXN
2026-07-02 00:13:52,318 | WARNING  | HealthManager | Provider MASSIVE is unhealthy.
2026-07-02 00:13:52,319 | WARNING  | SourceEngine | MASSIVE OFFLINE
2026-07-02 00:13:52,813 | ERROR    | StatisticsManager | FINNHUB failed after 0.2534s
2026-07-02 00:13:52,814 | WARNING  | SourceEngine | FINNHUB : EMPTY_DATA
2026-07-02 00:13:53,015 | WARNING  | HealthManager | Provider FMP is unhealthy.
2026-07-02 00:13:53,016 | WARNING  | SourceEngine | FMP OFFLINE
2026-07-02 00:13:53,246 | WARNING  | HealthManager | Provider ALPHA_VANTAGE is unhealthy.
2026-07-02 00:13:53,246 | WARNING  | SourceEngine | ALPHA_VANTAGE OFFLINE
2026-07-02 00:13:53,247 | CRITICAL | SourceEngine | ALL PROVIDERS FAILED : TXN
2026-07-02 00:13:53,249 | INFO     | SourceEngine | REQUEST : TXN
2026-07-02 00:13:53,429 | WARNING  | HealthManager | Provider MASSIVE is unhealthy.
2026-07-02 00:13:53,430 | WARNING  | SourceEngine | MASSIVE OFFLINE
2026-07-02 00:13:53,925 | ERROR    | StatisticsManager | FINNHUB failed after 0.2450s
2026-07-02 00:13:53,926 | WARNING  | SourceEngine | FINNHUB : EMPTY_DATA
2026-07-02 00:13:54,127 | WARNING  | HealthManager | Provider FMP is unhealthy.
2026-07-02 00:13:54,128 | WARNING  | SourceEngine | FMP OFFLINE
2026-07-02 00:13:54,333 | WARNING  | HealthManager | Provider ALPHA_VANTAGE is unhealthy.
2026-07-02 00:13:54,334 | WARNING  | SourceEngine | ALPHA_VANTAGE OFFLINE
2026-07-02 00:13:54,335 | CRITICAL | SourceEngine | ALL PROVIDERS FAILED : TXN
2026-07-02 00:13:54,337 | INFO     | SourceEngine | REQUEST : TXN
2026-07-02 00:13:54,537 | WARNING  | HealthManager | Provider MASSIVE is unhealthy.
2026-07-02 00:13:54,538 | WARNING  | SourceEngine | MASSIVE OFFLINE
2026-07-02 00:13:55,065 | ERROR    | StatisticsManager | FINNHUB failed after 0.2716s
2026-07-02 00:13:55,066 | WARNING  | SourceEngine | FINNHUB : EMPTY_DATA
2026-07-02 00:13:55,431 | WARNING  | HealthManager | Provider FMP is unhealthy.
2026-07-02 00:13:55,432 | WARNING  | SourceEngine | FMP OFFLINE
2026-07-02 00:13:55,659 | WARNING  | HealthManager | Provider ALPHA_VANTAGE is unhealthy.
2026-07-02 00:13:55,660 | WARNING  | SourceEngine | ALPHA_VANTAGE OFFLINE
2026-07-02 00:13:55,660 | CRITICAL | SourceEngine | ALL PROVIDERS FAILED : TXN
2026-07-02 00:13:55,661 | INFO     | SourceEngine | REQUEST : XOM
2026-07-02 00:13:55,859 | WARNING  | HealthManager | Provider MASSIVE is unhealthy.
2026-07-02 00:13:55,860 | WARNING  | SourceEngine | MASSIVE OFFLINE
2026-07-02 00:13:56,369 | ERROR    | StatisticsManager | FINNHUB failed after 0.2397s
2026-07-02 00:13:56,370 | WARNING  | SourceEngine | FINNHUB : EMPTY_DATA
2026-07-02 00:13:56,573 | WARNING  | HealthManager | Provider FMP is unhealthy.
2026-07-02 00:13:56,574 | WARNING  | SourceEngine | FMP OFFLINE
2026-07-02 00:13:56,852 | WARNING  | HealthManager | Provider ALPHA_VANTAGE is unhealthy.
2026-07-02 00:13:56,853 | WARNING  | SourceEngine | ALPHA_VANTAGE OFFLINE
2026-07-02 00:13:56,854 | CRITICAL | SourceEngine | ALL PROVIDERS FAILED : XOM
2026-07-02 00:13:56,856 | INFO     | SourceEngine | REQUEST : XOM
2026-07-02 00:13:57,045 | WARNING  | HealthManager | Provider MASSIVE is unhealthy.
2026-07-02 00:13:57,046 | WARNING  | SourceEngine | MASSIVE OFFLINE
2026-07-02 00:13:57,568 | ERROR    | StatisticsManager | FINNHUB failed after 0.2715s
2026-07-02 00:13:57,569 | WARNING  | SourceEngine | FINNHUB : EMPTY_DATA
2026-07-02 00:13:57,757 | WARNING  | HealthManager | Provider FMP is unhealthy.
2026-07-02 00:13:57,758 | WARNING  | SourceEngine | FMP OFFLINE
2026-07-02 00:13:57,989 | WARNING  | HealthManager | Provider ALPHA_VANTAGE is unhealthy.
2026-07-02 00:13:57,990 | WARNING  | SourceEngine | ALPHA_VANTAGE OFFLINE
2026-07-02 00:13:57,990 | CRITICAL | SourceEngine | ALL PROVIDERS FAILED : XOM
2026-07-02 00:13:57,992 | INFO     | SourceEngine | REQUEST : XOM
2026-07-02 00:13:58,212 | WARNING  | HealthManager | Provider MASSIVE is unhealthy.
2026-07-02 00:13:58,212 | WARNING  | SourceEngine | MASSIVE OFFLINE
2026-07-02 00:13:58,682 | ERROR    | StatisticsManager | FINNHUB failed after 0.2317s
2026-07-02 00:13:58,683 | WARNING  | SourceEngine | FINNHUB : EMPTY_DATA
2026-07-02 00:13:58,887 | WARNING  | HealthManager | Provider FMP is unhealthy.
2026-07-02 00:13:58,888 | WARNING  | SourceEngine | FMP OFFLINE
2026-07-02 00:13:59,132 | WARNING  | HealthManager | Provider ALPHA_VANTAGE is unhealthy.
2026-07-02 00:13:59,135 | WARNING  | SourceEngine | ALPHA_VANTAGE OFFLINE
2026-07-02 00:13:59,136 | CRITICAL | SourceEngine | ALL PROVIDERS FAILED : XOM
2026-07-02 00:13:59,137 | INFO     | SourceEngine | REQUEST : CVX
2026-07-02 00:13:59,545 | WARNING  | HealthManager | Provider MASSIVE is unhealthy.
2026-07-02 00:13:59,546 | WARNING  | SourceEngine | MASSIVE OFFLINE
2026-07-02 00:14:00,048 | ERROR    | StatisticsManager | FINNHUB failed after 0.2468s
2026-07-02 00:14:00,049 | WARNING  | SourceEngine | FINNHUB : EMPTY_DATA
2026-07-02 00:14:00,260 | WARNING  | HealthManager | Provider FMP is unhealthy.
2026-07-02 00:14:00,263 | WARNING  | SourceEngine | FMP OFFLINE
2026-07-02 00:14:00,489 | WARNING  | HealthManager | Provider ALPHA_VANTAGE is unhealthy.
2026-07-02 00:14:00,490 | WARNING  | SourceEngine | ALPHA_VANTAGE OFFLINE
2026-07-02 00:14:00,490 | CRITICAL | SourceEngine | ALL PROVIDERS FAILED : CVX
2026-07-02 00:14:00,491 | INFO     | SourceEngine | REQUEST : CVX
2026-07-02 00:14:00,695 | WARNING  | HealthManager | Provider MASSIVE is unhealthy.
2026-07-02 00:14:00,696 | WARNING  | SourceEngine | MASSIVE OFFLINE
2026-07-02 00:14:01,239 | ERROR    | StatisticsManager | FINNHUB failed after 0.3010s
2026-07-02 00:14:01,239 | WARNING  | SourceEngine | FINNHUB : EMPTY_DATA
2026-07-02 00:14:01,980 | WARNING  | HealthManager | Provider FMP is unhealthy.
2026-07-02 00:14:01,980 | WARNING  | SourceEngine | FMP OFFLINE
2026-07-02 00:14:02,194 | WARNING  | HealthManager | Provider ALPHA_VANTAGE is unhealthy.
2026-07-02 00:14:02,195 | WARNING  | SourceEngine | ALPHA_VANTAGE OFFLINE
2026-07-02 00:14:02,195 | CRITICAL | SourceEngine | ALL PROVIDERS FAILED : CVX
2026-07-02 00:14:02,196 | INFO     | SourceEngine | REQUEST : CVX
2026-07-02 00:14:02,500 | WARNING  | HealthManager | Provider MASSIVE is unhealthy.
2026-07-02 00:14:02,501 | WARNING  | SourceEngine | MASSIVE OFFLINE
2026-07-02 00:14:03,110 | ERROR    | StatisticsManager | FINNHUB failed after 0.3059s
2026-07-02 00:14:03,111 | WARNING  | SourceEngine | FINNHUB : EMPTY_DATA
2026-07-02 00:14:03,323 | WARNING  | HealthManager | Provider FMP is unhealthy.
2026-07-02 00:14:03,324 | WARNING  | SourceEngine | FMP OFFLINE
2026-07-02 00:14:03,581 | WARNING  | HealthManager | Provider ALPHA_VANTAGE is unhealthy.
2026-07-02 00:14:03,583 | WARNING  | SourceEngine | ALPHA_VANTAGE OFFLINE
2026-07-02 00:14:03,585 | CRITICAL | SourceEngine | ALL PROVIDERS FAILED : CVX
2026-07-02 00:14:03,585 | INFO     | SourceEngine | REQUEST : GLD
2026-07-02 00:14:03,777 | WARNING  | HealthManager | Provider MASSIVE is unhealthy.
2026-07-02 00:14:03,779 | WARNING  | SourceEngine | MASSIVE OFFLINE
2026-07-02 00:14:04,296 | ERROR    | StatisticsManager | FINNHUB failed after 0.2607s
2026-07-02 00:14:04,297 | WARNING  | SourceEngine | FINNHUB : EMPTY_DATA
2026-07-02 00:14:04,553 | WARNING  | HealthManager | Provider FMP is unhealthy.
2026-07-02 00:14:04,553 | WARNING  | SourceEngine | FMP OFFLINE
2026-07-02 00:14:04,788 | WARNING  | HealthManager | Provider ALPHA_VANTAGE is unhealthy.
2026-07-02 00:14:04,792 | WARNING  | SourceEngine | ALPHA_VANTAGE OFFLINE
2026-07-02 00:14:04,793 | CRITICAL | SourceEngine | ALL PROVIDERS FAILED : GLD
2026-07-02 00:14:04,808 | INFO     | SourceEngine | REQUEST : GLD
2026-07-02 00:14:05,114 | WARNING  | HealthManager | Provider MASSIVE is unhealthy.
2026-07-02 00:14:05,116 | WARNING  | SourceEngine | MASSIVE OFFLINE
2026-07-02 00:14:05,829 | ERROR    | StatisticsManager | FINNHUB failed after 0.3513s
2026-07-02 00:14:05,830 | WARNING  | SourceEngine | FINNHUB : EMPTY_DATA
2026-07-02 00:14:06,085 | WARNING  | HealthManager | Provider FMP is unhealthy.
2026-07-02 00:14:06,086 | WARNING  | SourceEngine | FMP OFFLINE
2026-07-02 00:14:06,316 | WARNING  | HealthManager | Provider ALPHA_VANTAGE is unhealthy.
2026-07-02 00:14:06,317 | WARNING  | SourceEngine | ALPHA_VANTAGE OFFLINE
2026-07-02 00:14:06,318 | CRITICAL | SourceEngine | ALL PROVIDERS FAILED : GLD
2026-07-02 00:14:06,320 | INFO     | SourceEngine | REQUEST : GLD
2026-07-02 00:14:06,557 | WARNING  | HealthManager | Provider MASSIVE is unhealthy.
2026-07-02 00:14:06,557 | WARNING  | SourceEngine | MASSIVE OFFLINE
2026-07-02 00:14:07,089 | ERROR    | StatisticsManager | FINNHUB failed after 0.2562s
2026-07-02 00:14:07,089 | WARNING  | SourceEngine | FINNHUB : EMPTY_DATA
2026-07-02 00:14:07,319 | WARNING  | HealthManager | Provider FMP is unhealthy.
2026-07-02 00:14:07,320 | WARNING  | SourceEngine | FMP OFFLINE
2026-07-02 00:14:07,535 | WARNING  | HealthManager | Provider ALPHA_VANTAGE is unhealthy.
2026-07-02 00:14:07,536 | WARNING  | SourceEngine | ALPHA_VANTAGE OFFLINE
2026-07-02 00:14:07,537 | CRITICAL | SourceEngine | ALL PROVIDERS FAILED : GLD
2026-07-02 00:14:07,541 | INFO     | SourceEngine | REQUEST : BTC-USD
2026-07-02 00:14:07,969 | WARNING  | HealthManager | Provider MASSIVE is unhealthy.
2026-07-02 00:14:07,969 | WARNING  | SourceEngine | MASSIVE OFFLINE
2026-07-02 00:14:08,529 | ERROR    | StatisticsManager | FINNHUB failed after 0.2800s
2026-07-02 00:14:08,530 | WARNING  | SourceEngine | FINNHUB : EMPTY_DATA
2026-07-02 00:14:08,728 | WARNING  | HealthManager | Provider FMP is unhealthy.
2026-07-02 00:14:08,729 | WARNING  | SourceEngine | FMP OFFLINE
2026-07-02 00:14:08,959 | WARNING  | HealthManager | Provider ALPHA_VANTAGE is unhealthy.
2026-07-02 00:14:08,960 | WARNING  | SourceEngine | ALPHA_VANTAGE OFFLINE
2026-07-02 00:14:08,961 | CRITICAL | SourceEngine | ALL PROVIDERS FAILED : BTC-USD
2026-07-02 00:14:08,963 | INFO     | SourceEngine | REQUEST : BTC-USD
2026-07-02 00:14:09,165 | WARNING  | HealthManager | Provider MASSIVE is unhealthy.
2026-07-02 00:14:09,166 | WARNING  | SourceEngine | MASSIVE OFFLINE
2026-07-02 00:14:09,651 | ERROR    | StatisticsManager | FINNHUB failed after 0.2469s
2026-07-02 00:14:09,651 | WARNING  | SourceEngine | FINNHUB : EMPTY_DATA
2026-07-02 00:14:09,863 | WARNING  | HealthManager | Provider FMP is unhealthy.
2026-07-02 00:14:09,863 | WARNING  | SourceEngine | FMP OFFLINE
2026-07-02 00:14:10,090 | WARNING  | HealthManager | Provider ALPHA_VANTAGE is unhealthy.
2026-07-02 00:14:10,091 | WARNING  | SourceEngine | ALPHA_VANTAGE OFFLINE
2026-07-02 00:14:10,092 | CRITICAL | SourceEngine | ALL PROVIDERS FAILED : BTC-USD
2026-07-02 00:14:10,094 | INFO     | SourceEngine | REQUEST : BTC-USD
2026-07-02 00:14:10,307 | WARNING  | HealthManager | Provider MASSIVE is unhealthy.
2026-07-02 00:14:10,308 | WARNING  | SourceEngine | MASSIVE OFFLINE
2026-07-02 00:14:10,824 | ERROR    | StatisticsManager | FINNHUB failed after 0.2450s
2026-07-02 00:14:10,825 | WARNING  | SourceEngine | FINNHUB : EMPTY_DATA
2026-07-02 00:14:11,091 | WARNING  | HealthManager | Provider FMP is unhealthy.
2026-07-02 00:14:11,092 | WARNING  | SourceEngine | FMP OFFLINE
2026-07-02 00:14:11,337 | WARNING  | HealthManager | Provider ALPHA_VANTAGE is unhealthy.
2026-07-02 00:14:11,337 | WARNING  | SourceEngine | ALPHA_VANTAGE OFFLINE
2026-07-02 00:14:11,338 | CRITICAL | SourceEngine | ALL PROVIDERS FAILED : BTC-USD
2026-07-02 00:15:11,339 | INFO     | SourceEngine | REQUEST : SPX
2026-07-02 00:15:11,552 | WARNING  | HealthManager | Provider MASSIVE is unhealthy.
2026-07-02 00:15:11,569 | WARNING  | SourceEngine | MASSIVE OFFLINE
2026-07-02 00:15:12,112 | ERROR    | StatisticsManager | FINNHUB failed after 0.2678s
2026-07-02 00:15:12,155 | WARNING  | SourceEngine | FINNHUB : EMPTY_DATA
2026-07-02 00:15:13,781 | WARNING  | HealthManager | Provider FMP is unhealthy.
2026-07-02 00:15:13,782 | WARNING  | SourceEngine | FMP OFFLINE
2026-07-02 00:15:14,195 | WARNING  | HealthManager | Provider ALPHA_VANTAGE is unhealthy.
2026-07-02 00:15:14,196 | WARNING  | SourceEngine | ALPHA_VANTAGE OFFLINE
2026-07-02 00:15:14,197 | CRITICAL | SourceEngine | ALL PROVIDERS FAILED : SPX
2026-07-02 00:15:14,199 | INFO     | SourceEngine | REQUEST : SPX
2026-07-02 00:15:14,415 | WARNING  | HealthManager | Provider MASSIVE is unhealthy.
2026-07-02 00:15:14,415 | WARNING  | SourceEngine | MASSIVE OFFLINE
2026-07-02 00:15:14,943 | ERROR    | StatisticsManager | FINNHUB failed after 0.2509s
2026-07-02 00:15:14,944 | WARNING  | SourceEngine | FINNHUB : EMPTY_DATA
2026-07-02 00:15:15,430 | WARNING  | HealthManager | Provider FMP is unhealthy.
2026-07-02 00:15:15,431 | WARNING  | SourceEngine | FMP OFFLINE
2026-07-02 00:15:15,651 | WARNING  | HealthManager | Provider ALPHA_VANTAGE is unhealthy.
2026-07-02 00:15:15,652 | WARNING  | SourceEngine | ALPHA_VANTAGE OFFLINE
2026-07-02 00:15:15,653 | CRITICAL | SourceEngine | ALL PROVIDERS FAILED : SPX
2026-07-02 00:15:15,655 | INFO     | SourceEngine | REQUEST : SPX
2026-07-02 00:15:15,853 | WARNING  | HealthManager | Provider MASSIVE is unhealthy.
2026-07-02 00:15:15,854 | WARNING  | SourceEngine | MASSIVE OFFLINE
2026-07-02 00:15:16,461 | ERROR    | StatisticsManager | FINNHUB failed after 0.3719s
2026-07-02 00:15:16,462 | WARNING  | SourceEngine | FINNHUB : EMPTY_DATA
2026-07-02 00:15:16,664 | WARNING  | HealthManager | Provider FMP is unhealthy.
2026-07-02 00:15:16,665 | WARNING  | SourceEngine | FMP OFFLINE
2026-07-02 00:15:16,877 | WARNING  | HealthManager | Provider ALPHA_VANTAGE is unhealthy.
2026-07-02 00:15:16,878 | WARNING  | SourceEngine | ALPHA_VANTAGE OFFLINE
2026-07-02 00:15:16,879 | CRITICAL | SourceEngine | ALL PROVIDERS FAILED : SPX
2026-07-02 00:15:16,880 | INFO     | SourceEngine | REQUEST : NASDAQ
2026-07-02 00:15:17,153 | WARNING  | HealthManager | Provider MASSIVE is unhealthy.
2026-07-02 00:15:17,154 | WARNING  | SourceEngine | MASSIVE OFFLINE
2026-07-02 00:15:17,744 | ERROR    | StatisticsManager | FINNHUB failed after 0.2890s
2026-07-02 00:15:17,745 | WARNING  | SourceEngine | FINNHUB : EMPTY_DATA
2026-07-02 00:15:18,032 | WARNING  | HealthManager | Provider FMP is unhealthy.
2026-07-02 00:15:18,033 | WARNING  | SourceEngine | FMP OFFLINE
2026-07-02 00:15:18,244 | WARNING  | HealthManager | Provider ALPHA_VANTAGE is unhealthy.
2026-07-02 00:15:18,245 | WARNING  | SourceEngine | ALPHA_VANTAGE OFFLINE
2026-07-02 00:15:18,246 | CRITICAL | SourceEngine | ALL PROVIDERS FAILED : NASDAQ
2026-07-02 00:15:18,248 | INFO     | SourceEngine | REQUEST : NASDAQ
2026-07-02 00:15:18,460 | WARNING  | HealthManager | Provider MASSIVE is unhealthy.
2026-07-02 00:15:18,461 | WARNING  | SourceEngine | MASSIVE OFFLINE
2026-07-02 00:15:19,076 | ERROR    | StatisticsManager | FINNHUB failed after 0.3040s
2026-07-02 00:15:19,076 | WARNING  | SourceEngine | FINNHUB : EMPTY_DATA
2026-07-02 00:15:19,293 | WARNING  | HealthManager | Provider FMP is unhealthy.
2026-07-02 00:15:19,294 | WARNING  | SourceEngine | FMP OFFLINE
2026-07-02 00:15:19,512 | WARNING  | HealthManager | Provider ALPHA_VANTAGE is unhealthy.
2026-07-02 00:15:19,513 | WARNING  | SourceEngine | ALPHA_VANTAGE OFFLINE
2026-07-02 00:15:19,514 | CRITICAL | SourceEngine | ALL PROVIDERS FAILED : NASDAQ
2026-07-02 00:15:19,515 | INFO     | SourceEngine | REQUEST : NASDAQ
2026-07-02 00:15:19,808 | WARNING  | HealthManager | Provider MASSIVE is unhealthy.
2026-07-02 00:15:19,809 | WARNING  | SourceEngine | MASSIVE OFFLINE
2026-07-02 00:15:20,503 | ERROR    | StatisticsManager | FINNHUB failed after 0.3254s
2026-07-02 00:15:20,504 | WARNING  | SourceEngine | FINNHUB : EMPTY_DATA
2026-07-02 00:15:20,697 | WARNING  | HealthManager | Provider FMP is unhealthy.
2026-07-02 00:15:20,698 | WARNING  | SourceEngine | FMP OFFLINE
2026-07-02 00:15:20,974 | WARNING  | HealthManager | Provider ALPHA_VANTAGE is unhealthy.
2026-07-02 00:15:20,975 | WARNING  | SourceEngine | ALPHA_VANTAGE OFFLINE
2026-07-02 00:15:20,976 | CRITICAL | SourceEngine | ALL PROVIDERS FAILED : NASDAQ
2026-07-02 00:15:20,977 | INFO     | SourceEngine | REQUEST : SPY
2026-07-02 00:15:21,178 | WARNING  | HealthManager | Provider MASSIVE is unhealthy.
2026-07-02 00:15:21,179 | WARNING  | SourceEngine | MASSIVE OFFLINE
2026-07-02 00:15:21,719 | ERROR    | StatisticsManager | FINNHUB failed after 0.2985s
2026-07-02 00:15:21,720 | WARNING  | SourceEngine | FINNHUB : EMPTY_DATA
2026-07-02 00:15:21,917 | WARNING  | HealthManager | Provider FMP is unhealthy.
2026-07-02 00:15:21,918 | WARNING  | SourceEngine | FMP OFFLINE
2026-07-02 00:15:22,361 | WARNING  | HealthManager | Provider ALPHA_VANTAGE is unhealthy.
2026-07-02 00:15:22,362 | WARNING  | SourceEngine | ALPHA_VANTAGE OFFLINE
2026-07-02 00:15:22,362 | CRITICAL | SourceEngine | ALL PROVIDERS FAILED : SPY
2026-07-02 00:15:22,364 | INFO     | SourceEngine | REQUEST : SPY
2026-07-02 00:15:22,642 | WARNING  | HealthManager | Provider MASSIVE is unhealthy.
2026-07-02 00:15:22,643 | WARNING  | SourceEngine | MASSIVE OFFLINE
2026-07-02 00:15:23,350 | ERROR    | StatisticsManager | FINNHUB failed after 0.3692s
2026-07-02 00:15:23,352 | WARNING  | SourceEngine | FINNHUB : EMPTY_DATA
2026-07-02 00:15:23,579 | WARNING  | HealthManager | Provider FMP is unhealthy.
2026-07-02 00:15:23,579 | WARNING  | SourceEngine | FMP OFFLINE
2026-07-02 00:15:23,888 | WARNING  | HealthManager | Provider ALPHA_VANTAGE is unhealthy.
2026-07-02 00:15:23,889 | WARNING  | SourceEngine | ALPHA_VANTAGE OFFLINE
2026-07-02 00:15:23,890 | CRITICAL | SourceEngine | ALL PROVIDERS FAILED : SPY
2026-07-02 00:15:23,892 | INFO     | SourceEngine | REQUEST : SPY
2026-07-02 00:15:24,178 | WARNING  | HealthManager | Provider MASSIVE is unhealthy.
2026-07-02 00:15:24,179 | WARNING  | SourceEngine | MASSIVE OFFLINE
2026-07-02 00:15:24,902 | ERROR    | StatisticsManager | FINNHUB failed after 0.4852s
2026-07-02 00:15:24,903 | WARNING  | SourceEngine | FINNHUB : EMPTY_DATA
2026-07-02 00:15:25,104 | WARNING  | HealthManager | Provider FMP is unhealthy.
2026-07-02 00:15:25,105 | WARNING  | SourceEngine | FMP OFFLINE
2026-07-02 00:15:25,322 | WARNING  | HealthManager | Provider ALPHA_VANTAGE is unhealthy.
2026-07-02 00:15:25,323 | WARNING  | SourceEngine | ALPHA_VANTAGE OFFLINE
2026-07-02 00:15:25,324 | CRITICAL | SourceEngine | ALL PROVIDERS FAILED : SPY
2026-07-02 00:15:25,325 | INFO     | SourceEngine | REQUEST : QQQ
2026-07-02 00:15:25,519 | WARNING  | HealthManager | Provider MASSIVE is unhealthy.
2026-07-02 00:15:25,520 | WARNING  | SourceEngine | MASSIVE OFFLINE
2026-07-02 00:15:25,984 | ERROR    | StatisticsManager | FINNHUB failed after 0.2285s
2026-07-02 00:15:25,985 | WARNING  | SourceEngine | FINNHUB : EMPTY_DATA
2026-07-02 00:15:26,186 | WARNING  | HealthManager | Provider FMP is unhealthy.
2026-07-02 00:15:26,187 | WARNING  | SourceEngine | FMP OFFLINE
2026-07-02 00:15:26,405 | WARNING  | HealthManager | Provider ALPHA_VANTAGE is unhealthy.
2026-07-02 00:15:26,406 | WARNING  | SourceEngine | ALPHA_VANTAGE OFFLINE
2026-07-02 00:15:26,407 | CRITICAL | SourceEngine | ALL PROVIDERS FAILED : QQQ
2026-07-02 00:15:26,409 | INFO     | SourceEngine | REQUEST : QQQ
2026-07-02 00:15:26,624 | WARNING  | HealthManager | Provider MASSIVE is unhealthy.
2026-07-02 00:15:26,625 | WARNING  | SourceEngine | MASSIVE OFFLINE
2026-07-02 00:15:27,123 | ERROR    | StatisticsManager | FINNHUB failed after 0.2536s
2026-07-02 00:15:27,125 | WARNING  | SourceEngine | FINNHUB : EMPTY_DATA
2026-07-02 00:15:27,338 | WARNING  | HealthManager | Provider FMP is unhealthy.
2026-07-02 00:15:27,339 | WARNING  | SourceEngine | FMP OFFLINE
2026-07-02 00:15:27,564 | WARNING  | HealthManager | Provider ALPHA_VANTAGE is unhealthy.
2026-07-02 00:15:27,565 | WARNING  | SourceEngine | ALPHA_VANTAGE OFFLINE
2026-07-02 00:15:27,566 | CRITICAL | SourceEngine | ALL PROVIDERS FAILED : QQQ
2026-07-02 00:15:27,567 | INFO     | SourceEngine | REQUEST : QQQ
2026-07-02 00:15:27,773 | WARNING  | HealthManager | Provider MASSIVE is unhealthy.
2026-07-02 00:15:27,774 | WARNING  | SourceEngine | MASSIVE OFFLINE
2026-07-02 00:15:28,258 | ERROR    | StatisticsManager | FINNHUB failed after 0.2395s
2026-07-02 00:15:28,258 | WARNING  | SourceEngine | FINNHUB : EMPTY_DATA
2026-07-02 00:15:28,464 | WARNING  | HealthManager | Provider FMP is unhealthy.
2026-07-02 00:15:28,465 | WARNING  | SourceEngine | FMP OFFLINE
2026-07-02 00:15:28,673 | WARNING  | HealthManager | Provider ALPHA_VANTAGE is unhealthy.
2026-07-02 00:15:28,673 | WARNING  | SourceEngine | ALPHA_VANTAGE OFFLINE
2026-07-02 00:15:28,674 | CRITICAL | SourceEngine | ALL PROVIDERS FAILED : QQQ
2026-07-02 00:15:28,676 | INFO     | SourceEngine | REQUEST : NVDA
2026-07-02 00:15:28,877 | WARNING  | HealthManager | Provider MASSIVE is unhealthy.
2026-07-02 00:15:28,877 | WARNING  | SourceEngine | MASSIVE OFFLINE
2026-07-02 00:15:29,417 | ERROR    | StatisticsManager | FINNHUB failed after 0.2488s
2026-07-02 00:15:29,418 | WARNING  | SourceEngine | FINNHUB : EMPTY_DATA
2026-07-02 00:15:29,639 | WARNING  | HealthManager | Provider FMP is unhealthy.
2026-07-02 00:15:29,640 | WARNING  | SourceEngine | FMP OFFLINE
2026-07-02 00:15:29,880 | WARNING  | HealthManager | Provider ALPHA_VANTAGE is unhealthy.
2026-07-02 00:15:29,881 | WARNING  | SourceEngine | ALPHA_VANTAGE OFFLINE
2026-07-02 00:15:29,882 | CRITICAL | SourceEngine | ALL PROVIDERS FAILED : NVDA
2026-07-02 00:15:29,884 | INFO     | SourceEngine | REQUEST : NVDA
2026-07-02 00:15:30,069 | WARNING  | HealthManager | Provider MASSIVE is unhealthy.
2026-07-02 00:15:30,070 | WARNING  | SourceEngine | MASSIVE OFFLINE
2026-07-02 00:15:30,631 | ERROR    | StatisticsManager | FINNHUB failed after 0.2768s
2026-07-02 00:15:30,632 | WARNING  | SourceEngine | FINNHUB : EMPTY_DATA
2026-07-02 00:15:30,855 | WARNING  | HealthManager | Provider FMP is unhealthy.
2026-07-02 00:15:30,856 | WARNING  | SourceEngine | FMP OFFLINE
2026-07-02 00:15:31,075 | WARNING  | HealthManager | Provider ALPHA_VANTAGE is unhealthy.
2026-07-02 00:15:31,076 | WARNING  | SourceEngine | ALPHA_VANTAGE OFFLINE
2026-07-02 00:15:31,077 | CRITICAL | SourceEngine | ALL PROVIDERS FAILED : NVDA
2026-07-02 00:15:31,078 | INFO     | SourceEngine | REQUEST : NVDA
2026-07-02 00:15:31,283 | WARNING  | HealthManager | Provider MASSIVE is unhealthy.
2026-07-02 00:15:31,284 | WARNING  | SourceEngine | MASSIVE OFFLINE
2026-07-02 00:15:31,795 | ERROR    | StatisticsManager | FINNHUB failed after 0.2505s
2026-07-02 00:15:31,797 | WARNING  | SourceEngine | FINNHUB : EMPTY_DATA
2026-07-02 00:15:32,299 | WARNING  | HealthManager | Provider FMP is unhealthy.
2026-07-02 00:15:32,300 | WARNING  | SourceEngine | FMP OFFLINE
2026-07-02 00:15:32,535 | WARNING  | HealthManager | Provider ALPHA_VANTAGE is unhealthy.
2026-07-02 00:15:32,537 | WARNING  | SourceEngine | ALPHA_VANTAGE OFFLINE
2026-07-02 00:15:32,538 | CRITICAL | SourceEngine | ALL PROVIDERS FAILED : NVDA
2026-07-02 00:15:32,539 | INFO     | SourceEngine | REQUEST : AAPL
2026-07-02 00:15:32,734 | WARNING  | HealthManager | Provider MASSIVE is unhealthy.
2026-07-02 00:15:32,735 | WARNING  | SourceEngine | MASSIVE OFFLINE
2026-07-02 00:15:33,213 | ERROR    | StatisticsManager | FINNHUB failed after 0.2457s
2026-07-02 00:15:33,214 | WARNING  | SourceEngine | FINNHUB : EMPTY_DATA
2026-07-02 00:15:33,415 | WARNING  | HealthManager | Provider FMP is unhealthy.
2026-07-02 00:15:33,416 | WARNING  | SourceEngine | FMP OFFLINE
2026-07-02 00:15:33,638 | WARNING  | HealthManager | Provider ALPHA_VANTAGE is unhealthy.
2026-07-02 00:15:33,639 | WARNING  | SourceEngine | ALPHA_VANTAGE OFFLINE
2026-07-02 00:15:33,640 | CRITICAL | SourceEngine | ALL PROVIDERS FAILED : AAPL
2026-07-02 00:15:33,642 | INFO     | SourceEngine | REQUEST : AAPL
2026-07-02 00:15:33,841 | WARNING  | HealthManager | Provider MASSIVE is unhealthy.
2026-07-02 00:15:33,842 | WARNING  | SourceEngine | MASSIVE OFFLINE
2026-07-02 00:15:34,326 | ERROR    | StatisticsManager | FINNHUB failed after 0.2526s
2026-07-02 00:15:34,327 | WARNING  | SourceEngine | FINNHUB : EMPTY_DATA
2026-07-02 00:15:34,540 | WARNING  | HealthManager | Provider FMP is unhealthy.
2026-07-02 00:15:34,541 | WARNING  | SourceEngine | FMP OFFLINE
2026-07-02 00:15:34,759 | WARNING  | HealthManager | Provider ALPHA_VANTAGE is unhealthy.
2026-07-02 00:15:34,760 | WARNING  | SourceEngine | ALPHA_VANTAGE OFFLINE
2026-07-02 00:15:34,761 | CRITICAL | SourceEngine | ALL PROVIDERS FAILED : AAPL
2026-07-02 00:15:34,762 | INFO     | SourceEngine | REQUEST : AAPL
2026-07-02 00:15:34,955 | WARNING  | HealthManager | Provider MASSIVE is unhealthy.
2026-07-02 00:15:34,956 | WARNING  | SourceEngine | MASSIVE OFFLINE
2026-07-02 00:15:35,471 | ERROR    | StatisticsManager | FINNHUB failed after 0.2492s
2026-07-02 00:15:35,472 | WARNING  | SourceEngine | FINNHUB : EMPTY_DATA
2026-07-02 00:15:35,685 | WARNING  | HealthManager | Provider FMP is unhealthy.
2026-07-02 00:15:35,686 | WARNING  | SourceEngine | FMP OFFLINE
2026-07-02 00:15:35,893 | WARNING  | HealthManager | Provider ALPHA_VANTAGE is unhealthy.
2026-07-02 00:15:35,894 | WARNING  | SourceEngine | ALPHA_VANTAGE OFFLINE
2026-07-02 00:15:35,895 | CRITICAL | SourceEngine | ALL PROVIDERS FAILED : AAPL
2026-07-02 00:15:35,896 | INFO     | SourceEngine | REQUEST : MSFT
2026-07-02 00:15:36,097 | WARNING  | HealthManager | Provider MASSIVE is unhealthy.
2026-07-02 00:15:36,098 | WARNING  | SourceEngine | MASSIVE OFFLINE
2026-07-02 00:15:36,564 | ERROR    | StatisticsManager | FINNHUB failed after 0.2236s
2026-07-02 00:15:36,565 | WARNING  | SourceEngine | FINNHUB : EMPTY_DATA
2026-07-02 00:15:36,774 | WARNING  | HealthManager | Provider FMP is unhealthy.
2026-07-02 00:15:36,775 | WARNING  | SourceEngine | FMP OFFLINE
2026-07-02 00:15:37,021 | WARNING  | HealthManager | Provider ALPHA_VANTAGE is unhealthy.
2026-07-02 00:15:37,022 | WARNING  | SourceEngine | ALPHA_VANTAGE OFFLINE
2026-07-02 00:15:37,023 | CRITICAL | SourceEngine | ALL PROVIDERS FAILED : MSFT
2026-07-02 00:15:37,025 | INFO     | SourceEngine | REQUEST : MSFT
2026-07-02 00:15:37,245 | WARNING  | HealthManager | Provider MASSIVE is unhealthy.
2026-07-02 00:15:37,246 | WARNING  | SourceEngine | MASSIVE OFFLINE
2026-07-02 00:15:37,728 | ERROR    | StatisticsManager | FINNHUB failed after 0.2502s
2026-07-02 00:15:37,729 | WARNING  | SourceEngine | FINNHUB : EMPTY_DATA
2026-07-02 00:15:37,919 | WARNING  | HealthManager | Provider FMP is unhealthy.
2026-07-02 00:15:37,920 | WARNING  | SourceEngine | FMP OFFLINE
2026-07-02 00:15:38,166 | WARNING  | HealthManager | Provider ALPHA_VANTAGE is unhealthy.
2026-07-02 00:15:38,167 | WARNING  | SourceEngine | ALPHA_VANTAGE OFFLINE
2026-07-02 00:15:38,167 | CRITICAL | SourceEngine | ALL PROVIDERS FAILED : MSFT
2026-07-02 00:15:38,169 | INFO     | SourceEngine | REQUEST : MSFT
2026-07-02 00:15:38,366 | WARNING  | HealthManager | Provider MASSIVE is unhealthy.
2026-07-02 00:15:38,367 | WARNING  | SourceEngine | MASSIVE OFFLINE
2026-07-02 00:15:38,913 | ERROR    | StatisticsManager | FINNHUB failed after 0.2678s
2026-07-02 00:15:38,914 | WARNING  | SourceEngine | FINNHUB : EMPTY_DATA
2026-07-02 00:15:39,116 | WARNING  | HealthManager | Provider FMP is unhealthy.
2026-07-02 00:15:39,117 | WARNING  | SourceEngine | FMP OFFLINE
2026-07-02 00:15:39,346 | WARNING  | HealthManager | Provider ALPHA_VANTAGE is unhealthy.
2026-07-02 00:15:39,347 | WARNING  | SourceEngine | ALPHA_VANTAGE OFFLINE
2026-07-02 00:15:39,348 | CRITICAL | SourceEngine | ALL PROVIDERS FAILED : MSFT
2026-07-02 00:15:39,349 | INFO     | SourceEngine | REQUEST : META
2026-07-02 00:15:39,565 | WARNING  | HealthManager | Provider MASSIVE is unhealthy.
2026-07-02 00:15:39,565 | WARNING  | SourceEngine | MASSIVE OFFLINE
2026-07-02 00:15:40,308 | ERROR    | StatisticsManager | FINNHUB failed after 0.3910s
2026-07-02 00:15:40,309 | WARNING  | SourceEngine | FINNHUB : EMPTY_DATA
2026-07-02 00:15:40,846 | WARNING  | HealthManager | Provider FMP is unhealthy.
2026-07-02 00:15:40,847 | WARNING  | SourceEngine | FMP OFFLINE
2026-07-02 00:15:41,061 | WARNING  | HealthManager | Provider ALPHA_VANTAGE is unhealthy.
2026-07-02 00:15:41,063 | WARNING  | SourceEngine | ALPHA_VANTAGE OFFLINE
2026-07-02 00:15:41,064 | CRITICAL | SourceEngine | ALL PROVIDERS FAILED : META
2026-07-02 00:15:41,065 | INFO     | SourceEngine | REQUEST : META
2026-07-02 00:15:41,247 | WARNING  | HealthManager | Provider MASSIVE is unhealthy.
2026-07-02 00:15:41,248 | WARNING  | SourceEngine | MASSIVE OFFLINE
2026-07-02 00:15:41,723 | ERROR    | StatisticsManager | FINNHUB failed after 0.2409s
2026-07-02 00:15:41,724 | WARNING  | SourceEngine | FINNHUB : EMPTY_DATA
2026-07-02 00:15:41,917 | WARNING  | HealthManager | Provider FMP is unhealthy.
2026-07-02 00:15:41,918 | WARNING  | SourceEngine | FMP OFFLINE
2026-07-02 00:15:42,122 | WARNING  | HealthManager | Provider ALPHA_VANTAGE is unhealthy.
2026-07-02 00:15:42,123 | WARNING  | SourceEngine | ALPHA_VANTAGE OFFLINE
2026-07-02 00:15:42,124 | CRITICAL | SourceEngine | ALL PROVIDERS FAILED : META
2026-07-02 00:15:42,126 | INFO     | SourceEngine | REQUEST : META
2026-07-02 00:15:42,314 | WARNING  | HealthManager | Provider MASSIVE is unhealthy.
2026-07-02 00:15:42,315 | WARNING  | SourceEngine | MASSIVE OFFLINE
2026-07-02 00:15:42,785 | ERROR    | StatisticsManager | FINNHUB failed after 0.2301s
2026-07-02 00:15:42,786 | WARNING  | SourceEngine | FINNHUB : EMPTY_DATA
2026-07-02 00:15:43,002 | WARNING  | HealthManager | Provider FMP is unhealthy.
2026-07-02 00:15:43,003 | WARNING  | SourceEngine | FMP OFFLINE
2026-07-02 00:15:43,228 | WARNING  | HealthManager | Provider ALPHA_VANTAGE is unhealthy.
2026-07-02 00:15:43,229 | WARNING  | SourceEngine | ALPHA_VANTAGE OFFLINE
2026-07-02 00:15:43,230 | CRITICAL | SourceEngine | ALL PROVIDERS FAILED : META
2026-07-02 00:15:43,231 | INFO     | SourceEngine | REQUEST : AMZN
2026-07-02 00:15:43,409 | WARNING  | HealthManager | Provider MASSIVE is unhealthy.
2026-07-02 00:15:43,410 | WARNING  | SourceEngine | MASSIVE OFFLINE
2026-07-02 00:15:43,889 | ERROR    | StatisticsManager | FINNHUB failed after 0.2411s
2026-07-02 00:15:43,890 | WARNING  | SourceEngine | FINNHUB : EMPTY_DATA
2026-07-02 00:15:44,107 | WARNING  | HealthManager | Provider FMP is unhealthy.
2026-07-02 00:15:44,108 | WARNING  | SourceEngine | FMP OFFLINE
2026-07-02 00:15:44,336 | WARNING  | HealthManager | Provider ALPHA_VANTAGE is unhealthy.
2026-07-02 00:15:44,337 | WARNING  | SourceEngine | ALPHA_VANTAGE OFFLINE
2026-07-02 00:15:44,338 | CRITICAL | SourceEngine | ALL PROVIDERS FAILED : AMZN
2026-07-02 00:15:44,340 | INFO     | SourceEngine | REQUEST : AMZN
2026-07-02 00:15:44,536 | WARNING  | HealthManager | Provider MASSIVE is unhealthy.
2026-07-02 00:15:44,536 | WARNING  | SourceEngine | MASSIVE OFFLINE
2026-07-02 00:15:45,049 | ERROR    | StatisticsManager | FINNHUB failed after 0.2512s
2026-07-02 00:15:45,050 | WARNING  | SourceEngine | FINNHUB : EMPTY_DATA
2026-07-02 00:15:45,251 | WARNING  | HealthManager | Provider FMP is unhealthy.
2026-07-02 00:15:45,252 | WARNING  | SourceEngine | FMP OFFLINE
2026-07-02 00:15:45,485 | WARNING  | HealthManager | Provider ALPHA_VANTAGE is unhealthy.
2026-07-02 00:15:45,486 | WARNING  | SourceEngine | ALPHA_VANTAGE OFFLINE
2026-07-02 00:15:45,487 | CRITICAL | SourceEngine | ALL PROVIDERS FAILED : AMZN
2026-07-02 00:15:45,488 | INFO     | SourceEngine | REQUEST : AMZN
2026-07-02 00:15:45,672 | WARNING  | HealthManager | Provider MASSIVE is unhealthy.
2026-07-02 00:15:45,673 | WARNING  | SourceEngine | MASSIVE OFFLINE
2026-07-02 00:15:46,186 | ERROR    | StatisticsManager | FINNHUB failed after 0.2524s
2026-07-02 00:15:46,187 | WARNING  | SourceEngine | FINNHUB : EMPTY_DATA
2026-07-02 00:15:46,391 | WARNING  | HealthManager | Provider FMP is unhealthy.
2026-07-02 00:15:46,392 | WARNING  | SourceEngine | FMP OFFLINE
2026-07-02 00:15:46,634 | WARNING  | HealthManager | Provider ALPHA_VANTAGE is unhealthy.
2026-07-02 00:15:46,635 | WARNING  | SourceEngine | ALPHA_VANTAGE OFFLINE
2026-07-02 00:15:46,636 | CRITICAL | SourceEngine | ALL PROVIDERS FAILED : AMZN
2026-07-02 00:15:46,637 | INFO     | SourceEngine | REQUEST : GOOGL
2026-07-02 00:15:46,882 | WARNING  | HealthManager | Provider MASSIVE is unhealthy.
2026-07-02 00:15:46,882 | WARNING  | SourceEngine | MASSIVE OFFLINE
2026-07-02 00:15:47,407 | ERROR    | StatisticsManager | FINNHUB failed after 0.2805s
2026-07-02 00:15:47,409 | WARNING  | SourceEngine | FINNHUB : EMPTY_DATA
2026-07-02 00:15:47,612 | WARNING  | HealthManager | Provider FMP is unhealthy.
2026-07-02 00:15:47,613 | WARNING  | SourceEngine | FMP OFFLINE
2026-07-02 00:15:47,832 | WARNING  | HealthManager | Provider ALPHA_VANTAGE is unhealthy.
2026-07-02 00:15:47,832 | WARNING  | SourceEngine | ALPHA_VANTAGE OFFLINE
2026-07-02 00:15:47,833 | CRITICAL | SourceEngine | ALL PROVIDERS FAILED : GOOGL
2026-07-02 00:15:47,835 | INFO     | SourceEngine | REQUEST : GOOGL
2026-07-02 00:15:48,032 | WARNING  | HealthManager | Provider MASSIVE is unhealthy.
2026-07-02 00:15:48,033 | WARNING  | SourceEngine | MASSIVE OFFLINE
2026-07-02 00:15:48,508 | ERROR    | StatisticsManager | FINNHUB failed after 0.2379s
2026-07-02 00:15:48,509 | WARNING  | SourceEngine | FINNHUB : EMPTY_DATA
2026-07-02 00:15:48,720 | WARNING  | HealthManager | Provider FMP is unhealthy.
2026-07-02 00:15:48,721 | WARNING  | SourceEngine | FMP OFFLINE
2026-07-02 00:15:49,348 | WARNING  | HealthManager | Provider ALPHA_VANTAGE is unhealthy.
2026-07-02 00:15:49,349 | WARNING  | SourceEngine | ALPHA_VANTAGE OFFLINE
2026-07-02 00:15:49,349 | CRITICAL | SourceEngine | ALL PROVIDERS FAILED : GOOGL
2026-07-02 00:15:49,350 | INFO     | SourceEngine | REQUEST : GOOGL
2026-07-02 00:15:49,538 | WARNING  | HealthManager | Provider MASSIVE is unhealthy.
2026-07-02 00:15:49,539 | WARNING  | SourceEngine | MASSIVE OFFLINE
2026-07-02 00:15:50,006 | ERROR    | StatisticsManager | FINNHUB failed after 0.2241s
2026-07-02 00:15:50,007 | WARNING  | SourceEngine | FINNHUB : EMPTY_DATA
2026-07-02 00:15:50,276 | WARNING  | HealthManager | Provider FMP is unhealthy.
2026-07-02 00:15:50,276 | WARNING  | SourceEngine | FMP OFFLINE
2026-07-02 00:15:50,482 | WARNING  | HealthManager | Provider ALPHA_VANTAGE is unhealthy.
2026-07-02 00:15:50,483 | WARNING  | SourceEngine | ALPHA_VANTAGE OFFLINE
2026-07-02 00:15:50,484 | CRITICAL | SourceEngine | ALL PROVIDERS FAILED : GOOGL
2026-07-02 00:15:50,485 | INFO     | SourceEngine | REQUEST : AVGO
2026-07-02 00:15:50,662 | WARNING  | HealthManager | Provider MASSIVE is unhealthy.
2026-07-02 00:15:50,663 | WARNING  | SourceEngine | MASSIVE OFFLINE
2026-07-02 00:15:51,154 | ERROR    | StatisticsManager | FINNHUB failed after 0.2619s
2026-07-02 00:15:51,155 | WARNING  | SourceEngine | FINNHUB : EMPTY_DATA
2026-07-02 00:15:51,347 | WARNING  | HealthManager | Provider FMP is unhealthy.
2026-07-02 00:15:51,348 | WARNING  | SourceEngine | FMP OFFLINE
2026-07-02 00:15:51,556 | WARNING  | HealthManager | Provider ALPHA_VANTAGE is unhealthy.
2026-07-02 00:15:51,557 | WARNING  | SourceEngine | ALPHA_VANTAGE OFFLINE
2026-07-02 00:15:51,558 | CRITICAL | SourceEngine | ALL PROVIDERS FAILED : AVGO
2026-07-02 00:15:51,560 | INFO     | SourceEngine | REQUEST : AVGO
2026-07-02 00:15:51,735 | WARNING  | HealthManager | Provider MASSIVE is unhealthy.
2026-07-02 00:15:51,736 | WARNING  | SourceEngine | MASSIVE OFFLINE
2026-07-02 00:15:52,216 | ERROR    | StatisticsManager | FINNHUB failed after 0.2545s
2026-07-02 00:15:52,217 | WARNING  | SourceEngine | FINNHUB : EMPTY_DATA
2026-07-02 00:15:52,427 | WARNING  | HealthManager | Provider FMP is unhealthy.
2026-07-02 00:15:52,429 | WARNING  | SourceEngine | FMP OFFLINE
2026-07-02 00:15:52,672 | WARNING  | HealthManager | Provider ALPHA_VANTAGE is unhealthy.
2026-07-02 00:15:52,673 | WARNING  | SourceEngine | ALPHA_VANTAGE OFFLINE
2026-07-02 00:15:52,674 | CRITICAL | SourceEngine | ALL PROVIDERS FAILED : AVGO
2026-07-02 00:15:52,676 | INFO     | SourceEngine | REQUEST : AVGO
2026-07-02 00:15:52,874 | WARNING  | HealthManager | Provider MASSIVE is unhealthy.
2026-07-02 00:15:52,875 | WARNING  | SourceEngine | MASSIVE OFFLINE
2026-07-02 00:15:53,362 | ERROR    | StatisticsManager | FINNHUB failed after 0.2468s
2026-07-02 00:15:53,363 | WARNING  | SourceEngine | FINNHUB : EMPTY_DATA
2026-07-02 00:15:53,556 | WARNING  | HealthManager | Provider FMP is unhealthy.
2026-07-02 00:15:53,557 | WARNING  | SourceEngine | FMP OFFLINE
2026-07-02 00:15:53,780 | WARNING  | HealthManager | Provider ALPHA_VANTAGE is unhealthy.
2026-07-02 00:15:53,781 | WARNING  | SourceEngine | ALPHA_VANTAGE OFFLINE
2026-07-02 00:15:53,782 | CRITICAL | SourceEngine | ALL PROVIDERS FAILED : AVGO
2026-07-02 00:15:53,783 | INFO     | SourceEngine | REQUEST : TSLA
2026-07-02 00:15:53,983 | WARNING  | HealthManager | Provider MASSIVE is unhealthy.
2026-07-02 00:15:53,983 | WARNING  | SourceEngine | MASSIVE OFFLINE
2026-07-02 00:15:54,495 | ERROR    | StatisticsManager | FINNHUB failed after 0.2703s
2026-07-02 00:15:54,495 | WARNING  | SourceEngine | FINNHUB : EMPTY_DATA
2026-07-02 00:15:54,704 | WARNING  | HealthManager | Provider FMP is unhealthy.
2026-07-02 00:15:54,705 | WARNING  | SourceEngine | FMP OFFLINE
2026-07-02 00:15:54,917 | WARNING  | HealthManager | Provider ALPHA_VANTAGE is unhealthy.
2026-07-02 00:15:54,918 | WARNING  | SourceEngine | ALPHA_VANTAGE OFFLINE
2026-07-02 00:15:54,919 | CRITICAL | SourceEngine | ALL PROVIDERS FAILED : TSLA
2026-07-02 00:15:54,921 | INFO     | SourceEngine | REQUEST : TSLA
2026-07-02 00:15:55,124 | WARNING  | HealthManager | Provider MASSIVE is unhealthy.
2026-07-02 00:15:55,125 | WARNING  | SourceEngine | MASSIVE OFFLINE
2026-07-02 00:15:55,606 | ERROR    | StatisticsManager | FINNHUB failed after 0.2411s
2026-07-02 00:15:55,607 | WARNING  | SourceEngine | FINNHUB : EMPTY_DATA
2026-07-02 00:15:55,839 | WARNING  | HealthManager | Provider FMP is unhealthy.
2026-07-02 00:15:55,841 | WARNING  | SourceEngine | FMP OFFLINE
2026-07-02 00:15:56,072 | WARNING  | HealthManager | Provider ALPHA_VANTAGE is unhealthy.
2026-07-02 00:15:56,073 | WARNING  | SourceEngine | ALPHA_VANTAGE OFFLINE
2026-07-02 00:15:56,074 | CRITICAL | SourceEngine | ALL PROVIDERS FAILED : TSLA
2026-07-02 00:15:56,076 | INFO     | SourceEngine | REQUEST : TSLA
2026-07-02 00:15:56,279 | WARNING  | HealthManager | Provider MASSIVE is unhealthy.
2026-07-02 00:15:56,279 | WARNING  | SourceEngine | MASSIVE OFFLINE
2026-07-02 00:15:56,760 | ERROR    | StatisticsManager | FINNHUB failed after 0.2287s
2026-07-02 00:15:56,761 | WARNING  | SourceEngine | FINNHUB : EMPTY_DATA
2026-07-02 00:15:56,973 | WARNING  | HealthManager | Provider FMP is unhealthy.
2026-07-02 00:15:56,974 | WARNING  | SourceEngine | FMP OFFLINE
2026-07-02 00:15:57,249 | WARNING  | HealthManager | Provider ALPHA_VANTAGE is unhealthy.
2026-07-02 00:15:57,250 | WARNING  | SourceEngine | ALPHA_VANTAGE OFFLINE
2026-07-02 00:15:57,251 | CRITICAL | SourceEngine | ALL PROVIDERS FAILED : TSLA
2026-07-02 00:15:57,252 | INFO     | SourceEngine | REQUEST : NFLX
2026-07-02 00:15:57,749 | WARNING  | HealthManager | Provider MASSIVE is unhealthy.
2026-07-02 00:15:57,750 | WARNING  | SourceEngine | MASSIVE OFFLINE
2026-07-02 00:15:58,252 | ERROR    | StatisticsManager | FINNHUB failed after 0.2674s
2026-07-02 00:15:58,253 | WARNING  | SourceEngine | FINNHUB : EMPTY_DATA
2026-07-02 00:15:58,476 | WARNING  | HealthManager | Provider FMP is unhealthy.
2026-07-02 00:15:58,477 | WARNING  | SourceEngine | FMP OFFLINE
2026-07-02 00:15:58,688 | WARNING  | HealthManager | Provider ALPHA_VANTAGE is unhealthy.
2026-07-02 00:15:58,689 | WARNING  | SourceEngine | ALPHA_VANTAGE OFFLINE
2026-07-02 00:15:58,690 | CRITICAL | SourceEngine | ALL PROVIDERS FAILED : NFLX
2026-07-02 00:15:58,692 | INFO     | SourceEngine | REQUEST : NFLX
2026-07-02 00:15:58,882 | WARNING  | HealthManager | Provider MASSIVE is unhealthy.
2026-07-02 00:15:58,883 | WARNING  | SourceEngine | MASSIVE OFFLINE
2026-07-02 00:15:59,403 | ERROR    | StatisticsManager | FINNHUB failed after 0.2610s
2026-07-02 00:15:59,404 | WARNING  | SourceEngine | FINNHUB : EMPTY_DATA
2026-07-02 00:15:59,606 | WARNING  | HealthManager | Provider FMP is unhealthy.
2026-07-02 00:15:59,607 | WARNING  | SourceEngine | FMP OFFLINE
2026-07-02 00:15:59,840 | WARNING  | HealthManager | Provider ALPHA_VANTAGE is unhealthy.
2026-07-02 00:15:59,841 | WARNING  | SourceEngine | ALPHA_VANTAGE OFFLINE
2026-07-02 00:15:59,842 | CRITICAL | SourceEngine | ALL PROVIDERS FAILED : NFLX
2026-07-02 00:15:59,844 | INFO     | SourceEngine | REQUEST : NFLX
2026-07-02 00:16:00,057 | WARNING  | HealthManager | Provider MASSIVE is unhealthy.
2026-07-02 00:16:00,059 | WARNING  | SourceEngine | MASSIVE OFFLINE
2026-07-02 00:16:00,537 | ERROR    | StatisticsManager | FINNHUB failed after 0.2439s
2026-07-02 00:16:00,538 | WARNING  | SourceEngine | FINNHUB : EMPTY_DATA
2026-07-02 00:16:00,739 | WARNING  | HealthManager | Provider FMP is unhealthy.
2026-07-02 00:16:00,740 | WARNING  | SourceEngine | FMP OFFLINE
2026-07-02 00:16:00,969 | WARNING  | HealthManager | Provider ALPHA_VANTAGE is unhealthy.
2026-07-02 00:16:00,970 | WARNING  | SourceEngine | ALPHA_VANTAGE OFFLINE
2026-07-02 00:16:00,970 | CRITICAL | SourceEngine | ALL PROVIDERS FAILED : NFLX
2026-07-02 00:16:00,972 | INFO     | SourceEngine | REQUEST : AMD
2026-07-02 00:16:01,173 | WARNING  | HealthManager | Provider MASSIVE is unhealthy.
2026-07-02 00:16:01,174 | WARNING  | SourceEngine | MASSIVE OFFLINE
2026-07-02 00:16:01,689 | ERROR    | StatisticsManager | FINNHUB failed after 0.2508s
2026-07-02 00:16:01,690 | WARNING  | SourceEngine | FINNHUB : EMPTY_DATA
2026-07-02 00:16:02,020 | WARNING  | HealthManager | Provider FMP is unhealthy.
2026-07-02 00:16:02,021 | WARNING  | SourceEngine | FMP OFFLINE
2026-07-02 00:16:02,235 | WARNING  | HealthManager | Provider ALPHA_VANTAGE is unhealthy.
2026-07-02 00:16:02,236 | WARNING  | SourceEngine | ALPHA_VANTAGE OFFLINE
2026-07-02 00:16:02,237 | CRITICAL | SourceEngine | ALL PROVIDERS FAILED : AMD
2026-07-02 00:16:02,239 | INFO     | SourceEngine | REQUEST : AMD
2026-07-02 00:16:02,427 | WARNING  | HealthManager | Provider MASSIVE is unhealthy.
2026-07-02 00:16:02,428 | WARNING  | SourceEngine | MASSIVE OFFLINE
2026-07-02 00:16:02,931 | ERROR    | StatisticsManager | FINNHUB failed after 0.2521s
2026-07-02 00:16:02,932 | WARNING  | SourceEngine | FINNHUB : EMPTY_DATA
2026-07-02 00:16:03,204 | WARNING  | HealthManager | Provider FMP is unhealthy.
2026-07-02 00:16:03,205 | WARNING  | SourceEngine | FMP OFFLINE
2026-07-02 00:16:03,440 | WARNING  | HealthManager | Provider ALPHA_VANTAGE is unhealthy.
2026-07-02 00:16:03,441 | WARNING  | SourceEngine | ALPHA_VANTAGE OFFLINE
2026-07-02 00:16:03,442 | CRITICAL | SourceEngine | ALL PROVIDERS FAILED : AMD
2026-07-02 00:16:03,443 | INFO     | SourceEngine | REQUEST : AMD
2026-07-02 00:16:03,640 | WARNING  | HealthManager | Provider MASSIVE is unhealthy.
2026-07-02 00:16:03,641 | WARNING  | SourceEngine | MASSIVE OFFLINE
2026-07-02 00:16:04,130 | ERROR    | StatisticsManager | FINNHUB failed after 0.2516s
2026-07-02 00:16:04,131 | WARNING  | SourceEngine | FINNHUB : EMPTY_DATA
2026-07-02 00:16:04,367 | WARNING  | HealthManager | Provider FMP is unhealthy.
2026-07-02 00:16:04,369 | WARNING  | SourceEngine | FMP OFFLINE
2026-07-02 00:16:04,602 | WARNING  | HealthManager | Provider ALPHA_VANTAGE is unhealthy.
2026-07-02 00:16:04,603 | WARNING  | SourceEngine | ALPHA_VANTAGE OFFLINE
2026-07-02 00:16:04,604 | CRITICAL | SourceEngine | ALL PROVIDERS FAILED : AMD
2026-07-02 00:16:04,605 | INFO     | SourceEngine | REQUEST : CRWD
2026-07-02 00:16:04,793 | WARNING  | HealthManager | Provider MASSIVE is unhealthy.
2026-07-02 00:16:04,794 | WARNING  | SourceEngine | MASSIVE OFFLINE
2026-07-02 00:16:05,284 | ERROR    | StatisticsManager | FINNHUB failed after 0.2423s
2026-07-02 00:16:05,285 | WARNING  | SourceEngine | FINNHUB : EMPTY_DATA
2026-07-02 00:16:05,483 | WARNING  | HealthManager | Provider FMP is unhealthy.
2026-07-02 00:16:05,484 | WARNING  | SourceEngine | FMP OFFLINE
2026-07-02 00:16:05,801 | WARNING  | HealthManager | Provider ALPHA_VANTAGE is unhealthy.
2026-07-02 00:16:05,802 | WARNING  | SourceEngine | ALPHA_VANTAGE OFFLINE
2026-07-02 00:16:05,803 | CRITICAL | SourceEngine | ALL PROVIDERS FAILED : CRWD
2026-07-02 00:16:05,805 | INFO     | SourceEngine | REQUEST : CRWD
2026-07-02 00:16:06,121 | WARNING  | HealthManager | Provider MASSIVE is unhealthy.
2026-07-02 00:16:06,122 | WARNING  | SourceEngine | MASSIVE OFFLINE
2026-07-02 00:16:06,626 | ERROR    | StatisticsManager | FINNHUB failed after 0.2552s
2026-07-02 00:16:06,627 | WARNING  | SourceEngine | FINNHUB : EMPTY_DATA
2026-07-02 00:16:06,842 | WARNING  | HealthManager | Provider FMP is unhealthy.
2026-07-02 00:16:06,843 | WARNING  | SourceEngine | FMP OFFLINE
2026-07-02 00:16:07,056 | WARNING  | HealthManager | Provider ALPHA_VANTAGE is unhealthy.
2026-07-02 00:16:07,057 | WARNING  | SourceEngine | ALPHA_VANTAGE OFFLINE
2026-07-02 00:16:07,058 | CRITICAL | SourceEngine | ALL PROVIDERS FAILED : CRWD
2026-07-02 00:16:07,059 | INFO     | SourceEngine | REQUEST : CRWD
2026-07-02 00:16:07,277 | WARNING  | HealthManager | Provider MASSIVE is unhealthy.
2026-07-02 00:16:07,278 | WARNING  | SourceEngine | MASSIVE OFFLINE
2026-07-02 00:16:07,796 | ERROR    | StatisticsManager | FINNHUB failed after 0.2604s
2026-07-02 00:16:07,796 | WARNING  | SourceEngine | FINNHUB : EMPTY_DATA
2026-07-02 00:16:08,000 | WARNING  | HealthManager | Provider FMP is unhealthy.
2026-07-02 00:16:08,001 | WARNING  | SourceEngine | FMP OFFLINE
2026-07-02 00:16:08,233 | WARNING  | HealthManager | Provider ALPHA_VANTAGE is unhealthy.
2026-07-02 00:16:08,234 | WARNING  | SourceEngine | ALPHA_VANTAGE OFFLINE
2026-07-02 00:16:08,235 | CRITICAL | SourceEngine | ALL PROVIDERS FAILED : CRWD
2026-07-02 00:16:08,236 | INFO     | SourceEngine | REQUEST : PLTR
2026-07-02 00:16:08,455 | WARNING  | HealthManager | Provider MASSIVE is unhealthy.
2026-07-02 00:16:08,457 | WARNING  | SourceEngine | MASSIVE OFFLINE
2026-07-02 00:16:08,952 | ERROR    | StatisticsManager | FINNHUB failed after 0.2454s
2026-07-02 00:16:08,953 | WARNING  | SourceEngine | FINNHUB : EMPTY_DATA
2026-07-02 00:16:09,188 | WARNING  | HealthManager | Provider FMP is unhealthy.
2026-07-02 00:16:09,189 | WARNING  | SourceEngine | FMP OFFLINE
2026-07-02 00:16:09,430 | WARNING  | HealthManager | Provider ALPHA_VANTAGE is unhealthy.
2026-07-02 00:16:09,431 | WARNING  | SourceEngine | ALPHA_VANTAGE OFFLINE
2026-07-02 00:16:09,432 | CRITICAL | SourceEngine | ALL PROVIDERS FAILED : PLTR
2026-07-02 00:16:09,433 | INFO     | SourceEngine | REQUEST : PLTR
2026-07-02 00:16:09,630 | WARNING  | HealthManager | Provider MASSIVE is unhealthy.
2026-07-02 00:16:09,631 | WARNING  | SourceEngine | MASSIVE OFFLINE
2026-07-02 00:16:10,239 | ERROR    | StatisticsManager | FINNHUB failed after 0.2880s
2026-07-02 00:16:10,241 | WARNING  | SourceEngine | FINNHUB : EMPTY_DATA
2026-07-02 00:16:10,456 | WARNING  | HealthManager | Provider FMP is unhealthy.
2026-07-02 00:16:10,457 | WARNING  | SourceEngine | FMP OFFLINE
2026-07-02 00:16:10,671 | WARNING  | HealthManager | Provider ALPHA_VANTAGE is unhealthy.
2026-07-02 00:16:10,672 | WARNING  | SourceEngine | ALPHA_VANTAGE OFFLINE
2026-07-02 00:16:10,673 | CRITICAL | SourceEngine | ALL PROVIDERS FAILED : PLTR
2026-07-02 00:16:10,674 | INFO     | SourceEngine | REQUEST : PLTR
2026-07-02 00:16:10,888 | WARNING  | HealthManager | Provider MASSIVE is unhealthy.
2026-07-02 00:16:10,889 | WARNING  | SourceEngine | MASSIVE OFFLINE
2026-07-02 00:16:11,405 | ERROR    | StatisticsManager | FINNHUB failed after 0.2563s
2026-07-02 00:16:11,405 | WARNING  | SourceEngine | FINNHUB : EMPTY_DATA
2026-07-02 00:16:11,606 | WARNING  | HealthManager | Provider FMP is unhealthy.
2026-07-02 00:16:11,607 | WARNING  | SourceEngine | FMP OFFLINE
2026-07-02 00:16:11,853 | WARNING  | HealthManager | Provider ALPHA_VANTAGE is unhealthy.
2026-07-02 00:16:11,853 | WARNING  | SourceEngine | ALPHA_VANTAGE OFFLINE
2026-07-02 00:16:11,854 | CRITICAL | SourceEngine | ALL PROVIDERS FAILED : PLTR
2026-07-02 00:16:11,854 | INFO     | SourceEngine | REQUEST : COST
2026-07-02 00:16:12,055 | WARNING  | HealthManager | Provider MASSIVE is unhealthy.
2026-07-02 00:16:12,056 | WARNING  | SourceEngine | MASSIVE OFFLINE
2026-07-02 00:16:12,621 | ERROR    | StatisticsManager | FINNHUB failed after 0.2730s
2026-07-02 00:16:12,622 | WARNING  | SourceEngine | FINNHUB : EMPTY_DATA
2026-07-02 00:16:12,851 | WARNING  | HealthManager | Provider FMP is unhealthy.
2026-07-02 00:16:12,852 | WARNING  | SourceEngine | FMP OFFLINE
2026-07-02 00:16:13,087 | WARNING  | HealthManager | Provider ALPHA_VANTAGE is unhealthy.
2026-07-02 00:16:13,087 | WARNING  | SourceEngine | ALPHA_VANTAGE OFFLINE
2026-07-02 00:16:13,088 | CRITICAL | SourceEngine | ALL PROVIDERS FAILED : COST
2026-07-02 00:16:13,088 | INFO     | SourceEngine | REQUEST : COST
2026-07-02 00:16:13,268 | WARNING  | HealthManager | Provider MASSIVE is unhealthy.
2026-07-02 00:16:13,269 | WARNING  | SourceEngine | MASSIVE OFFLINE
2026-07-02 00:16:13,816 | ERROR    | StatisticsManager | FINNHUB failed after 0.2502s
2026-07-02 00:16:13,817 | WARNING  | SourceEngine | FINNHUB : EMPTY_DATA
2026-07-02 00:16:14,140 | WARNING  | HealthManager | Provider FMP is unhealthy.
2026-07-02 00:16:14,140 | WARNING  | SourceEngine | FMP OFFLINE
2026-07-02 00:16:14,567 | WARNING  | HealthManager | Provider ALPHA_VANTAGE is unhealthy.
2026-07-02 00:16:14,568 | WARNING  | SourceEngine | ALPHA_VANTAGE OFFLINE
2026-07-02 00:16:14,569 | CRITICAL | SourceEngine | ALL PROVIDERS FAILED : COST
2026-07-02 00:16:14,570 | INFO     | SourceEngine | REQUEST : COST
2026-07-02 00:16:14,776 | WARNING  | HealthManager | Provider MASSIVE is unhealthy.
2026-07-02 00:16:14,777 | WARNING  | SourceEngine | MASSIVE OFFLINE
2026-07-02 00:16:15,241 | ERROR    | StatisticsManager | FINNHUB failed after 0.2306s
2026-07-02 00:16:15,242 | WARNING  | SourceEngine | FINNHUB : EMPTY_DATA
2026-07-02 00:16:15,444 | WARNING  | HealthManager | Provider FMP is unhealthy.
2026-07-02 00:16:15,445 | WARNING  | SourceEngine | FMP OFFLINE
2026-07-02 00:16:15,673 | WARNING  | HealthManager | Provider ALPHA_VANTAGE is unhealthy.
2026-07-02 00:16:15,674 | WARNING  | SourceEngine | ALPHA_VANTAGE OFFLINE
2026-07-02 00:16:15,675 | CRITICAL | SourceEngine | ALL PROVIDERS FAILED : COST
2026-07-02 00:16:15,676 | INFO     | SourceEngine | REQUEST : SHOP
2026-07-02 00:16:15,856 | WARNING  | HealthManager | Provider MASSIVE is unhealthy.
2026-07-02 00:16:15,857 | WARNING  | SourceEngine | MASSIVE OFFLINE
2026-07-02 00:16:16,358 | ERROR    | StatisticsManager | FINNHUB failed after 0.2531s
2026-07-02 00:16:16,359 | WARNING  | SourceEngine | FINNHUB : EMPTY_DATA
2026-07-02 00:16:16,572 | WARNING  | HealthManager | Provider FMP is unhealthy.
2026-07-02 00:16:16,573 | WARNING  | SourceEngine | FMP OFFLINE
2026-07-02 00:16:16,793 | WARNING  | HealthManager | Provider ALPHA_VANTAGE is unhealthy.
2026-07-02 00:16:16,794 | WARNING  | SourceEngine | ALPHA_VANTAGE OFFLINE
2026-07-02 00:16:16,795 | CRITICAL | SourceEngine | ALL PROVIDERS FAILED : SHOP
2026-07-02 00:16:16,796 | INFO     | SourceEngine | REQUEST : ^GSPC
2026-07-02 00:16:16,978 | WARNING  | HealthManager | Provider MASSIVE is unhealthy.
2026-07-02 00:16:16,979 | WARNING  | SourceEngine | MASSIVE OFFLINE
2026-07-02 00:16:17,453 | ERROR    | StatisticsManager | FINNHUB failed after 0.2387s
2026-07-02 00:16:17,454 | WARNING  | SourceEngine | FINNHUB : EMPTY_DATA
2026-07-02 00:16:17,672 | WARNING  | HealthManager | Provider FMP is unhealthy.
2026-07-02 00:16:17,673 | WARNING  | SourceEngine | FMP OFFLINE
2026-07-02 00:16:17,897 | WARNING  | HealthManager | Provider ALPHA_VANTAGE is unhealthy.
2026-07-02 00:16:17,898 | WARNING  | SourceEngine | ALPHA_VANTAGE OFFLINE
2026-07-02 00:16:17,899 | CRITICAL | SourceEngine | ALL PROVIDERS FAILED : ^GSPC
2026-07-02 00:16:17,901 | INFO     | SourceEngine | REQUEST : SHOP
2026-07-02 00:16:18,100 | WARNING  | HealthManager | Provider MASSIVE is unhealthy.
2026-07-02 00:16:18,100 | WARNING  | SourceEngine | MASSIVE OFFLINE
2026-07-02 00:16:18,617 | ERROR    | StatisticsManager | FINNHUB failed after 0.2587s
2026-07-02 00:16:18,618 | WARNING  | SourceEngine | FINNHUB : EMPTY_DATA
2026-07-02 00:16:18,840 | WARNING  | HealthManager | Provider FMP is unhealthy.
2026-07-02 00:16:18,840 | WARNING  | SourceEngine | FMP OFFLINE
2026-07-02 00:16:19,068 | WARNING  | HealthManager | Provider ALPHA_VANTAGE is unhealthy.
2026-07-02 00:16:19,070 | WARNING  | SourceEngine | ALPHA_VANTAGE OFFLINE
2026-07-02 00:16:19,071 | CRITICAL | SourceEngine | ALL PROVIDERS FAILED : SHOP
2026-07-02 00:16:19,072 | INFO     | SourceEngine | REQUEST : SHOP
2026-07-02 00:16:19,317 | WARNING  | HealthManager | Provider MASSIVE is unhealthy.
2026-07-02 00:16:19,318 | WARNING  | SourceEngine | MASSIVE OFFLINE
2026-07-02 00:16:19,887 | ERROR    | StatisticsManager | FINNHUB failed after 0.3148s
2026-07-02 00:16:19,888 | WARNING  | SourceEngine | FINNHUB : EMPTY_DATA
2026-07-02 00:16:20,117 | WARNING  | HealthManager | Provider FMP is unhealthy.
2026-07-02 00:16:20,118 | WARNING  | SourceEngine | FMP OFFLINE
2026-07-02 00:16:20,333 | WARNING  | HealthManager | Provider ALPHA_VANTAGE is unhealthy.
2026-07-02 00:16:20,334 | WARNING  | SourceEngine | ALPHA_VANTAGE OFFLINE
2026-07-02 00:16:20,335 | CRITICAL | SourceEngine | ALL PROVIDERS FAILED : SHOP
2026-07-02 00:16:20,336 | INFO     | SourceEngine | REQUEST : COIN
2026-07-02 00:16:20,528 | WARNING  | HealthManager | Provider MASSIVE is unhealthy.
2026-07-02 00:16:20,529 | WARNING  | SourceEngine | MASSIVE OFFLINE
2026-07-02 00:16:20,994 | ERROR    | StatisticsManager | FINNHUB failed after 0.2320s
2026-07-02 00:16:20,995 | WARNING  | SourceEngine | FINNHUB : EMPTY_DATA
2026-07-02 00:16:21,204 | WARNING  | HealthManager | Provider FMP is unhealthy.
2026-07-02 00:16:21,205 | WARNING  | SourceEngine | FMP OFFLINE
2026-07-02 00:16:21,478 | WARNING  | HealthManager | Provider ALPHA_VANTAGE is unhealthy.
2026-07-02 00:16:21,480 | WARNING  | SourceEngine | ALPHA_VANTAGE OFFLINE
2026-07-02 00:16:21,481 | CRITICAL | SourceEngine | ALL PROVIDERS FAILED : COIN
2026-07-02 00:16:21,482 | INFO     | SourceEngine | REQUEST : COIN
2026-07-02 00:16:21,680 | WARNING  | HealthManager | Provider MASSIVE is unhealthy.
2026-07-02 00:16:21,681 | WARNING  | SourceEngine | MASSIVE OFFLINE
2026-07-02 00:16:22,163 | ERROR    | StatisticsManager | FINNHUB failed after 0.2317s
2026-07-02 00:16:22,164 | WARNING  | SourceEngine | FINNHUB : EMPTY_DATA
2026-07-02 00:16:22,364 | WARNING  | HealthManager | Provider FMP is unhealthy.
2026-07-02 00:16:22,365 | WARNING  | SourceEngine | FMP OFFLINE
2026-07-02 00:16:22,958 | WARNING  | HealthManager | Provider ALPHA_VANTAGE is unhealthy.
2026-07-02 00:16:22,959 | WARNING  | SourceEngine | ALPHA_VANTAGE OFFLINE
2026-07-02 00:16:22,961 | CRITICAL | SourceEngine | ALL PROVIDERS FAILED : COIN
2026-07-02 00:16:22,962 | INFO     | SourceEngine | REQUEST : COIN
2026-07-02 00:16:23,158 | WARNING  | HealthManager | Provider MASSIVE is unhealthy.
2026-07-02 00:16:23,159 | WARNING  | SourceEngine | MASSIVE OFFLINE
2026-07-02 00:16:23,653 | ERROR    | StatisticsManager | FINNHUB failed after 0.2636s
2026-07-02 00:16:23,655 | WARNING  | SourceEngine | FINNHUB : EMPTY_DATA
2026-07-02 00:16:23,865 | WARNING  | HealthManager | Provider FMP is unhealthy.
2026-07-02 00:16:23,866 | WARNING  | SourceEngine | FMP OFFLINE
2026-07-02 00:16:24,093 | WARNING  | HealthManager | Provider ALPHA_VANTAGE is unhealthy.
2026-07-02 00:16:24,095 | WARNING  | SourceEngine | ALPHA_VANTAGE OFFLINE
2026-07-02 00:16:24,096 | CRITICAL | SourceEngine | ALL PROVIDERS FAILED : COIN
2026-07-02 00:16:24,097 | INFO     | SourceEngine | REQUEST : BABA
2026-07-02 00:16:24,279 | WARNING  | HealthManager | Provider MASSIVE is unhealthy.
2026-07-02 00:16:24,280 | WARNING  | SourceEngine | MASSIVE OFFLINE
2026-07-02 00:16:24,725 | ERROR    | StatisticsManager | FINNHUB failed after 0.2277s
2026-07-02 00:16:24,726 | WARNING  | SourceEngine | FINNHUB : EMPTY_DATA
2026-07-02 00:16:24,934 | WARNING  | HealthManager | Provider FMP is unhealthy.
2026-07-02 00:16:24,935 | WARNING  | SourceEngine | FMP OFFLINE
2026-07-02 00:16:25,159 | WARNING  | HealthManager | Provider ALPHA_VANTAGE is unhealthy.
2026-07-02 00:16:25,160 | WARNING  | SourceEngine | ALPHA_VANTAGE OFFLINE
2026-07-02 00:16:25,161 | CRITICAL | SourceEngine | ALL PROVIDERS FAILED : BABA
2026-07-02 00:16:25,163 | INFO     | SourceEngine | REQUEST : BABA
2026-07-02 00:16:25,359 | WARNING  | HealthManager | Provider MASSIVE is unhealthy.
2026-07-02 00:16:25,361 | WARNING  | SourceEngine | MASSIVE OFFLINE
2026-07-02 00:16:25,834 | ERROR    | StatisticsManager | FINNHUB failed after 0.2369s
2026-07-02 00:16:25,835 | WARNING  | SourceEngine | FINNHUB : EMPTY_DATA
2026-07-02 00:16:26,041 | WARNING  | HealthManager | Provider FMP is unhealthy.
2026-07-02 00:16:26,042 | WARNING  | SourceEngine | FMP OFFLINE
2026-07-02 00:16:26,269 | WARNING  | HealthManager | Provider ALPHA_VANTAGE is unhealthy.
2026-07-02 00:16:26,270 | WARNING  | SourceEngine | ALPHA_VANTAGE OFFLINE
2026-07-02 00:16:26,271 | CRITICAL | SourceEngine | ALL PROVIDERS FAILED : BABA
2026-07-02 00:16:26,273 | INFO     | SourceEngine | REQUEST : BABA
2026-07-02 00:16:26,472 | WARNING  | HealthManager | Provider MASSIVE is unhealthy.
2026-07-02 00:16:26,473 | WARNING  | SourceEngine | MASSIVE OFFLINE
2026-07-02 00:16:26,942 | ERROR    | StatisticsManager | FINNHUB failed after 0.2311s
2026-07-02 00:16:26,943 | WARNING  | SourceEngine | FINNHUB : EMPTY_DATA
2026-07-02 00:16:27,152 | WARNING  | HealthManager | Provider FMP is unhealthy.
2026-07-02 00:16:27,152 | WARNING  | SourceEngine | FMP OFFLINE
2026-07-02 00:16:27,362 | WARNING  | HealthManager | Provider ALPHA_VANTAGE is unhealthy.
2026-07-02 00:16:27,363 | WARNING  | SourceEngine | ALPHA_VANTAGE OFFLINE
2026-07-02 00:16:27,364 | CRITICAL | SourceEngine | ALL PROVIDERS FAILED : BABA
2026-07-02 00:16:27,366 | INFO     | SourceEngine | REQUEST : ARM
2026-07-02 00:16:27,567 | WARNING  | HealthManager | Provider MASSIVE is unhealthy.
2026-07-02 00:16:27,567 | WARNING  | SourceEngine | MASSIVE OFFLINE
2026-07-02 00:16:28,079 | ERROR    | StatisticsManager | FINNHUB failed after 0.2601s
2026-07-02 00:16:28,080 | WARNING  | SourceEngine | FINNHUB : EMPTY_DATA
2026-07-02 00:16:28,296 | WARNING  | HealthManager | Provider FMP is unhealthy.
2026-07-02 00:16:28,297 | WARNING  | SourceEngine | FMP OFFLINE
2026-07-02 00:16:28,523 | WARNING  | HealthManager | Provider ALPHA_VANTAGE is unhealthy.
2026-07-02 00:16:28,524 | WARNING  | SourceEngine | ALPHA_VANTAGE OFFLINE
2026-07-02 00:16:28,525 | CRITICAL | SourceEngine | ALL PROVIDERS FAILED : ARM
2026-07-02 00:16:28,527 | INFO     | SourceEngine | REQUEST : ARM
2026-07-02 00:16:28,710 | WARNING  | HealthManager | Provider MASSIVE is unhealthy.
2026-07-02 00:16:28,711 | WARNING  | SourceEngine | MASSIVE OFFLINE
2026-07-02 00:16:29,240 | ERROR    | StatisticsManager | FINNHUB failed after 0.2732s
2026-07-02 00:16:29,241 | WARNING  | SourceEngine | FINNHUB : EMPTY_DATA
2026-07-02 00:16:29,444 | WARNING  | HealthManager | Provider FMP is unhealthy.
2026-07-02 00:16:29,445 | WARNING  | SourceEngine | FMP OFFLINE
2026-07-02 00:16:29,662 | WARNING  | HealthManager | Provider ALPHA_VANTAGE is unhealthy.
2026-07-02 00:16:29,663 | WARNING  | SourceEngine | ALPHA_VANTAGE OFFLINE
2026-07-02 00:16:29,664 | CRITICAL | SourceEngine | ALL PROVIDERS FAILED : ARM
2026-07-02 00:16:29,665 | INFO     | SourceEngine | REQUEST : ARM
2026-07-02 00:16:29,857 | WARNING  | HealthManager | Provider MASSIVE is unhealthy.
2026-07-02 00:16:29,858 | WARNING  | SourceEngine | MASSIVE OFFLINE
2026-07-02 00:16:30,335 | ERROR    | StatisticsManager | FINNHUB failed after 0.2517s
2026-07-02 00:16:30,337 | WARNING  | SourceEngine | FINNHUB : EMPTY_DATA
2026-07-02 00:16:30,556 | WARNING  | HealthManager | Provider FMP is unhealthy.
2026-07-02 00:16:30,557 | WARNING  | SourceEngine | FMP OFFLINE
2026-07-02 00:16:30,792 | WARNING  | HealthManager | Provider ALPHA_VANTAGE is unhealthy.
2026-07-02 00:16:30,793 | WARNING  | SourceEngine | ALPHA_VANTAGE OFFLINE
2026-07-02 00:16:30,794 | CRITICAL | SourceEngine | ALL PROVIDERS FAILED : ARM
2026-07-02 00:16:30,795 | INFO     | SourceEngine | REQUEST : PANW
2026-07-02 00:16:31,374 | WARNING  | HealthManager | Provider MASSIVE is unhealthy.
2026-07-02 00:16:31,375 | WARNING  | SourceEngine | MASSIVE OFFLINE
2026-07-02 00:16:31,880 | ERROR    | StatisticsManager | FINNHUB failed after 0.2367s
2026-07-02 00:16:31,881 | WARNING  | SourceEngine | FINNHUB : EMPTY_DATA
2026-07-02 00:16:32,076 | WARNING  | HealthManager | Provider FMP is unhealthy.
2026-07-02 00:16:32,077 | WARNING  | SourceEngine | FMP OFFLINE
2026-07-02 00:16:32,279 | WARNING  | HealthManager | Provider ALPHA_VANTAGE is unhealthy.
2026-07-02 00:16:32,280 | WARNING  | SourceEngine | ALPHA_VANTAGE OFFLINE
2026-07-02 00:16:32,281 | CRITICAL | SourceEngine | ALL PROVIDERS FAILED : PANW
2026-07-02 00:16:32,283 | INFO     | SourceEngine | REQUEST : PANW
2026-07-02 00:16:32,465 | WARNING  | HealthManager | Provider MASSIVE is unhealthy.
2026-07-02 00:16:32,466 | WARNING  | SourceEngine | MASSIVE OFFLINE
2026-07-02 00:16:33,058 | ERROR    | StatisticsManager | FINNHUB failed after 0.2529s
2026-07-02 00:16:33,059 | WARNING  | SourceEngine | FINNHUB : EMPTY_DATA
2026-07-02 00:16:33,264 | WARNING  | HealthManager | Provider FMP is unhealthy.
2026-07-02 00:16:33,265 | WARNING  | SourceEngine | FMP OFFLINE
2026-07-02 00:16:33,483 | WARNING  | HealthManager | Provider ALPHA_VANTAGE is unhealthy.
2026-07-02 00:16:33,484 | WARNING  | SourceEngine | ALPHA_VANTAGE OFFLINE
2026-07-02 00:16:33,485 | CRITICAL | SourceEngine | ALL PROVIDERS FAILED : PANW
2026-07-02 00:16:33,488 | INFO     | SourceEngine | REQUEST : PANW
2026-07-02 00:16:33,669 | WARNING  | HealthManager | Provider MASSIVE is unhealthy.
2026-07-02 00:16:33,674 | WARNING  | SourceEngine | MASSIVE OFFLINE
2026-07-02 00:16:34,173 | ERROR    | StatisticsManager | FINNHUB failed after 0.2345s
2026-07-02 00:16:34,173 | WARNING  | SourceEngine | FINNHUB : EMPTY_DATA
2026-07-02 00:16:34,392 | WARNING  | HealthManager | Provider FMP is unhealthy.
2026-07-02 00:16:34,393 | WARNING  | SourceEngine | FMP OFFLINE
2026-07-02 00:16:34,611 | WARNING  | HealthManager | Provider ALPHA_VANTAGE is unhealthy.
2026-07-02 00:16:34,612 | WARNING  | SourceEngine | ALPHA_VANTAGE OFFLINE
2026-07-02 00:16:34,612 | CRITICAL | SourceEngine | ALL PROVIDERS FAILED : PANW
2026-07-02 00:16:34,613 | INFO     | SourceEngine | REQUEST : MU
2026-07-02 00:16:34,810 | WARNING  | HealthManager | Provider MASSIVE is unhealthy.
2026-07-02 00:16:34,811 | WARNING  | SourceEngine | MASSIVE OFFLINE
2026-07-02 00:16:35,382 | ERROR    | StatisticsManager | FINNHUB failed after 0.2599s
2026-07-02 00:16:35,383 | WARNING  | SourceEngine | FINNHUB : EMPTY_DATA
2026-07-02 00:16:35,754 | WARNING  | HealthManager | Provider FMP is unhealthy.
2026-07-02 00:16:35,755 | WARNING  | SourceEngine | FMP OFFLINE
2026-07-02 00:16:35,969 | WARNING  | HealthManager | Provider ALPHA_VANTAGE is unhealthy.
2026-07-02 00:16:35,970 | WARNING  | SourceEngine | ALPHA_VANTAGE OFFLINE
2026-07-02 00:16:35,971 | CRITICAL | SourceEngine | ALL PROVIDERS FAILED : MU
2026-07-02 00:16:35,973 | INFO     | SourceEngine | REQUEST : MU
2026-07-02 00:16:36,187 | WARNING  | HealthManager | Provider MASSIVE is unhealthy.
2026-07-02 00:16:36,188 | WARNING  | SourceEngine | MASSIVE OFFLINE
2026-07-02 00:16:36,820 | ERROR    | StatisticsManager | FINNHUB failed after 0.2987s
2026-07-02 00:16:36,821 | WARNING  | SourceEngine | FINNHUB : EMPTY_DATA
2026-07-02 00:16:37,028 | WARNING  | HealthManager | Provider FMP is unhealthy.
2026-07-02 00:16:37,029 | WARNING  | SourceEngine | FMP OFFLINE
2026-07-02 00:16:37,326 | WARNING  | HealthManager | Provider ALPHA_VANTAGE is unhealthy.
2026-07-02 00:16:37,327 | WARNING  | SourceEngine | ALPHA_VANTAGE OFFLINE
2026-07-02 00:16:37,328 | CRITICAL | SourceEngine | ALL PROVIDERS FAILED : MU
2026-07-02 00:16:37,329 | INFO     | SourceEngine | REQUEST : MU
2026-07-02 00:16:37,529 | WARNING  | HealthManager | Provider MASSIVE is unhealthy.
2026-07-02 00:16:37,530 | WARNING  | SourceEngine | MASSIVE OFFLINE
2026-07-02 00:16:38,257 | ERROR    | StatisticsManager | FINNHUB failed after 0.2964s
2026-07-02 00:16:38,257 | WARNING  | SourceEngine | FINNHUB : EMPTY_DATA
2026-07-02 00:16:38,557 | WARNING  | HealthManager | Provider FMP is unhealthy.
2026-07-02 00:16:38,558 | WARNING  | SourceEngine | FMP OFFLINE
2026-07-02 00:16:38,791 | WARNING  | HealthManager | Provider ALPHA_VANTAGE is unhealthy.
2026-07-02 00:16:38,793 | WARNING  | SourceEngine | ALPHA_VANTAGE OFFLINE
2026-07-02 00:16:38,794 | CRITICAL | SourceEngine | ALL PROVIDERS FAILED : MU
2026-07-02 00:16:38,795 | INFO     | SourceEngine | REQUEST : TSM
2026-07-02 00:16:39,186 | WARNING  | HealthManager | Provider MASSIVE is unhealthy.
2026-07-02 00:16:39,187 | WARNING  | SourceEngine | MASSIVE OFFLINE
2026-07-02 00:16:39,864 | ERROR    | StatisticsManager | FINNHUB failed after 0.4207s
2026-07-02 00:16:39,865 | WARNING  | SourceEngine | FINNHUB : EMPTY_DATA
2026-07-02 00:16:40,096 | WARNING  | HealthManager | Provider FMP is unhealthy.
2026-07-02 00:16:40,097 | WARNING  | SourceEngine | FMP OFFLINE
2026-07-02 00:16:40,343 | WARNING  | HealthManager | Provider ALPHA_VANTAGE is unhealthy.
2026-07-02 00:16:40,344 | WARNING  | SourceEngine | ALPHA_VANTAGE OFFLINE
2026-07-02 00:16:40,345 | CRITICAL | SourceEngine | ALL PROVIDERS FAILED : TSM
2026-07-02 00:16:40,347 | INFO     | SourceEngine | REQUEST : TSM
2026-07-02 00:16:40,549 | WARNING  | HealthManager | Provider MASSIVE is unhealthy.
2026-07-02 00:16:40,550 | WARNING  | SourceEngine | MASSIVE OFFLINE
2026-07-02 00:16:41,026 | ERROR    | StatisticsManager | FINNHUB failed after 0.2309s
2026-07-02 00:16:41,027 | WARNING  | SourceEngine | FINNHUB : EMPTY_DATA
2026-07-02 00:16:41,245 | WARNING  | HealthManager | Provider FMP is unhealthy.
2026-07-02 00:16:41,246 | WARNING  | SourceEngine | FMP OFFLINE
2026-07-02 00:16:41,476 | WARNING  | HealthManager | Provider ALPHA_VANTAGE is unhealthy.
2026-07-02 00:16:41,477 | WARNING  | SourceEngine | ALPHA_VANTAGE OFFLINE
2026-07-02 00:16:41,479 | CRITICAL | SourceEngine | ALL PROVIDERS FAILED : TSM
2026-07-02 00:16:41,481 | INFO     | SourceEngine | REQUEST : TSM
2026-07-02 00:16:41,667 | WARNING  | HealthManager | Provider MASSIVE is unhealthy.
2026-07-02 00:16:41,667 | WARNING  | SourceEngine | MASSIVE OFFLINE
2026-07-02 00:16:42,161 | ERROR    | StatisticsManager | FINNHUB failed after 0.2514s
2026-07-02 00:16:42,161 | WARNING  | SourceEngine | FINNHUB : EMPTY_DATA
2026-07-02 00:16:42,372 | WARNING  | HealthManager | Provider FMP is unhealthy.
2026-07-02 00:16:42,373 | WARNING  | SourceEngine | FMP OFFLINE
2026-07-02 00:16:42,610 | WARNING  | HealthManager | Provider ALPHA_VANTAGE is unhealthy.
2026-07-02 00:16:42,610 | WARNING  | SourceEngine | ALPHA_VANTAGE OFFLINE
2026-07-02 00:16:42,611 | CRITICAL | SourceEngine | ALL PROVIDERS FAILED : TSM
2026-07-02 00:16:42,611 | INFO     | SourceEngine | REQUEST : AMAT
2026-07-02 00:16:42,830 | WARNING  | HealthManager | Provider MASSIVE is unhealthy.
2026-07-02 00:16:42,831 | WARNING  | SourceEngine | MASSIVE OFFLINE
2026-07-02 00:16:43,350 | ERROR    | StatisticsManager | FINNHUB failed after 0.2607s
2026-07-02 00:16:43,351 | WARNING  | SourceEngine | FINNHUB : EMPTY_DATA
2026-07-02 00:16:43,742 | WARNING  | HealthManager | Provider FMP is unhealthy.
2026-07-02 00:16:43,743 | WARNING  | SourceEngine | FMP OFFLINE
2026-07-02 00:16:43,974 | WARNING  | HealthManager | Provider ALPHA_VANTAGE is unhealthy.
2026-07-02 00:16:43,975 | WARNING  | SourceEngine | ALPHA_VANTAGE OFFLINE
2026-07-02 00:16:43,976 | CRITICAL | SourceEngine | ALL PROVIDERS FAILED : AMAT
2026-07-02 00:16:43,978 | INFO     | SourceEngine | REQUEST : AMAT
2026-07-02 00:16:45,276 | WARNING  | HealthManager | Provider MASSIVE is unhealthy.
2026-07-02 00:16:45,277 | WARNING  | SourceEngine | MASSIVE OFFLINE
2026-07-02 00:16:45,823 | ERROR    | StatisticsManager | FINNHUB failed after 0.2590s
2026-07-02 00:16:45,824 | WARNING  | SourceEngine | FINNHUB : EMPTY_DATA
2026-07-02 00:16:46,051 | WARNING  | HealthManager | Provider FMP is unhealthy.
2026-07-02 00:16:46,052 | WARNING  | SourceEngine | FMP OFFLINE
2026-07-02 00:16:46,275 | WARNING  | HealthManager | Provider ALPHA_VANTAGE is unhealthy.
2026-07-02 00:16:46,276 | WARNING  | SourceEngine | ALPHA_VANTAGE OFFLINE
2026-07-02 00:16:46,277 | CRITICAL | SourceEngine | ALL PROVIDERS FAILED : AMAT
2026-07-02 00:16:46,279 | INFO     | SourceEngine | REQUEST : AMAT
2026-07-02 00:16:46,484 | WARNING  | HealthManager | Provider MASSIVE is unhealthy.
2026-07-02 00:16:46,484 | WARNING  | SourceEngine | MASSIVE OFFLINE
2026-07-02 00:16:47,005 | ERROR    | StatisticsManager | FINNHUB failed after 0.2620s
2026-07-02 00:16:47,006 | WARNING  | SourceEngine | FINNHUB : EMPTY_DATA
2026-07-02 00:16:47,235 | WARNING  | HealthManager | Provider FMP is unhealthy.
2026-07-02 00:16:47,236 | WARNING  | SourceEngine | FMP OFFLINE
2026-07-02 00:16:47,466 | WARNING  | HealthManager | Provider ALPHA_VANTAGE is unhealthy.
2026-07-02 00:16:47,466 | WARNING  | SourceEngine | ALPHA_VANTAGE OFFLINE
2026-07-02 00:16:47,468 | CRITICAL | SourceEngine | ALL PROVIDERS FAILED : AMAT
2026-07-02 00:16:47,469 | INFO     | SourceEngine | REQUEST : MSTR
2026-07-02 00:16:47,716 | WARNING  | HealthManager | Provider MASSIVE is unhealthy.
2026-07-02 00:16:47,718 | WARNING  | SourceEngine | MASSIVE OFFLINE
2026-07-02 00:16:48,618 | ERROR    | StatisticsManager | FINNHUB failed after 0.2318s
2026-07-02 00:16:48,618 | WARNING  | SourceEngine | FINNHUB : EMPTY_DATA
2026-07-02 00:16:48,816 | WARNING  | HealthManager | Provider FMP is unhealthy.
2026-07-02 00:16:48,817 | WARNING  | SourceEngine | FMP OFFLINE
2026-07-02 00:16:49,034 | WARNING  | HealthManager | Provider ALPHA_VANTAGE is unhealthy.
2026-07-02 00:16:49,035 | WARNING  | SourceEngine | ALPHA_VANTAGE OFFLINE
2026-07-02 00:16:49,036 | CRITICAL | SourceEngine | ALL PROVIDERS FAILED : MSTR
2026-07-02 00:16:49,038 | INFO     | SourceEngine | REQUEST : MSTR
2026-07-02 00:16:49,214 | WARNING  | HealthManager | Provider MASSIVE is unhealthy.
2026-07-02 00:16:49,215 | WARNING  | SourceEngine | MASSIVE OFFLINE
2026-07-02 00:16:49,690 | ERROR    | StatisticsManager | FINNHUB failed after 0.2260s
2026-07-02 00:16:49,691 | WARNING  | SourceEngine | FINNHUB : EMPTY_DATA
2026-07-02 00:16:49,896 | WARNING  | HealthManager | Provider FMP is unhealthy.
2026-07-02 00:16:49,896 | WARNING  | SourceEngine | FMP OFFLINE
2026-07-02 00:16:50,103 | WARNING  | HealthManager | Provider ALPHA_VANTAGE is unhealthy.
2026-07-02 00:16:50,103 | WARNING  | SourceEngine | ALPHA_VANTAGE OFFLINE
2026-07-02 00:16:50,104 | CRITICAL | SourceEngine | ALL PROVIDERS FAILED : MSTR
2026-07-02 00:16:50,106 | INFO     | SourceEngine | REQUEST : MSTR
2026-07-02 00:16:50,286 | WARNING  | HealthManager | Provider MASSIVE is unhealthy.
2026-07-02 00:16:50,287 | WARNING  | SourceEngine | MASSIVE OFFLINE
2026-07-02 00:16:50,840 | ERROR    | StatisticsManager | FINNHUB failed after 0.2540s
2026-07-02 00:16:50,841 | WARNING  | SourceEngine | FINNHUB : EMPTY_DATA
2026-07-02 00:16:51,043 | WARNING  | HealthManager | Provider FMP is unhealthy.
2026-07-02 00:16:51,044 | WARNING  | SourceEngine | FMP OFFLINE
2026-07-02 00:16:51,276 | WARNING  | HealthManager | Provider ALPHA_VANTAGE is unhealthy.
2026-07-02 00:16:51,278 | WARNING  | SourceEngine | ALPHA_VANTAGE OFFLINE
2026-07-02 00:16:51,279 | CRITICAL | SourceEngine | ALL PROVIDERS FAILED : MSTR
2026-07-02 00:16:51,279 | INFO     | SourceEngine | REQUEST : ANET
2026-07-02 00:16:51,485 | WARNING  | HealthManager | Provider MASSIVE is unhealthy.
2026-07-02 00:16:51,486 | WARNING  | SourceEngine | MASSIVE OFFLINE
2026-07-02 00:16:51,964 | ERROR    | StatisticsManager | FINNHUB failed after 0.2398s
2026-07-02 00:16:51,965 | WARNING  | SourceEngine | FINNHUB : EMPTY_DATA
2026-07-02 00:16:52,163 | WARNING  | HealthManager | Provider FMP is unhealthy.
2026-07-02 00:16:52,164 | WARNING  | SourceEngine | FMP OFFLINE
2026-07-02 00:16:52,387 | WARNING  | HealthManager | Provider ALPHA_VANTAGE is unhealthy.
2026-07-02 00:16:52,388 | WARNING  | SourceEngine | ALPHA_VANTAGE OFFLINE
2026-07-02 00:16:52,389 | CRITICAL | SourceEngine | ALL PROVIDERS FAILED : ANET
2026-07-02 00:16:52,391 | INFO     | SourceEngine | REQUEST : ANET
2026-07-02 00:16:52,591 | WARNING  | HealthManager | Provider MASSIVE is unhealthy.
2026-07-02 00:16:52,591 | WARNING  | SourceEngine | MASSIVE OFFLINE
2026-07-02 00:16:53,042 | ERROR    | StatisticsManager | FINNHUB failed after 0.2277s
2026-07-02 00:16:53,043 | WARNING  | SourceEngine | FINNHUB : EMPTY_DATA
2026-07-02 00:16:53,261 | WARNING  | HealthManager | Provider FMP is unhealthy.
2026-07-02 00:16:53,262 | WARNING  | SourceEngine | FMP OFFLINE
2026-07-02 00:16:53,501 | WARNING  | HealthManager | Provider ALPHA_VANTAGE is unhealthy.
2026-07-02 00:16:53,502 | WARNING  | SourceEngine | ALPHA_VANTAGE OFFLINE
2026-07-02 00:16:53,503 | CRITICAL | SourceEngine | ALL PROVIDERS FAILED : ANET
2026-07-02 00:16:53,505 | INFO     | SourceEngine | REQUEST : ANET
2026-07-02 00:16:53,694 | WARNING  | HealthManager | Provider MASSIVE is unhealthy.
2026-07-02 00:16:53,695 | WARNING  | SourceEngine | MASSIVE OFFLINE
2026-07-02 00:16:54,207 | ERROR    | StatisticsManager | FINNHUB failed after 0.2532s
2026-07-02 00:16:54,208 | WARNING  | SourceEngine | FINNHUB : EMPTY_DATA
2026-07-02 00:16:54,412 | WARNING  | HealthManager | Provider FMP is unhealthy.
2026-07-02 00:16:54,413 | WARNING  | SourceEngine | FMP OFFLINE
2026-07-02 00:16:54,632 | WARNING  | HealthManager | Provider ALPHA_VANTAGE is unhealthy.
2026-07-02 00:16:54,633 | WARNING  | SourceEngine | ALPHA_VANTAGE OFFLINE
2026-07-02 00:16:54,634 | CRITICAL | SourceEngine | ALL PROVIDERS FAILED : ANET
2026-07-02 00:16:54,635 | INFO     | SourceEngine | REQUEST : SNOW
2026-07-02 00:16:54,816 | WARNING  | HealthManager | Provider MASSIVE is unhealthy.
2026-07-02 00:16:54,817 | WARNING  | SourceEngine | MASSIVE OFFLINE
2026-07-02 00:16:55,336 | ERROR    | StatisticsManager | FINNHUB failed after 0.2672s
2026-07-02 00:16:55,337 | WARNING  | SourceEngine | FINNHUB : EMPTY_DATA
2026-07-02 00:16:55,565 | WARNING  | HealthManager | Provider FMP is unhealthy.
2026-07-02 00:16:55,566 | WARNING  | SourceEngine | FMP OFFLINE
2026-07-02 00:16:55,762 | WARNING  | HealthManager | Provider ALPHA_VANTAGE is unhealthy.
2026-07-02 00:16:55,763 | WARNING  | SourceEngine | ALPHA_VANTAGE OFFLINE
2026-07-02 00:16:55,764 | CRITICAL | SourceEngine | ALL PROVIDERS FAILED : SNOW
2026-07-02 00:16:55,766 | INFO     | SourceEngine | REQUEST : SNOW
2026-07-02 00:16:56,031 | WARNING  | HealthManager | Provider MASSIVE is unhealthy.
2026-07-02 00:16:56,032 | WARNING  | SourceEngine | MASSIVE OFFLINE
2026-07-02 00:16:56,787 | ERROR    | StatisticsManager | FINNHUB failed after 0.4961s
2026-07-02 00:16:56,788 | WARNING  | SourceEngine | FINNHUB : EMPTY_DATA
2026-07-02 00:16:56,997 | WARNING  | HealthManager | Provider FMP is unhealthy.
2026-07-02 00:16:56,998 | WARNING  | SourceEngine | FMP OFFLINE
2026-07-02 00:16:57,201 | WARNING  | HealthManager | Provider ALPHA_VANTAGE is unhealthy.
2026-07-02 00:16:57,201 | WARNING  | SourceEngine | ALPHA_VANTAGE OFFLINE
2026-07-02 00:16:57,202 | CRITICAL | SourceEngine | ALL PROVIDERS FAILED : SNOW
2026-07-02 00:16:57,204 | INFO     | SourceEngine | REQUEST : SNOW
2026-07-02 00:16:57,427 | WARNING  | HealthManager | Provider MASSIVE is unhealthy.
2026-07-02 00:16:57,428 | WARNING  | SourceEngine | MASSIVE OFFLINE
2026-07-02 00:16:57,925 | ERROR    | StatisticsManager | FINNHUB failed after 0.2460s
2026-07-02 00:16:57,925 | WARNING  | SourceEngine | FINNHUB : EMPTY_DATA
2026-07-02 00:16:58,118 | WARNING  | HealthManager | Provider FMP is unhealthy.
2026-07-02 00:16:58,119 | WARNING  | SourceEngine | FMP OFFLINE
2026-07-02 00:16:58,329 | WARNING  | HealthManager | Provider ALPHA_VANTAGE is unhealthy.
2026-07-02 00:16:58,330 | WARNING  | SourceEngine | ALPHA_VANTAGE OFFLINE
2026-07-02 00:16:58,331 | CRITICAL | SourceEngine | ALL PROVIDERS FAILED : SNOW
2026-07-02 00:16:58,332 | INFO     | SourceEngine | REQUEST : MDB
2026-07-02 00:16:58,539 | WARNING  | HealthManager | Provider MASSIVE is unhealthy.
2026-07-02 00:16:58,540 | WARNING  | SourceEngine | MASSIVE OFFLINE
2026-07-02 00:16:59,016 | ERROR    | StatisticsManager | FINNHUB failed after 0.2380s
2026-07-02 00:16:59,017 | WARNING  | SourceEngine | FINNHUB : EMPTY_DATA
2026-07-02 00:16:59,214 | WARNING  | HealthManager | Provider FMP is unhealthy.
2026-07-02 00:16:59,214 | WARNING  | SourceEngine | FMP OFFLINE
2026-07-02 00:16:59,442 | WARNING  | HealthManager | Provider ALPHA_VANTAGE is unhealthy.
2026-07-02 00:16:59,443 | WARNING  | SourceEngine | ALPHA_VANTAGE OFFLINE
2026-07-02 00:16:59,444 | CRITICAL | SourceEngine | ALL PROVIDERS FAILED : MDB
2026-07-02 00:16:59,446 | INFO     | SourceEngine | REQUEST : MDB
2026-07-02 00:16:59,660 | WARNING  | HealthManager | Provider MASSIVE is unhealthy.
2026-07-02 00:16:59,661 | WARNING  | SourceEngine | MASSIVE OFFLINE
2026-07-02 00:17:00,178 | ERROR    | StatisticsManager | FINNHUB failed after 0.2514s
2026-07-02 00:17:00,179 | WARNING  | SourceEngine | FINNHUB : EMPTY_DATA
2026-07-02 00:17:00,399 | WARNING  | HealthManager | Provider FMP is unhealthy.
2026-07-02 00:17:00,400 | WARNING  | SourceEngine | FMP OFFLINE
2026-07-02 00:17:00,608 | WARNING  | HealthManager | Provider ALPHA_VANTAGE is unhealthy.
2026-07-02 00:17:00,609 | WARNING  | SourceEngine | ALPHA_VANTAGE OFFLINE
2026-07-02 00:17:00,610 | CRITICAL | SourceEngine | ALL PROVIDERS FAILED : MDB
2026-07-02 00:17:00,612 | INFO     | SourceEngine | REQUEST : MDB
2026-07-02 00:17:00,820 | WARNING  | HealthManager | Provider MASSIVE is unhealthy.
2026-07-02 00:17:00,821 | WARNING  | SourceEngine | MASSIVE OFFLINE
2026-07-02 00:17:01,315 | ERROR    | StatisticsManager | FINNHUB failed after 0.2514s
2026-07-02 00:17:01,317 | WARNING  | SourceEngine | FINNHUB : EMPTY_DATA
2026-07-02 00:17:01,532 | WARNING  | HealthManager | Provider FMP is unhealthy.
2026-07-02 00:17:01,533 | WARNING  | SourceEngine | FMP OFFLINE
2026-07-02 00:17:01,752 | WARNING  | HealthManager | Provider ALPHA_VANTAGE is unhealthy.
2026-07-02 00:17:01,753 | WARNING  | SourceEngine | ALPHA_VANTAGE OFFLINE
2026-07-02 00:17:01,754 | CRITICAL | SourceEngine | ALL PROVIDERS FAILED : MDB
2026-07-02 00:17:01,755 | INFO     | SourceEngine | REQUEST : DDOG
2026-07-02 00:17:01,965 | WARNING  | HealthManager | Provider MASSIVE is unhealthy.
2026-07-02 00:17:01,966 | WARNING  | SourceEngine | MASSIVE OFFLINE
2026-07-02 00:17:02,475 | ERROR    | StatisticsManager | FINNHUB failed after 0.2555s
2026-07-02 00:17:02,476 | WARNING  | SourceEngine | FINNHUB : EMPTY_DATA
2026-07-02 00:17:02,769 | WARNING  | HealthManager | Provider FMP is unhealthy.
2026-07-02 00:17:02,770 | WARNING  | SourceEngine | FMP OFFLINE
2026-07-02 00:17:03,068 | WARNING  | HealthManager | Provider ALPHA_VANTAGE is unhealthy.
2026-07-02 00:17:03,068 | WARNING  | SourceEngine | ALPHA_VANTAGE OFFLINE
2026-07-02 00:17:03,069 | CRITICAL | SourceEngine | ALL PROVIDERS FAILED : DDOG
2026-07-02 00:17:03,071 | INFO     | SourceEngine | REQUEST : DDOG
2026-07-02 00:17:03,256 | WARNING  | HealthManager | Provider MASSIVE is unhealthy.
2026-07-02 00:17:03,257 | WARNING  | SourceEngine | MASSIVE OFFLINE
2026-07-02 00:17:03,738 | ERROR    | StatisticsManager | FINNHUB failed after 0.2393s
2026-07-02 00:17:03,740 | WARNING  | SourceEngine | FINNHUB : EMPTY_DATA
2026-07-02 00:17:03,955 | WARNING  | HealthManager | Provider FMP is unhealthy.
2026-07-02 00:17:03,956 | WARNING  | SourceEngine | FMP OFFLINE
2026-07-02 00:17:04,210 | WARNING  | HealthManager | Provider ALPHA_VANTAGE is unhealthy.
2026-07-02 00:17:04,211 | WARNING  | SourceEngine | ALPHA_VANTAGE OFFLINE
2026-07-02 00:17:04,212 | CRITICAL | SourceEngine | ALL PROVIDERS FAILED : DDOG
2026-07-02 00:17:04,212 | INFO     | SourceEngine | REQUEST : DDOG
2026-07-02 00:17:04,392 | WARNING  | HealthManager | Provider MASSIVE is unhealthy.
2026-07-02 00:17:04,393 | WARNING  | SourceEngine | MASSIVE OFFLINE
2026-07-02 00:17:05,240 | ERROR    | StatisticsManager | FINNHUB failed after 0.5448s
2026-07-02 00:17:05,241 | WARNING  | SourceEngine | FINNHUB : EMPTY_DATA
2026-07-02 00:17:05,456 | WARNING  | HealthManager | Provider FMP is unhealthy.
2026-07-02 00:17:05,457 | WARNING  | SourceEngine | FMP OFFLINE
2026-07-02 00:17:05,706 | WARNING  | HealthManager | Provider ALPHA_VANTAGE is unhealthy.
2026-07-02 00:17:05,707 | WARNING  | SourceEngine | ALPHA_VANTAGE OFFLINE
2026-07-02 00:17:05,708 | CRITICAL | SourceEngine | ALL PROVIDERS FAILED : DDOG
2026-07-02 00:17:05,709 | INFO     | SourceEngine | REQUEST : NET
2026-07-02 00:17:05,917 | WARNING  | HealthManager | Provider MASSIVE is unhealthy.
2026-07-02 00:17:05,918 | WARNING  | SourceEngine | MASSIVE OFFLINE
2026-07-02 00:17:06,437 | ERROR    | StatisticsManager | FINNHUB failed after 0.2662s
2026-07-02 00:17:06,438 | WARNING  | SourceEngine | FINNHUB : EMPTY_DATA
2026-07-02 00:17:06,631 | WARNING  | HealthManager | Provider FMP is unhealthy.
2026-07-02 00:17:06,631 | WARNING  | SourceEngine | FMP OFFLINE
2026-07-02 00:17:06,920 | WARNING  | HealthManager | Provider ALPHA_VANTAGE is unhealthy.
2026-07-02 00:17:06,922 | WARNING  | SourceEngine | ALPHA_VANTAGE OFFLINE
2026-07-02 00:17:06,923 | CRITICAL | SourceEngine | ALL PROVIDERS FAILED : NET
2026-07-02 00:17:06,925 | INFO     | SourceEngine | REQUEST : NET
2026-07-02 00:17:07,120 | WARNING  | HealthManager | Provider MASSIVE is unhealthy.
2026-07-02 00:17:07,121 | WARNING  | SourceEngine | MASSIVE OFFLINE
2026-07-02 00:17:07,623 | ERROR    | StatisticsManager | FINNHUB failed after 0.2468s
2026-07-02 00:17:07,624 | WARNING  | SourceEngine | FINNHUB : EMPTY_DATA
2026-07-02 00:17:07,927 | WARNING  | HealthManager | Provider FMP is unhealthy.
2026-07-02 00:17:07,928 | WARNING  | SourceEngine | FMP OFFLINE
2026-07-02 00:17:08,153 | WARNING  | HealthManager | Provider ALPHA_VANTAGE is unhealthy.
2026-07-02 00:17:08,154 | WARNING  | SourceEngine | ALPHA_VANTAGE OFFLINE
2026-07-02 00:17:08,158 | CRITICAL | SourceEngine | ALL PROVIDERS FAILED : NET
2026-07-02 00:17:08,164 | INFO     | SourceEngine | REQUEST : NET
2026-07-02 00:17:08,376 | WARNING  | HealthManager | Provider MASSIVE is unhealthy.
2026-07-02 00:17:08,377 | WARNING  | SourceEngine | MASSIVE OFFLINE
2026-07-02 00:17:08,859 | ERROR    | StatisticsManager | FINNHUB failed after 0.2341s
2026-07-02 00:17:08,860 | WARNING  | SourceEngine | FINNHUB : EMPTY_DATA
2026-07-02 00:17:09,060 | WARNING  | HealthManager | Provider FMP is unhealthy.
2026-07-02 00:17:09,061 | WARNING  | SourceEngine | FMP OFFLINE
2026-07-02 00:17:09,284 | WARNING  | HealthManager | Provider ALPHA_VANTAGE is unhealthy.
2026-07-02 00:17:09,287 | WARNING  | SourceEngine | ALPHA_VANTAGE OFFLINE
2026-07-02 00:17:09,288 | CRITICAL | SourceEngine | ALL PROVIDERS FAILED : NET
2026-07-02 00:17:09,290 | INFO     | SourceEngine | REQUEST : QCOM
2026-07-02 00:17:09,494 | WARNING  | HealthManager | Provider MASSIVE is unhealthy.
2026-07-02 00:17:09,495 | WARNING  | SourceEngine | MASSIVE OFFLINE
2026-07-02 00:17:09,990 | ERROR    | StatisticsManager | FINNHUB failed after 0.2476s
2026-07-02 00:17:09,991 | WARNING  | SourceEngine | FINNHUB : EMPTY_DATA
2026-07-02 00:17:10,197 | WARNING  | HealthManager | Provider FMP is unhealthy.
2026-07-02 00:17:10,198 | WARNING  | SourceEngine | FMP OFFLINE
2026-07-02 00:17:10,559 | WARNING  | HealthManager | Provider ALPHA_VANTAGE is unhealthy.
2026-07-02 00:17:10,560 | WARNING  | SourceEngine | ALPHA_VANTAGE OFFLINE
2026-07-02 00:17:10,561 | CRITICAL | SourceEngine | ALL PROVIDERS FAILED : QCOM
2026-07-02 00:17:10,562 | INFO     | SourceEngine | REQUEST : QCOM
2026-07-02 00:17:10,761 | WARNING  | HealthManager | Provider MASSIVE is unhealthy.
2026-07-02 00:17:10,762 | WARNING  | SourceEngine | MASSIVE OFFLINE
2026-07-02 00:17:11,255 | ERROR    | StatisticsManager | FINNHUB failed after 0.2499s
2026-07-02 00:17:11,256 | WARNING  | SourceEngine | FINNHUB : EMPTY_DATA
2026-07-02 00:17:11,486 | WARNING  | HealthManager | Provider FMP is unhealthy.
2026-07-02 00:17:11,487 | WARNING  | SourceEngine | FMP OFFLINE
2026-07-02 00:17:11,704 | WARNING  | HealthManager | Provider ALPHA_VANTAGE is unhealthy.
2026-07-02 00:17:11,704 | WARNING  | SourceEngine | ALPHA_VANTAGE OFFLINE
2026-07-02 00:17:11,705 | CRITICAL | SourceEngine | ALL PROVIDERS FAILED : QCOM
2026-07-02 00:17:11,706 | INFO     | SourceEngine | REQUEST : QCOM
2026-07-02 00:17:11,895 | WARNING  | HealthManager | Provider MASSIVE is unhealthy.
2026-07-02 00:17:11,896 | WARNING  | SourceEngine | MASSIVE OFFLINE
2026-07-02 00:17:12,382 | ERROR    | StatisticsManager | FINNHUB failed after 0.2406s
2026-07-02 00:17:12,384 | WARNING  | SourceEngine | FINNHUB : EMPTY_DATA
2026-07-02 00:17:12,645 | WARNING  | HealthManager | Provider FMP is unhealthy.
2026-07-02 00:17:12,646 | WARNING  | SourceEngine | FMP OFFLINE
2026-07-02 00:17:12,879 | WARNING  | HealthManager | Provider ALPHA_VANTAGE is unhealthy.
2026-07-02 00:17:12,879 | WARNING  | SourceEngine | ALPHA_VANTAGE OFFLINE
2026-07-02 00:17:12,906 | CRITICAL | SourceEngine | ALL PROVIDERS FAILED : QCOM
2026-07-02 00:17:12,920 | INFO     | SourceEngine | REQUEST : ASML
2026-07-02 00:17:13,110 | WARNING  | HealthManager | Provider MASSIVE is unhealthy.
2026-07-02 00:17:13,110 | WARNING  | SourceEngine | MASSIVE OFFLINE
2026-07-02 00:17:13,881 | ERROR    | StatisticsManager | FINNHUB failed after 0.2571s
2026-07-02 00:17:13,882 | WARNING  | SourceEngine | FINNHUB : EMPTY_DATA
2026-07-02 00:17:14,085 | WARNING  | HealthManager | Provider FMP is unhealthy.
2026-07-02 00:17:14,086 | WARNING  | SourceEngine | FMP OFFLINE
2026-07-02 00:17:14,325 | WARNING  | HealthManager | Provider ALPHA_VANTAGE is unhealthy.
2026-07-02 00:17:14,326 | WARNING  | SourceEngine | ALPHA_VANTAGE OFFLINE
2026-07-02 00:17:14,327 | CRITICAL | SourceEngine | ALL PROVIDERS FAILED : ASML
2026-07-02 00:17:14,328 | INFO     | SourceEngine | REQUEST : ASML
2026-07-02 00:17:14,541 | WARNING  | HealthManager | Provider MASSIVE is unhealthy.
2026-07-02 00:17:14,542 | WARNING  | SourceEngine | MASSIVE OFFLINE
2026-07-02 00:17:15,053 | ERROR    | StatisticsManager | FINNHUB failed after 0.2558s
2026-07-02 00:17:15,054 | WARNING  | SourceEngine | FINNHUB : EMPTY_DATA
2026-07-02 00:17:15,280 | WARNING  | HealthManager | Provider FMP is unhealthy.
2026-07-02 00:17:15,281 | WARNING  | SourceEngine | FMP OFFLINE
2026-07-02 00:17:15,502 | WARNING  | HealthManager | Provider ALPHA_VANTAGE is unhealthy.
2026-07-02 00:17:15,503 | WARNING  | SourceEngine | ALPHA_VANTAGE OFFLINE
2026-07-02 00:17:15,503 | CRITICAL | SourceEngine | ALL PROVIDERS FAILED : ASML
2026-07-02 00:17:15,505 | INFO     | SourceEngine | REQUEST : ASML
2026-07-02 00:17:15,714 | WARNING  | HealthManager | Provider MASSIVE is unhealthy.
2026-07-02 00:17:15,715 | WARNING  | SourceEngine | MASSIVE OFFLINE
2026-07-02 00:17:16,228 | ERROR    | StatisticsManager | FINNHUB failed after 0.2443s
2026-07-02 00:17:16,229 | WARNING  | SourceEngine | FINNHUB : EMPTY_DATA
2026-07-02 00:17:16,445 | WARNING  | HealthManager | Provider FMP is unhealthy.
2026-07-02 00:17:16,447 | WARNING  | SourceEngine | FMP OFFLINE
2026-07-02 00:17:16,678 | WARNING  | HealthManager | Provider ALPHA_VANTAGE is unhealthy.
2026-07-02 00:17:16,680 | WARNING  | SourceEngine | ALPHA_VANTAGE OFFLINE
2026-07-02 00:17:16,683 | CRITICAL | SourceEngine | ALL PROVIDERS FAILED : ASML
2026-07-02 00:17:16,686 | INFO     | SourceEngine | REQUEST : ZS
2026-07-02 00:17:16,911 | WARNING  | HealthManager | Provider MASSIVE is unhealthy.
2026-07-02 00:17:16,913 | WARNING  | SourceEngine | MASSIVE OFFLINE
2026-07-02 00:17:17,397 | ERROR    | StatisticsManager | FINNHUB failed after 0.2388s
2026-07-02 00:17:17,398 | WARNING  | SourceEngine | FINNHUB : EMPTY_DATA
2026-07-02 00:17:17,615 | WARNING  | HealthManager | Provider FMP is unhealthy.
2026-07-02 00:17:17,615 | WARNING  | SourceEngine | FMP OFFLINE
2026-07-02 00:17:17,830 | WARNING  | HealthManager | Provider ALPHA_VANTAGE is unhealthy.
2026-07-02 00:17:17,831 | WARNING  | SourceEngine | ALPHA_VANTAGE OFFLINE
2026-07-02 00:17:17,832 | CRITICAL | SourceEngine | ALL PROVIDERS FAILED : ZS
2026-07-02 00:17:17,834 | INFO     | SourceEngine | REQUEST : ZS
2026-07-02 00:17:18,036 | WARNING  | HealthManager | Provider MASSIVE is unhealthy.
2026-07-02 00:17:18,039 | WARNING  | SourceEngine | MASSIVE OFFLINE
2026-07-02 00:17:18,529 | ERROR    | StatisticsManager | FINNHUB failed after 0.2542s
2026-07-02 00:17:18,530 | WARNING  | SourceEngine | FINNHUB : EMPTY_DATA
2026-07-02 00:17:18,769 | WARNING  | HealthManager | Provider FMP is unhealthy.
2026-07-02 00:17:18,770 | WARNING  | SourceEngine | FMP OFFLINE
2026-07-02 00:17:19,007 | WARNING  | HealthManager | Provider ALPHA_VANTAGE is unhealthy.
2026-07-02 00:17:19,008 | WARNING  | SourceEngine | ALPHA_VANTAGE OFFLINE
2026-07-02 00:17:19,009 | CRITICAL | SourceEngine | ALL PROVIDERS FAILED : ZS
2026-07-02 00:17:19,011 | INFO     | SourceEngine | REQUEST : ZS
2026-07-02 00:17:19,227 | WARNING  | HealthManager | Provider MASSIVE is unhealthy.
2026-07-02 00:17:19,229 | WARNING  | SourceEngine | MASSIVE OFFLINE
2026-07-02 00:17:19,770 | ERROR    | StatisticsManager | FINNHUB failed after 0.2614s
2026-07-02 00:17:19,771 | WARNING  | SourceEngine | FINNHUB : EMPTY_DATA
2026-07-02 00:17:19,975 | WARNING  | HealthManager | Provider FMP is unhealthy.
2026-07-02 00:17:19,976 | WARNING  | SourceEngine | FMP OFFLINE
2026-07-02 00:17:20,201 | WARNING  | HealthManager | Provider ALPHA_VANTAGE is unhealthy.
2026-07-02 00:17:20,202 | WARNING  | SourceEngine | ALPHA_VANTAGE OFFLINE
2026-07-02 00:17:20,203 | CRITICAL | SourceEngine | ALL PROVIDERS FAILED : ZS
2026-07-02 00:17:20,205 | INFO     | SourceEngine | REQUEST : WMT
2026-07-02 00:17:20,440 | WARNING  | HealthManager | Provider MASSIVE is unhealthy.
2026-07-02 00:17:20,441 | WARNING  | SourceEngine | MASSIVE OFFLINE
2026-07-02 00:17:20,942 | ERROR    | StatisticsManager | FINNHUB failed after 0.2606s
2026-07-02 00:17:20,944 | WARNING  | SourceEngine | FINNHUB : EMPTY_DATA
2026-07-02 00:17:21,150 | WARNING  | HealthManager | Provider FMP is unhealthy.
2026-07-02 00:17:21,151 | WARNING  | SourceEngine | FMP OFFLINE
2026-07-02 00:17:21,407 | WARNING  | HealthManager | Provider ALPHA_VANTAGE is unhealthy.
2026-07-02 00:17:21,408 | WARNING  | SourceEngine | ALPHA_VANTAGE OFFLINE
2026-07-02 00:17:21,409 | CRITICAL | SourceEngine | ALL PROVIDERS FAILED : WMT
2026-07-02 00:17:21,411 | INFO     | SourceEngine | REQUEST : WMT
2026-07-02 00:17:21,985 | WARNING  | HealthManager | Provider MASSIVE is unhealthy.
2026-07-02 00:17:21,986 | WARNING  | SourceEngine | MASSIVE OFFLINE
2026-07-02 00:17:22,488 | ERROR    | StatisticsManager | FINNHUB failed after 0.2571s
2026-07-02 00:17:22,489 | WARNING  | SourceEngine | FINNHUB : EMPTY_DATA
2026-07-02 00:17:22,703 | WARNING  | HealthManager | Provider FMP is unhealthy.
2026-07-02 00:17:22,704 | WARNING  | SourceEngine | FMP OFFLINE
2026-07-02 00:17:22,920 | WARNING  | HealthManager | Provider ALPHA_VANTAGE is unhealthy.
2026-07-02 00:17:22,921 | WARNING  | SourceEngine | ALPHA_VANTAGE OFFLINE
2026-07-02 00:17:22,922 | CRITICAL | SourceEngine | ALL PROVIDERS FAILED : WMT
2026-07-02 00:17:22,923 | INFO     | SourceEngine | REQUEST : WMT
2026-07-02 00:17:23,115 | WARNING  | HealthManager | Provider MASSIVE is unhealthy.
2026-07-02 00:17:23,116 | WARNING  | SourceEngine | MASSIVE OFFLINE
2026-07-02 00:19:26,338 | INFO     | SourceEngine | Provider Priority = ['MASSIVE', 'FINNHUB', 'FMP', 'ALPHA_VANTAGE']
2026-07-02 00:19:26,339 | INFO     | SourceEngine | SourceEngine initialized successfully.
2026-07-02 00:19:26,340 | INFO     | SourceEngine | REQUEST : SPX
2026-07-02 00:19:27,768 | WARNING  | HealthManager | Provider MASSIVE is unhealthy.
2026-07-02 00:19:27,769 | WARNING  | SourceEngine | MASSIVE OFFLINE
2026-07-02 00:19:29,455 | WARNING  | HealthManager | Provider FINNHUB is unhealthy.
2026-07-02 00:19:29,457 | WARNING  | SourceEngine | FINNHUB OFFLINE
2026-07-02 00:19:31,120 | WARNING  | HealthManager | Provider FMP is unhealthy.
2026-07-02 00:19:31,121 | WARNING  | SourceEngine | FMP OFFLINE
2026-07-02 00:19:32,782 | WARNING  | HealthManager | Provider ALPHA_VANTAGE is unhealthy.
2026-07-02 00:19:32,784 | WARNING  | SourceEngine | ALPHA_VANTAGE OFFLINE
2026-07-02 00:19:32,785 | CRITICAL | SourceEngine | ALL PROVIDERS FAILED : SPX
2026-07-02 00:19:32,786 | INFO     | SourceEngine | REQUEST : ^GSPC
2026-07-02 00:19:33,006 | WARNING  | HealthManager | Provider MASSIVE is unhealthy.
2026-07-02 00:19:33,007 | WARNING  | SourceEngine | MASSIVE OFFLINE
2026-07-02 00:19:34,558 | ERROR    | StatisticsManager | FINNHUB failed after 0.2591s
2026-07-02 00:19:34,559 | WARNING  | SourceEngine | FINNHUB : EMPTY_DATA
2026-07-02 00:19:34,773 | WARNING  | HealthManager | Provider FMP is unhealthy.
2026-07-02 00:19:34,774 | WARNING  | SourceEngine | FMP OFFLINE
2026-07-02 00:19:35,710 | WARNING  | HealthManager | Provider ALPHA_VANTAGE is unhealthy.
2026-07-02 00:19:35,711 | WARNING  | SourceEngine | ALPHA_VANTAGE OFFLINE
2026-07-02 00:19:35,712 | CRITICAL | SourceEngine | ALL PROVIDERS FAILED : ^GSPC
2026-07-02 00:19:35,715 | INFO     | SourceEngine | REQUEST : SPX
2026-07-02 00:19:35,927 | WARNING  | HealthManager | Provider MASSIVE is unhealthy.
2026-07-02 00:19:35,928 | WARNING  | SourceEngine | MASSIVE OFFLINE
2026-07-02 00:19:45,940 | WARNING  | HealthManager | Provider FINNHUB is unhealthy.
2026-07-02 00:19:45,941 | WARNING  | SourceEngine | FINNHUB OFFLINE
2026-07-02 00:19:46,156 | WARNING  | HealthManager | Provider FMP is unhealthy.
2026-07-02 00:19:46,157 | WARNING  | SourceEngine | FMP OFFLINE
2026-07-02 00:19:47,074 | WARNING  | HealthManager | Provider ALPHA_VANTAGE is unhealthy.
2026-07-02 00:19:47,075 | WARNING  | SourceEngine | ALPHA_VANTAGE OFFLINE
2026-07-02 00:19:47,077 | CRITICAL | SourceEngine | ALL PROVIDERS FAILED : SPX
2026-07-02 00:19:47,078 | INFO     | SourceEngine | REQUEST : SPX
2026-07-02 00:19:47,297 | WARNING  | HealthManager | Provider MASSIVE is unhealthy.
2026-07-02 00:19:47,298 | WARNING  | SourceEngine | MASSIVE OFFLINE
2026-07-02 00:19:52,438 | ERROR    | StatisticsManager | FINNHUB failed after 0.6620s
2026-07-02 00:19:52,439 | WARNING  | SourceEngine | FINNHUB : EMPTY_DATA
2026-07-02 00:19:52,654 | WARNING  | HealthManager | Provider FMP is unhealthy.
2026-07-02 00:19:52,656 | WARNING  | SourceEngine | FMP OFFLINE
2026-07-02 00:19:53,598 | WARNING  | HealthManager | Provider ALPHA_VANTAGE is unhealthy.
2026-07-02 00:19:53,599 | WARNING  | SourceEngine | ALPHA_VANTAGE OFFLINE
2026-07-02 00:19:53,600 | CRITICAL | SourceEngine | ALL PROVIDERS FAILED : SPX
2026-07-02 00:19:53,602 | INFO     | SourceEngine | REQUEST : NASDAQ
2026-07-02 00:19:53,812 | WARNING  | HealthManager | Provider MASSIVE is unhealthy.
2026-07-02 00:19:53,815 | WARNING  | SourceEngine | MASSIVE OFFLINE
2026-07-02 00:19:55,994 | ERROR    | StatisticsManager | FINNHUB failed after 0.6602s
2026-07-02 00:19:55,995 | WARNING  | SourceEngine | FINNHUB : EMPTY_DATA
2026-07-02 00:19:56,197 | WARNING  | HealthManager | Provider FMP is unhealthy.
2026-07-02 00:19:56,198 | WARNING  | SourceEngine | FMP OFFLINE
2026-07-02 00:19:57,108 | WARNING  | HealthManager | Provider ALPHA_VANTAGE is unhealthy.
2026-07-02 00:19:57,109 | WARNING  | SourceEngine | ALPHA_VANTAGE OFFLINE
2026-07-02 00:19:57,110 | CRITICAL | SourceEngine | ALL PROVIDERS FAILED : NASDAQ
2026-07-02 00:19:57,112 | INFO     | SourceEngine | REQUEST : NASDAQ
2026-07-02 00:19:57,324 | WARNING  | HealthManager | Provider MASSIVE is unhealthy.
2026-07-02 00:19:57,325 | WARNING  | SourceEngine | MASSIVE OFFLINE
2026-07-02 00:19:58,687 | ERROR    | StatisticsManager | FINNHUB failed after 0.6892s
2026-07-02 00:19:58,688 | WARNING  | SourceEngine | FINNHUB : EMPTY_DATA
2026-07-02 00:19:58,892 | WARNING  | HealthManager | Provider FMP is unhealthy.
2026-07-02 00:19:58,893 | WARNING  | SourceEngine | FMP OFFLINE
2026-07-02 00:20:00,001 | WARNING  | HealthManager | Provider ALPHA_VANTAGE is unhealthy.
2026-07-02 00:20:00,002 | WARNING  | SourceEngine | ALPHA_VANTAGE OFFLINE
2026-07-02 00:20:00,003 | CRITICAL | SourceEngine | ALL PROVIDERS FAILED : NASDAQ
2026-07-02 00:20:00,005 | INFO     | SourceEngine | REQUEST : NASDAQ
2026-07-02 00:20:00,228 | WARNING  | HealthManager | Provider MASSIVE is unhealthy.
2026-07-02 00:20:00,230 | WARNING  | SourceEngine | MASSIVE OFFLINE
2026-07-02 00:20:01,869 | ERROR    | StatisticsManager | FINNHUB failed after 0.9146s
2026-07-02 00:20:01,870 | WARNING  | SourceEngine | FINNHUB : EMPTY_DATA
2026-07-02 00:20:02,174 | WARNING  | HealthManager | Provider FMP is unhealthy.
2026-07-02 00:20:02,175 | WARNING  | SourceEngine | FMP OFFLINE
2026-07-02 00:20:03,183 | WARNING  | HealthManager | Provider ALPHA_VANTAGE is unhealthy.
2026-07-02 00:20:03,184 | WARNING  | SourceEngine | ALPHA_VANTAGE OFFLINE
2026-07-02 00:20:03,185 | CRITICAL | SourceEngine | ALL PROVIDERS FAILED : NASDAQ
2026-07-02 00:20:03,186 | INFO     | SourceEngine | REQUEST : SPY
2026-07-02 00:20:03,417 | WARNING  | HealthManager | Provider MASSIVE is unhealthy.
2026-07-02 00:20:03,419 | WARNING  | SourceEngine | MASSIVE OFFLINE
2026-07-02 00:20:05,082 | ERROR    | StatisticsManager | FINNHUB failed after 0.8856s
2026-07-02 00:20:05,083 | WARNING  | SourceEngine | FINNHUB : EMPTY_DATA
2026-07-02 00:20:05,314 | WARNING  | HealthManager | Provider FMP is unhealthy.
2026-07-02 00:20:05,315 | WARNING  | SourceEngine | FMP OFFLINE
2026-07-02 00:20:06,336 | WARNING  | HealthManager | Provider ALPHA_VANTAGE is unhealthy.
2026-07-02 00:20:06,337 | WARNING  | SourceEngine | ALPHA_VANTAGE OFFLINE
2026-07-02 00:20:06,337 | CRITICAL | SourceEngine | ALL PROVIDERS FAILED : SPY
2026-07-02 00:20:06,338 | INFO     | SourceEngine | REQUEST : SPY
2026-07-02 00:20:06,541 | WARNING  | HealthManager | Provider MASSIVE is unhealthy.
2026-07-02 00:20:06,541 | WARNING  | SourceEngine | MASSIVE OFFLINE
2026-07-02 00:20:07,876 | ERROR    | StatisticsManager | FINNHUB failed after 0.6814s
2026-07-02 00:20:07,877 | WARNING  | SourceEngine | FINNHUB : EMPTY_DATA
2026-07-02 00:20:08,073 | WARNING  | HealthManager | Provider FMP is unhealthy.
2026-07-02 00:20:08,074 | WARNING  | SourceEngine | FMP OFFLINE
2026-07-02 00:20:09,514 | WARNING  | HealthManager | Provider ALPHA_VANTAGE is unhealthy.
2026-07-02 00:20:09,515 | WARNING  | SourceEngine | ALPHA_VANTAGE OFFLINE
2026-07-02 00:20:09,516 | CRITICAL | SourceEngine | ALL PROVIDERS FAILED : SPY
2026-07-02 00:20:09,517 | INFO     | SourceEngine | REQUEST : SPY
2026-07-02 00:20:09,742 | WARNING  | HealthManager | Provider MASSIVE is unhealthy.
2026-07-02 00:20:09,743 | WARNING  | SourceEngine | MASSIVE OFFLINE
2026-07-02 00:20:11,074 | ERROR    | StatisticsManager | FINNHUB failed after 0.6859s
2026-07-02 00:20:11,075 | WARNING  | SourceEngine | FINNHUB : EMPTY_DATA
2026-07-02 00:20:11,284 | WARNING  | HealthManager | Provider FMP is unhealthy.
2026-07-02 00:20:11,285 | WARNING  | SourceEngine | FMP OFFLINE
2026-07-02 00:20:11,497 | WARNING  | HealthManager | Provider ALPHA_VANTAGE is unhealthy.
2026-07-02 00:20:11,498 | WARNING  | SourceEngine | ALPHA_VANTAGE OFFLINE
2026-07-02 00:20:11,499 | CRITICAL | SourceEngine | ALL PROVIDERS FAILED : SPY
2026-07-02 00:20:11,499 | INFO     | SourceEngine | REQUEST : QQQ
2026-07-02 00:20:11,715 | WARNING  | HealthManager | Provider MASSIVE is unhealthy.
2026-07-02 00:20:11,716 | WARNING  | SourceEngine | MASSIVE OFFLINE
2026-07-02 00:20:13,210 | ERROR    | StatisticsManager | FINNHUB failed after 0.6963s
2026-07-02 00:20:13,212 | WARNING  | SourceEngine | FINNHUB : EMPTY_DATA
2026-07-02 00:20:13,629 | WARNING  | HealthManager | Provider FMP is unhealthy.
2026-07-02 00:20:13,630 | WARNING  | SourceEngine | FMP OFFLINE
2026-07-02 00:20:13,846 | WARNING  | HealthManager | Provider ALPHA_VANTAGE is unhealthy.
2026-07-02 00:20:13,847 | WARNING  | SourceEngine | ALPHA_VANTAGE OFFLINE
2026-07-02 00:20:13,848 | CRITICAL | SourceEngine | ALL PROVIDERS FAILED : QQQ
2026-07-02 00:20:13,850 | INFO     | SourceEngine | REQUEST : QQQ
2026-07-02 00:20:14,062 | WARNING  | HealthManager | Provider MASSIVE is unhealthy.
2026-07-02 00:20:14,063 | WARNING  | SourceEngine | MASSIVE OFFLINE
2026-07-02 00:20:15,449 | ERROR    | StatisticsManager | FINNHUB failed after 0.6692s
2026-07-02 00:20:15,450 | WARNING  | SourceEngine | FINNHUB : EMPTY_DATA
2026-07-02 00:20:15,907 | WARNING  | HealthManager | Provider FMP is unhealthy.
2026-07-02 00:20:15,908 | WARNING  | SourceEngine | FMP OFFLINE
2026-07-02 00:20:16,127 | WARNING  | HealthManager | Provider ALPHA_VANTAGE is unhealthy.
2026-07-02 00:20:16,128 | WARNING  | SourceEngine | ALPHA_VANTAGE OFFLINE
2026-07-02 00:20:16,129 | CRITICAL | SourceEngine | ALL PROVIDERS FAILED : QQQ
2026-07-02 00:20:16,131 | INFO     | SourceEngine | REQUEST : QQQ
2026-07-02 00:20:16,350 | WARNING  | HealthManager | Provider MASSIVE is unhealthy.
2026-07-02 00:20:16,351 | WARNING  | SourceEngine | MASSIVE OFFLINE
2026-07-02 00:20:18,659 | ERROR    | StatisticsManager | FINNHUB failed after 0.9346s
2026-07-02 00:20:18,660 | WARNING  | SourceEngine | FINNHUB : EMPTY_DATA
2026-07-02 00:20:19,161 | WARNING  | HealthManager | Provider FMP is unhealthy.
2026-07-02 00:20:19,162 | WARNING  | SourceEngine | FMP OFFLINE
2026-07-02 00:20:19,370 | WARNING  | HealthManager | Provider ALPHA_VANTAGE is unhealthy.
2026-07-02 00:20:19,371 | WARNING  | SourceEngine | ALPHA_VANTAGE OFFLINE
2026-07-02 00:20:19,372 | CRITICAL | SourceEngine | ALL PROVIDERS FAILED : QQQ
2026-07-02 00:20:19,373 | INFO     | SourceEngine | REQUEST : NVDA
2026-07-02 00:20:19,597 | WARNING  | HealthManager | Provider MASSIVE is unhealthy.
2026-07-02 00:20:19,599 | WARNING  | SourceEngine | MASSIVE OFFLINE
2026-07-02 00:20:21,478 | ERROR    | StatisticsManager | FINNHUB failed after 0.7460s
2026-07-02 00:20:21,478 | WARNING  | SourceEngine | FINNHUB : EMPTY_DATA
2026-07-02 00:20:21,677 | WARNING  | HealthManager | Provider FMP is unhealthy.
2026-07-02 00:20:21,677 | WARNING  | SourceEngine | FMP OFFLINE
2026-07-02 00:20:21,889 | WARNING  | HealthManager | Provider ALPHA_VANTAGE is unhealthy.
2026-07-02 00:20:21,890 | WARNING  | SourceEngine | ALPHA_VANTAGE OFFLINE
2026-07-02 00:20:21,891 | CRITICAL | SourceEngine | ALL PROVIDERS FAILED : NVDA
2026-07-02 00:20:21,892 | INFO     | SourceEngine | REQUEST : NVDA
2026-07-02 00:20:22,131 | WARNING  | HealthManager | Provider MASSIVE is unhealthy.
2026-07-02 00:20:22,132 | WARNING  | SourceEngine | MASSIVE OFFLINE
2026-07-02 00:20:23,538 | ERROR    | StatisticsManager | FINNHUB failed after 0.7123s
2026-07-02 00:20:23,539 | WARNING  | SourceEngine | FINNHUB : EMPTY_DATA
2026-07-02 00:20:23,761 | WARNING  | HealthManager | Provider FMP is unhealthy.
2026-07-02 00:20:23,763 | WARNING  | SourceEngine | FMP OFFLINE
2026-07-02 00:20:24,058 | WARNING  | HealthManager | Provider ALPHA_VANTAGE is unhealthy.
2026-07-02 00:20:24,060 | WARNING  | SourceEngine | ALPHA_VANTAGE OFFLINE
2026-07-02 00:20:24,061 | CRITICAL | SourceEngine | ALL PROVIDERS FAILED : NVDA
2026-07-02 00:20:24,062 | INFO     | SourceEngine | REQUEST : NVDA
2026-07-02 00:20:24,321 | WARNING  | HealthManager | Provider MASSIVE is unhealthy.
2026-07-02 00:20:24,322 | WARNING  | SourceEngine | MASSIVE OFFLINE
2026-07-02 00:20:25,681 | ERROR    | StatisticsManager | FINNHUB failed after 0.6772s
2026-07-02 00:20:25,682 | WARNING  | SourceEngine | FINNHUB : EMPTY_DATA
2026-07-02 00:20:25,907 | WARNING  | HealthManager | Provider FMP is unhealthy.
2026-07-02 00:20:25,908 | WARNING  | SourceEngine | FMP OFFLINE
2026-07-02 00:20:26,142 | WARNING  | HealthManager | Provider ALPHA_VANTAGE is unhealthy.
2026-07-02 00:20:26,143 | WARNING  | SourceEngine | ALPHA_VANTAGE OFFLINE
2026-07-02 00:20:26,144 | CRITICAL | SourceEngine | ALL PROVIDERS FAILED : NVDA
2026-07-02 00:20:26,145 | INFO     | SourceEngine | REQUEST : AAPL
2026-07-02 00:20:26,363 | WARNING  | HealthManager | Provider MASSIVE is unhealthy.
2026-07-02 00:20:26,364 | WARNING  | SourceEngine | MASSIVE OFFLINE
2026-07-02 00:20:28,743 | ERROR    | StatisticsManager | FINNHUB failed after 1.4324s
2026-07-02 00:20:28,744 | WARNING  | SourceEngine | FINNHUB : EMPTY_DATA
2026-07-02 00:20:29,333 | WARNING  | HealthManager | Provider FMP is unhealthy.
2026-07-02 00:20:29,334 | WARNING  | SourceEngine | FMP OFFLINE
2026-07-02 00:20:29,626 | WARNING  | HealthManager | Provider ALPHA_VANTAGE is unhealthy.
2026-07-02 00:20:29,627 | WARNING  | SourceEngine | ALPHA_VANTAGE OFFLINE
2026-07-02 00:20:29,628 | CRITICAL | SourceEngine | ALL PROVIDERS FAILED : AAPL
2026-07-02 00:20:29,630 | INFO     | SourceEngine | REQUEST : AAPL
2026-07-02 00:20:29,848 | WARNING  | HealthManager | Provider MASSIVE is unhealthy.
2026-07-02 00:20:29,849 | WARNING  | SourceEngine | MASSIVE OFFLINE
2026-07-02 00:20:32,232 | ERROR    | StatisticsManager | FINNHUB failed after 1.4362s
2026-07-02 00:20:32,233 | WARNING  | SourceEngine | FINNHUB : EMPTY_DATA
2026-07-02 00:20:32,437 | WARNING  | HealthManager | Provider FMP is unhealthy.
2026-07-02 00:20:32,438 | WARNING  | SourceEngine | FMP OFFLINE
2026-07-02 00:20:32,663 | WARNING  | HealthManager | Provider ALPHA_VANTAGE is unhealthy.
2026-07-02 00:20:32,664 | WARNING  | SourceEngine | ALPHA_VANTAGE OFFLINE
2026-07-02 00:20:32,665 | CRITICAL | SourceEngine | ALL PROVIDERS FAILED : AAPL
2026-07-02 00:20:32,667 | INFO     | SourceEngine | REQUEST : AAPL
2026-07-02 00:20:32,883 | WARNING  | HealthManager | Provider MASSIVE is unhealthy.
2026-07-02 00:20:32,884 | WARNING  | SourceEngine | MASSIVE OFFLINE
2026-07-02 00:20:35,455 | ERROR    | StatisticsManager | FINNHUB failed after 1.0590s
2026-07-02 00:20:35,456 | WARNING  | SourceEngine | FINNHUB : EMPTY_DATA
2026-07-02 00:20:35,676 | WARNING  | HealthManager | Provider FMP is unhealthy.
2026-07-02 00:20:35,677 | WARNING  | SourceEngine | FMP OFFLINE
2026-07-02 00:20:35,897 | WARNING  | HealthManager | Provider ALPHA_VANTAGE is unhealthy.
2026-07-02 00:20:35,898 | WARNING  | SourceEngine | ALPHA_VANTAGE OFFLINE
2026-07-02 00:20:35,899 | CRITICAL | SourceEngine | ALL PROVIDERS FAILED : AAPL
2026-07-02 00:20:35,900 | INFO     | SourceEngine | REQUEST : MSFT
2026-07-02 00:20:36,117 | WARNING  | HealthManager | Provider MASSIVE is unhealthy.
2026-07-02 00:20:36,118 | WARNING  | SourceEngine | MASSIVE OFFLINE
2026-07-02 00:20:38,975 | ERROR    | StatisticsManager | FINNHUB failed after 2.2226s
2026-07-02 00:20:38,976 | WARNING  | SourceEngine | FINNHUB : EMPTY_DATA
2026-07-02 00:20:39,188 | WARNING  | HealthManager | Provider FMP is unhealthy.
2026-07-02 00:20:39,189 | WARNING  | SourceEngine | FMP OFFLINE
2026-07-02 00:20:39,419 | WARNING  | HealthManager | Provider ALPHA_VANTAGE is unhealthy.
2026-07-02 00:20:39,420 | WARNING  | SourceEngine | ALPHA_VANTAGE OFFLINE
2026-07-02 00:20:39,421 | CRITICAL | SourceEngine | ALL PROVIDERS FAILED : MSFT
2026-07-02 00:20:39,423 | INFO     | SourceEngine | REQUEST : MSFT
2026-07-02 00:20:39,643 | WARNING  | HealthManager | Provider MASSIVE is unhealthy.
2026-07-02 00:20:39,644 | WARNING  | SourceEngine | MASSIVE OFFLINE
2026-07-02 00:20:40,995 | ERROR    | StatisticsManager | FINNHUB failed after 0.6803s
2026-07-02 00:20:40,996 | WARNING  | SourceEngine | FINNHUB : EMPTY_DATA
2026-07-02 00:20:41,201 | WARNING  | HealthManager | Provider FMP is unhealthy.
2026-07-02 00:20:41,202 | WARNING  | SourceEngine | FMP OFFLINE
2026-07-02 00:20:41,422 | WARNING  | HealthManager | Provider ALPHA_VANTAGE is unhealthy.
2026-07-02 00:20:41,423 | WARNING  | SourceEngine | ALPHA_VANTAGE OFFLINE
2026-07-02 00:20:41,424 | CRITICAL | SourceEngine | ALL PROVIDERS FAILED : MSFT
2026-07-02 00:20:41,425 | INFO     | SourceEngine | REQUEST : MSFT
2026-07-02 00:20:41,677 | WARNING  | HealthManager | Provider MASSIVE is unhealthy.
2026-07-02 00:20:41,678 | WARNING  | SourceEngine | MASSIVE OFFLINE
2026-07-02 00:20:44,156 | ERROR    | StatisticsManager | FINNHUB failed after 0.7170s
2026-07-02 00:20:44,157 | WARNING  | SourceEngine | FINNHUB : EMPTY_DATA
2026-07-02 00:20:44,371 | WARNING  | HealthManager | Provider FMP is unhealthy.
2026-07-02 00:20:44,372 | WARNING  | SourceEngine | FMP OFFLINE
2026-07-02 00:20:44,588 | WARNING  | HealthManager | Provider ALPHA_VANTAGE is unhealthy.
2026-07-02 00:20:44,589 | WARNING  | SourceEngine | ALPHA_VANTAGE OFFLINE
2026-07-02 00:20:44,590 | CRITICAL | SourceEngine | ALL PROVIDERS FAILED : MSFT
2026-07-02 00:20:44,591 | INFO     | SourceEngine | REQUEST : META
2026-07-02 00:20:45,123 | WARNING  | HealthManager | Provider MASSIVE is unhealthy.
2026-07-02 00:20:45,124 | WARNING  | SourceEngine | MASSIVE OFFLINE
2026-07-02 00:20:47,375 | ERROR    | StatisticsManager | FINNHUB failed after 1.5833s
2026-07-02 00:20:47,376 | WARNING  | SourceEngine | FINNHUB : EMPTY_DATA
2026-07-02 00:20:47,588 | WARNING  | HealthManager | Provider FMP is unhealthy.
2026-07-02 00:20:47,589 | WARNING  | SourceEngine | FMP OFFLINE
2026-07-02 00:20:47,811 | WARNING  | HealthManager | Provider ALPHA_VANTAGE is unhealthy.
2026-07-02 00:20:47,812 | WARNING  | SourceEngine | ALPHA_VANTAGE OFFLINE
2026-07-02 00:20:47,813 | CRITICAL | SourceEngine | ALL PROVIDERS FAILED : META
2026-07-02 00:20:47,815 | INFO     | SourceEngine | REQUEST : META
2026-07-02 00:20:48,028 | WARNING  | HealthManager | Provider MASSIVE is unhealthy.
2026-07-02 00:20:48,030 | WARNING  | SourceEngine | MASSIVE OFFLINE
2026-07-02 00:20:49,624 | ERROR    | StatisticsManager | FINNHUB failed after 0.6814s
2026-07-02 00:20:49,625 | WARNING  | SourceEngine | FINNHUB : EMPTY_DATA
2026-07-02 00:20:49,837 | WARNING  | HealthManager | Provider FMP is unhealthy.
2026-07-02 00:20:49,839 | WARNING  | SourceEngine | FMP OFFLINE
2026-07-02 00:20:50,099 | WARNING  | HealthManager | Provider ALPHA_VANTAGE is unhealthy.
2026-07-02 00:20:50,101 | WARNING  | SourceEngine | ALPHA_VANTAGE OFFLINE
2026-07-02 00:20:50,101 | CRITICAL | SourceEngine | ALL PROVIDERS FAILED : META
2026-07-02 00:20:50,103 | INFO     | SourceEngine | REQUEST : META
2026-07-02 00:20:50,339 | WARNING  | HealthManager | Provider MASSIVE is unhealthy.
2026-07-02 00:20:50,340 | WARNING  | SourceEngine | MASSIVE OFFLINE
2026-07-02 00:20:52,041 | ERROR    | StatisticsManager | FINNHUB failed after 0.8142s
2026-07-02 00:20:52,042 | WARNING  | SourceEngine | FINNHUB : EMPTY_DATA
2026-07-02 00:20:52,263 | WARNING  | HealthManager | Provider FMP is unhealthy.
2026-07-02 00:20:52,263 | WARNING  | SourceEngine | FMP OFFLINE
2026-07-02 00:20:52,484 | WARNING  | HealthManager | Provider ALPHA_VANTAGE is unhealthy.
2026-07-02 00:20:52,485 | WARNING  | SourceEngine | ALPHA_VANTAGE OFFLINE
2026-07-02 00:20:52,486 | CRITICAL | SourceEngine | ALL PROVIDERS FAILED : META
2026-07-02 00:20:52,487 | INFO     | SourceEngine | REQUEST : AMZN
2026-07-02 00:20:52,710 | WARNING  | HealthManager | Provider MASSIVE is unhealthy.
2026-07-02 00:20:52,711 | WARNING  | SourceEngine | MASSIVE OFFLINE
2026-07-02 00:20:54,455 | ERROR    | StatisticsManager | FINNHUB failed after 1.0352s
2026-07-02 00:20:54,456 | WARNING  | SourceEngine | FINNHUB : EMPTY_DATA
2026-07-02 00:20:54,680 | WARNING  | HealthManager | Provider FMP is unhealthy.
2026-07-02 00:20:54,681 | WARNING  | SourceEngine | FMP OFFLINE
2026-07-02 00:20:54,903 | WARNING  | HealthManager | Provider ALPHA_VANTAGE is unhealthy.
2026-07-02 00:20:54,904 | WARNING  | SourceEngine | ALPHA_VANTAGE OFFLINE
2026-07-02 00:20:54,905 | CRITICAL | SourceEngine | ALL PROVIDERS FAILED : AMZN
2026-07-02 00:20:54,907 | INFO     | SourceEngine | REQUEST : AMZN
2026-07-02 00:20:55,128 | WARNING  | HealthManager | Provider MASSIVE is unhealthy.
2026-07-02 00:20:55,129 | WARNING  | SourceEngine | MASSIVE OFFLINE
2026-07-02 00:20:56,496 | ERROR    | StatisticsManager | FINNHUB failed after 0.6808s
2026-07-02 00:20:56,496 | WARNING  | SourceEngine | FINNHUB : EMPTY_DATA
2026-07-02 00:20:56,747 | WARNING  | HealthManager | Provider FMP is unhealthy.
2026-07-02 00:20:56,748 | WARNING  | SourceEngine | FMP OFFLINE
2026-07-02 00:20:56,954 | WARNING  | HealthManager | Provider ALPHA_VANTAGE is unhealthy.
2026-07-02 00:20:56,954 | WARNING  | SourceEngine | ALPHA_VANTAGE OFFLINE
2026-07-02 00:20:56,955 | CRITICAL | SourceEngine | ALL PROVIDERS FAILED : AMZN
2026-07-02 00:20:56,955 | INFO     | SourceEngine | REQUEST : AMZN
2026-07-02 00:20:57,181 | WARNING  | HealthManager | Provider MASSIVE is unhealthy.
2026-07-02 00:20:57,181 | WARNING  | SourceEngine | MASSIVE OFFLINE
2026-07-02 00:20:58,506 | ERROR    | StatisticsManager | FINNHUB failed after 0.6689s
2026-07-02 00:20:58,507 | WARNING  | SourceEngine | FINNHUB : EMPTY_DATA
2026-07-02 00:20:58,716 | WARNING  | HealthManager | Provider FMP is unhealthy.
2026-07-02 00:20:58,717 | WARNING  | SourceEngine | FMP OFFLINE
2026-07-02 00:20:58,988 | WARNING  | HealthManager | Provider ALPHA_VANTAGE is unhealthy.
2026-07-02 00:20:58,989 | WARNING  | SourceEngine | ALPHA_VANTAGE OFFLINE
2026-07-02 00:20:58,990 | CRITICAL | SourceEngine | ALL PROVIDERS FAILED : AMZN
2026-07-02 00:20:58,991 | INFO     | SourceEngine | REQUEST : GOOGL
2026-07-02 00:20:59,207 | WARNING  | HealthManager | Provider MASSIVE is unhealthy.
2026-07-02 00:20:59,208 | WARNING  | SourceEngine | MASSIVE OFFLINE
2026-07-02 00:21:01,465 | ERROR    | StatisticsManager | FINNHUB failed after 0.6886s
2026-07-02 00:21:01,466 | WARNING  | SourceEngine | FINNHUB : EMPTY_DATA
2026-07-02 00:21:01,684 | WARNING  | HealthManager | Provider FMP is unhealthy.
2026-07-02 00:21:01,686 | WARNING  | SourceEngine | FMP OFFLINE
2026-07-02 00:21:01,907 | WARNING  | HealthManager | Provider ALPHA_VANTAGE is unhealthy.
2026-07-02 00:21:01,908 | WARNING  | SourceEngine | ALPHA_VANTAGE OFFLINE
2026-07-02 00:21:01,910 | CRITICAL | SourceEngine | ALL PROVIDERS FAILED : GOOGL
2026-07-02 00:21:01,911 | INFO     | SourceEngine | REQUEST : GOOGL
2026-07-02 00:21:02,153 | WARNING  | HealthManager | Provider MASSIVE is unhealthy.
2026-07-02 00:21:02,154 | WARNING  | SourceEngine | MASSIVE OFFLINE
2026-07-02 00:21:03,617 | ERROR    | StatisticsManager | FINNHUB failed after 0.8124s
2026-07-02 00:21:03,618 | WARNING  | SourceEngine | FINNHUB : EMPTY_DATA
2026-07-02 00:21:03,839 | WARNING  | HealthManager | Provider FMP is unhealthy.
2026-07-02 00:21:03,840 | WARNING  | SourceEngine | FMP OFFLINE
2026-07-02 00:21:04,057 | WARNING  | HealthManager | Provider ALPHA_VANTAGE is unhealthy.
2026-07-02 00:21:04,058 | WARNING  | SourceEngine | ALPHA_VANTAGE OFFLINE
2026-07-02 00:21:04,059 | CRITICAL | SourceEngine | ALL PROVIDERS FAILED : GOOGL
2026-07-02 00:21:04,061 | INFO     | SourceEngine | REQUEST : GOOGL
2026-07-02 00:21:04,591 | WARNING  | HealthManager | Provider MASSIVE is unhealthy.
2026-07-02 00:21:04,592 | WARNING  | SourceEngine | MASSIVE OFFLINE
2026-07-02 00:21:05,972 | ERROR    | StatisticsManager | FINNHUB failed after 0.7218s
2026-07-02 00:21:05,973 | WARNING  | SourceEngine | FINNHUB : EMPTY_DATA
2026-07-02 00:21:06,424 | WARNING  | HealthManager | Provider FMP is unhealthy.
2026-07-02 00:21:06,425 | WARNING  | SourceEngine | FMP OFFLINE
2026-07-02 00:21:06,682 | WARNING  | HealthManager | Provider ALPHA_VANTAGE is unhealthy.
2026-07-02 00:21:06,683 | WARNING  | SourceEngine | ALPHA_VANTAGE OFFLINE
2026-07-02 00:21:06,684 | CRITICAL | SourceEngine | ALL PROVIDERS FAILED : GOOGL
2026-07-02 00:21:06,685 | INFO     | SourceEngine | REQUEST : AVGO
2026-07-02 00:21:07,209 | WARNING  | HealthManager | Provider MASSIVE is unhealthy.
2026-07-02 00:21:07,210 | WARNING  | SourceEngine | MASSIVE OFFLINE
2026-07-02 00:21:08,570 | ERROR    | StatisticsManager | FINNHUB failed after 0.6965s
2026-07-02 00:21:08,571 | WARNING  | SourceEngine | FINNHUB : EMPTY_DATA
2026-07-02 00:21:08,785 | WARNING  | HealthManager | Provider FMP is unhealthy.
2026-07-02 00:21:08,786 | WARNING  | SourceEngine | FMP OFFLINE
2026-07-02 00:21:08,998 | WARNING  | HealthManager | Provider ALPHA_VANTAGE is unhealthy.
2026-07-02 00:21:08,999 | WARNING  | SourceEngine | ALPHA_VANTAGE OFFLINE
2026-07-02 00:21:09,000 | CRITICAL | SourceEngine | ALL PROVIDERS FAILED : AVGO
2026-07-02 00:21:09,001 | INFO     | SourceEngine | REQUEST : AVGO
2026-07-02 00:21:09,277 | WARNING  | HealthManager | Provider MASSIVE is unhealthy.
2026-07-02 00:21:09,278 | WARNING  | SourceEngine | MASSIVE OFFLINE
2026-07-02 00:21:11,701 | ERROR    | StatisticsManager | FINNHUB failed after 0.7577s
2026-07-02 00:21:11,702 | WARNING  | SourceEngine | FINNHUB : EMPTY_DATA
2026-07-02 00:21:11,920 | WARNING  | HealthManager | Provider FMP is unhealthy.
2026-07-02 00:21:11,921 | WARNING  | SourceEngine | FMP OFFLINE
2026-07-02 00:21:12,154 | WARNING  | HealthManager | Provider ALPHA_VANTAGE is unhealthy.
2026-07-02 00:21:12,155 | WARNING  | SourceEngine | ALPHA_VANTAGE OFFLINE
2026-07-02 00:21:12,155 | CRITICAL | SourceEngine | ALL PROVIDERS FAILED : AVGO
2026-07-02 00:21:12,156 | INFO     | SourceEngine | REQUEST : AVGO
2026-07-02 00:21:12,377 | WARNING  | HealthManager | Provider MASSIVE is unhealthy.
2026-07-02 00:21:12,378 | WARNING  | SourceEngine | MASSIVE OFFLINE
2026-07-02 00:21:13,730 | ERROR    | StatisticsManager | FINNHUB failed after 0.6923s
2026-07-02 00:21:13,731 | WARNING  | SourceEngine | FINNHUB : EMPTY_DATA
2026-07-02 00:21:13,952 | WARNING  | HealthManager | Provider FMP is unhealthy.
2026-07-02 00:21:13,953 | WARNING  | SourceEngine | FMP OFFLINE
2026-07-02 00:21:14,266 | WARNING  | HealthManager | Provider ALPHA_VANTAGE is unhealthy.
2026-07-02 00:21:14,267 | WARNING  | SourceEngine | ALPHA_VANTAGE OFFLINE
2026-07-02 00:21:14,267 | CRITICAL | SourceEngine | ALL PROVIDERS FAILED : AVGO
2026-07-02 00:21:14,267 | INFO     | SourceEngine | REQUEST : TSLA
2026-07-02 00:21:14,494 | WARNING  | HealthManager | Provider MASSIVE is unhealthy.
2026-07-02 00:21:14,495 | WARNING  | SourceEngine | MASSIVE OFFLINE
2026-07-02 00:21:15,888 | ERROR    | StatisticsManager | FINNHUB failed after 0.6813s
2026-07-02 00:21:15,889 | WARNING  | SourceEngine | FINNHUB : EMPTY_DATA
2026-07-02 00:21:16,110 | WARNING  | HealthManager | Provider FMP is unhealthy.
2026-07-02 00:21:16,111 | WARNING  | SourceEngine | FMP OFFLINE
2026-07-02 00:21:16,348 | WARNING  | HealthManager | Provider ALPHA_VANTAGE is unhealthy.
2026-07-02 00:21:16,349 | WARNING  | SourceEngine | ALPHA_VANTAGE OFFLINE
2026-07-02 00:21:16,350 | CRITICAL | SourceEngine | ALL PROVIDERS FAILED : TSLA
2026-07-02 00:21:16,351 | INFO     | SourceEngine | REQUEST : TSLA
2026-07-02 00:21:16,598 | WARNING  | HealthManager | Provider MASSIVE is unhealthy.
2026-07-02 00:21:16,599 | WARNING  | SourceEngine | MASSIVE OFFLINE
2026-07-02 00:21:18,073 | ERROR    | StatisticsManager | FINNHUB failed after 0.7915s
2026-07-02 00:21:18,074 | WARNING  | SourceEngine | FINNHUB : EMPTY_DATA
2026-07-02 00:21:18,310 | WARNING  | HealthManager | Provider FMP is unhealthy.
2026-07-02 00:21:18,311 | WARNING  | SourceEngine | FMP OFFLINE
2026-07-02 00:21:18,545 | WARNING  | HealthManager | Provider ALPHA_VANTAGE is unhealthy.
2026-07-02 00:21:18,546 | WARNING  | SourceEngine | ALPHA_VANTAGE OFFLINE
2026-07-02 00:21:18,547 | CRITICAL | SourceEngine | ALL PROVIDERS FAILED : TSLA
2026-07-02 00:21:18,549 | INFO     | SourceEngine | REQUEST : TSLA
2026-07-02 00:21:18,823 | WARNING  | HealthManager | Provider MASSIVE is unhealthy.
2026-07-02 00:21:18,825 | WARNING  | SourceEngine | MASSIVE OFFLINE
2026-07-02 00:21:20,305 | ERROR    | StatisticsManager | FINNHUB failed after 0.6836s
2026-07-02 00:21:20,306 | WARNING  | SourceEngine | FINNHUB : EMPTY_DATA
2026-07-02 00:21:20,637 | WARNING  | HealthManager | Provider FMP is unhealthy.
2026-07-02 00:21:20,638 | WARNING  | SourceEngine | FMP OFFLINE
2026-07-02 00:21:20,878 | WARNING  | HealthManager | Provider ALPHA_VANTAGE is unhealthy.
2026-07-02 00:21:20,879 | WARNING  | SourceEngine | ALPHA_VANTAGE OFFLINE
2026-07-02 00:21:20,880 | CRITICAL | SourceEngine | ALL PROVIDERS FAILED : TSLA
2026-07-02 00:21:20,881 | INFO     | SourceEngine | REQUEST : NFLX
2026-07-02 00:21:21,392 | WARNING  | HealthManager | Provider MASSIVE is unhealthy.
2026-07-02 00:21:21,393 | WARNING  | SourceEngine | MASSIVE OFFLINE
2026-07-02 00:21:22,740 | ERROR    | StatisticsManager | FINNHUB failed after 0.6633s
2026-07-02 00:21:22,741 | WARNING  | SourceEngine | FINNHUB : EMPTY_DATA
2026-07-02 00:21:22,951 | WARNING  | HealthManager | Provider FMP is unhealthy.
2026-07-02 00:21:22,952 | WARNING  | SourceEngine | FMP OFFLINE
2026-07-02 00:21:23,209 | WARNING  | HealthManager | Provider ALPHA_VANTAGE is unhealthy.
2026-07-02 00:21:23,210 | WARNING  | SourceEngine | ALPHA_VANTAGE OFFLINE
2026-07-02 00:21:23,211 | CRITICAL | SourceEngine | ALL PROVIDERS FAILED : NFLX
2026-07-02 00:21:23,212 | INFO     | SourceEngine | REQUEST : NFLX
2026-07-02 00:21:23,428 | WARNING  | HealthManager | Provider MASSIVE is unhealthy.
2026-07-02 00:21:23,429 | WARNING  | SourceEngine | MASSIVE OFFLINE
2026-07-02 00:21:25,065 | ERROR    | StatisticsManager | FINNHUB failed after 0.8158s
2026-07-02 00:21:25,066 | WARNING  | SourceEngine | FINNHUB : EMPTY_DATA
2026-07-02 00:21:25,294 | WARNING  | HealthManager | Provider FMP is unhealthy.
2026-07-02 00:21:25,295 | WARNING  | SourceEngine | FMP OFFLINE
2026-07-02 00:21:25,511 | WARNING  | HealthManager | Provider ALPHA_VANTAGE is unhealthy.
2026-07-02 00:21:25,512 | WARNING  | SourceEngine | ALPHA_VANTAGE OFFLINE
2026-07-02 00:21:25,512 | CRITICAL | SourceEngine | ALL PROVIDERS FAILED : NFLX
2026-07-02 00:21:25,514 | INFO     | SourceEngine | REQUEST : NFLX
2026-07-02 00:21:25,736 | WARNING  | HealthManager | Provider MASSIVE is unhealthy.
2026-07-02 00:21:25,737 | WARNING  | SourceEngine | MASSIVE OFFLINE
2026-07-02 00:21:27,089 | ERROR    | StatisticsManager | FINNHUB failed after 0.6831s
2026-07-02 00:21:27,090 | WARNING  | SourceEngine | FINNHUB : EMPTY_DATA
2026-07-02 00:21:27,311 | WARNING  | HealthManager | Provider FMP is unhealthy.
2026-07-02 00:21:27,312 | WARNING  | SourceEngine | FMP OFFLINE
2026-07-02 00:21:27,526 | WARNING  | HealthManager | Provider ALPHA_VANTAGE is unhealthy.
2026-07-02 00:21:27,527 | WARNING  | SourceEngine | ALPHA_VANTAGE OFFLINE
2026-07-02 00:21:27,528 | CRITICAL | SourceEngine | ALL PROVIDERS FAILED : NFLX
2026-07-02 00:21:27,529 | INFO     | SourceEngine | REQUEST : AMD
2026-07-02 00:21:27,744 | WARNING  | HealthManager | Provider MASSIVE is unhealthy.
2026-07-02 00:21:27,745 | WARNING  | SourceEngine | MASSIVE OFFLINE
2026-07-02 00:21:29,241 | ERROR    | StatisticsManager | FINNHUB failed after 0.8138s
2026-07-02 00:21:29,242 | WARNING  | SourceEngine | FINNHUB : EMPTY_DATA
2026-07-02 00:21:29,463 | WARNING  | HealthManager | Provider FMP is unhealthy.
2026-07-02 00:21:29,464 | WARNING  | SourceEngine | FMP OFFLINE
2026-07-02 00:21:29,685 | WARNING  | HealthManager | Provider ALPHA_VANTAGE is unhealthy.
2026-07-02 00:21:29,686 | WARNING  | SourceEngine | ALPHA_VANTAGE OFFLINE
2026-07-02 00:21:29,687 | CRITICAL | SourceEngine | ALL PROVIDERS FAILED : AMD
2026-07-02 00:21:29,689 | INFO     | SourceEngine | REQUEST : AMD
2026-07-02 00:21:29,911 | WARNING  | HealthManager | Provider MASSIVE is unhealthy.
2026-07-02 00:21:29,913 | WARNING  | SourceEngine | MASSIVE OFFLINE
2026-07-02 00:21:31,314 | ERROR    | StatisticsManager | FINNHUB failed after 0.6918s
2026-07-02 00:21:31,314 | WARNING  | SourceEngine | FINNHUB : EMPTY_DATA
2026-07-02 00:21:31,520 | WARNING  | HealthManager | Provider FMP is unhealthy.
2026-07-02 00:21:31,520 | WARNING  | SourceEngine | FMP OFFLINE
2026-07-02 00:21:31,942 | WARNING  | HealthManager | Provider ALPHA_VANTAGE is unhealthy.
2026-07-02 00:21:31,942 | WARNING  | SourceEngine | ALPHA_VANTAGE OFFLINE
2026-07-02 00:21:31,942 | CRITICAL | SourceEngine | ALL PROVIDERS FAILED : AMD
2026-07-02 00:21:31,943 | INFO     | SourceEngine | REQUEST : AMD
2026-07-02 00:21:32,148 | WARNING  | HealthManager | Provider MASSIVE is unhealthy.
2026-07-02 00:21:32,149 | WARNING  | SourceEngine | MASSIVE OFFLINE
2026-07-02 00:21:33,482 | ERROR    | StatisticsManager | FINNHUB failed after 0.6517s
2026-07-02 00:21:33,482 | WARNING  | SourceEngine | FINNHUB : EMPTY_DATA
2026-07-02 00:21:33,687 | WARNING  | HealthManager | Provider FMP is unhealthy.
2026-07-02 00:21:33,688 | WARNING  | SourceEngine | FMP OFFLINE
2026-07-02 00:21:33,905 | WARNING  | HealthManager | Provider ALPHA_VANTAGE is unhealthy.
2026-07-02 00:21:33,906 | WARNING  | SourceEngine | ALPHA_VANTAGE OFFLINE
2026-07-02 00:21:33,907 | CRITICAL | SourceEngine | ALL PROVIDERS FAILED : AMD
2026-07-02 00:21:33,908 | INFO     | SourceEngine | REQUEST : CRWD
2026-07-02 00:21:34,124 | WARNING  | HealthManager | Provider MASSIVE is unhealthy.
2026-07-02 00:21:34,126 | WARNING  | SourceEngine | MASSIVE OFFLINE
2026-07-02 00:21:35,522 | ERROR    | StatisticsManager | FINNHUB failed after 0.6879s
2026-07-02 00:21:35,523 | WARNING  | SourceEngine | FINNHUB : EMPTY_DATA
2026-07-02 00:21:35,723 | WARNING  | HealthManager | Provider FMP is unhealthy.
2026-07-02 00:21:35,724 | WARNING  | SourceEngine | FMP OFFLINE
2026-07-02 00:21:36,035 | WARNING  | HealthManager | Provider ALPHA_VANTAGE is unhealthy.
2026-07-02 00:21:36,036 | WARNING  | SourceEngine | ALPHA_VANTAGE OFFLINE
2026-07-02 00:21:36,037 | CRITICAL | SourceEngine | ALL PROVIDERS FAILED : CRWD
2026-07-02 00:21:36,040 | INFO     | SourceEngine | REQUEST : CRWD
2026-07-02 00:21:36,327 | WARNING  | HealthManager | Provider MASSIVE is unhealthy.
2026-07-02 00:21:36,327 | WARNING  | SourceEngine | MASSIVE OFFLINE
2026-07-02 00:21:37,727 | ERROR    | StatisticsManager | FINNHUB failed after 0.7177s
2026-07-02 00:21:37,728 | WARNING  | SourceEngine | FINNHUB : EMPTY_DATA
2026-07-02 00:21:38,120 | WARNING  | HealthManager | Provider FMP is unhealthy.
2026-07-02 00:21:38,121 | WARNING  | SourceEngine | FMP OFFLINE
2026-07-02 00:21:38,412 | WARNING  | HealthManager | Provider ALPHA_VANTAGE is unhealthy.
2026-07-02 00:21:38,413 | WARNING  | SourceEngine | ALPHA_VANTAGE OFFLINE
2026-07-02 00:21:38,414 | CRITICAL | SourceEngine | ALL PROVIDERS FAILED : CRWD
2026-07-02 00:21:38,416 | INFO     | SourceEngine | REQUEST : CRWD
2026-07-02 00:21:38,740 | WARNING  | HealthManager | Provider MASSIVE is unhealthy.
2026-07-02 00:21:38,741 | WARNING  | SourceEngine | MASSIVE OFFLINE
2026-07-02 00:21:40,400 | ERROR    | StatisticsManager | FINNHUB failed after 0.9743s
2026-07-02 00:21:40,401 | WARNING  | SourceEngine | FINNHUB : EMPTY_DATA
2026-07-02 00:21:40,610 | WARNING  | HealthManager | Provider FMP is unhealthy.
2026-07-02 00:21:40,611 | WARNING  | SourceEngine | FMP OFFLINE
2026-07-02 00:21:40,829 | WARNING  | HealthManager | Provider ALPHA_VANTAGE is unhealthy.
2026-07-02 00:21:40,830 | WARNING  | SourceEngine | ALPHA_VANTAGE OFFLINE
2026-07-02 00:21:40,831 | CRITICAL | SourceEngine | ALL PROVIDERS FAILED : CRWD
2026-07-02 00:21:40,832 | INFO     | SourceEngine | REQUEST : PLTR
2026-07-02 00:21:41,434 | WARNING  | HealthManager | Provider MASSIVE is unhealthy.
2026-07-02 00:21:41,435 | WARNING  | SourceEngine | MASSIVE OFFLINE
2026-07-02 00:21:42,787 | ERROR    | StatisticsManager | FINNHUB failed after 0.6813s
2026-07-02 00:21:42,788 | WARNING  | SourceEngine | FINNHUB : EMPTY_DATA
2026-07-02 00:21:43,014 | WARNING  | HealthManager | Provider FMP is unhealthy.
2026-07-02 00:21:43,017 | WARNING  | SourceEngine | FMP OFFLINE
2026-07-02 00:21:43,494 | WARNING  | HealthManager | Provider ALPHA_VANTAGE is unhealthy.
2026-07-02 00:21:43,495 | WARNING  | SourceEngine | ALPHA_VANTAGE OFFLINE
2026-07-02 00:21:43,496 | CRITICAL | SourceEngine | ALL PROVIDERS FAILED : PLTR
2026-07-02 00:21:43,497 | INFO     | SourceEngine | REQUEST : PLTR
2026-07-02 00:21:44,058 | WARNING  | HealthManager | Provider MASSIVE is unhealthy.
2026-07-02 00:21:44,058 | WARNING  | SourceEngine | MASSIVE OFFLINE
2026-07-02 00:21:45,425 | ERROR    | StatisticsManager | FINNHUB failed after 0.6792s
2026-07-02 00:21:45,426 | WARNING  | SourceEngine | FINNHUB : EMPTY_DATA
2026-07-02 00:21:46,096 | WARNING  | HealthManager | Provider FMP is unhealthy.
2026-07-02 00:21:46,096 | WARNING  | SourceEngine | FMP OFFLINE
2026-07-02 00:21:46,316 | WARNING  | HealthManager | Provider ALPHA_VANTAGE is unhealthy.
2026-07-02 00:21:46,317 | WARNING  | SourceEngine | ALPHA_VANTAGE OFFLINE
2026-07-02 00:21:46,317 | CRITICAL | SourceEngine | ALL PROVIDERS FAILED : PLTR
2026-07-02 00:21:46,318 | INFO     | SourceEngine | REQUEST : PLTR
2026-07-02 00:21:47,216 | WARNING  | HealthManager | Provider MASSIVE is unhealthy.
2026-07-02 00:21:47,219 | WARNING  | SourceEngine | MASSIVE OFFLINE
2026-07-02 00:21:48,564 | ERROR    | StatisticsManager | FINNHUB failed after 0.6672s
2026-07-02 00:21:48,565 | WARNING  | SourceEngine | FINNHUB : EMPTY_DATA
2026-07-02 00:21:48,789 | WARNING  | HealthManager | Provider FMP is unhealthy.
2026-07-02 00:21:48,789 | WARNING  | SourceEngine | FMP OFFLINE
2026-07-02 00:21:49,018 | WARNING  | HealthManager | Provider ALPHA_VANTAGE is unhealthy.
2026-07-02 00:21:49,020 | WARNING  | SourceEngine | ALPHA_VANTAGE OFFLINE
2026-07-02 00:21:49,020 | CRITICAL | SourceEngine | ALL PROVIDERS FAILED : PLTR
2026-07-02 00:21:49,021 | INFO     | SourceEngine | REQUEST : COST
2026-07-02 00:21:49,238 | WARNING  | HealthManager | Provider MASSIVE is unhealthy.
2026-07-02 00:21:49,239 | WARNING  | SourceEngine | MASSIVE OFFLINE
2026-07-02 00:21:50,622 | ERROR    | StatisticsManager | FINNHUB failed after 0.6790s
2026-07-02 00:21:50,623 | WARNING  | SourceEngine | FINNHUB : EMPTY_DATA
2026-07-02 00:21:50,843 | WARNING  | HealthManager | Provider FMP is unhealthy.
2026-07-02 00:21:50,844 | WARNING  | SourceEngine | FMP OFFLINE
2026-07-02 00:21:51,066 | WARNING  | HealthManager | Provider ALPHA_VANTAGE is unhealthy.
2026-07-02 00:21:51,067 | WARNING  | SourceEngine | ALPHA_VANTAGE OFFLINE
2026-07-02 00:21:51,072 | CRITICAL | SourceEngine | ALL PROVIDERS FAILED : COST
2026-07-02 00:21:51,073 | INFO     | SourceEngine | REQUEST : COST
2026-07-02 00:21:51,369 | WARNING  | HealthManager | Provider MASSIVE is unhealthy.
2026-07-02 00:21:51,370 | WARNING  | SourceEngine | MASSIVE OFFLINE
2026-07-02 00:21:52,730 | ERROR    | StatisticsManager | FINNHUB failed after 0.6877s
2026-07-02 00:21:52,731 | WARNING  | SourceEngine | FINNHUB : EMPTY_DATA
2026-07-02 00:21:52,942 | WARNING  | HealthManager | Provider FMP is unhealthy.
2026-07-02 00:21:52,943 | WARNING  | SourceEngine | FMP OFFLINE
2026-07-02 00:21:53,158 | WARNING  | HealthManager | Provider ALPHA_VANTAGE is unhealthy.
2026-07-02 00:21:53,160 | WARNING  | SourceEngine | ALPHA_VANTAGE OFFLINE
2026-07-02 00:21:53,161 | CRITICAL | SourceEngine | ALL PROVIDERS FAILED : COST
2026-07-02 00:21:53,163 | INFO     | SourceEngine | REQUEST : COST
2026-07-02 00:21:53,387 | WARNING  | HealthManager | Provider MASSIVE is unhealthy.
2026-07-02 00:21:53,388 | WARNING  | SourceEngine | MASSIVE OFFLINE
2026-07-02 00:21:56,753 | ERROR    | StatisticsManager | FINNHUB failed after 1.2255s
2026-07-02 00:21:56,754 | WARNING  | SourceEngine | FINNHUB : EMPTY_DATA
2026-07-02 00:21:57,025 | WARNING  | HealthManager | Provider FMP is unhealthy.
2026-07-02 00:21:57,025 | WARNING  | SourceEngine | FMP OFFLINE
2026-07-02 00:21:57,255 | WARNING  | HealthManager | Provider ALPHA_VANTAGE is unhealthy.
2026-07-02 00:21:57,255 | WARNING  | SourceEngine | ALPHA_VANTAGE OFFLINE
2026-07-02 00:21:57,255 | CRITICAL | SourceEngine | ALL PROVIDERS FAILED : COST
2026-07-02 00:21:57,256 | INFO     | SourceEngine | REQUEST : SHOP
2026-07-02 00:21:57,488 | WARNING  | HealthManager | Provider MASSIVE is unhealthy.
2026-07-02 00:21:57,488 | WARNING  | SourceEngine | MASSIVE OFFLINE
2026-07-02 00:22:00,443 | ERROR    | StatisticsManager | FINNHUB failed after 1.1090s
2026-07-02 00:22:00,444 | WARNING  | SourceEngine | FINNHUB : EMPTY_DATA
2026-07-02 00:22:00,666 | WARNING  | HealthManager | Provider FMP is unhealthy.
2026-07-02 00:22:00,668 | WARNING  | SourceEngine | FMP OFFLINE
2026-07-02 00:22:00,884 | WARNING  | HealthManager | Provider ALPHA_VANTAGE is unhealthy.
2026-07-02 00:22:00,885 | WARNING  | SourceEngine | ALPHA_VANTAGE OFFLINE
2026-07-02 00:22:00,886 | CRITICAL | SourceEngine | ALL PROVIDERS FAILED : SHOP
2026-07-02 00:22:00,888 | INFO     | SourceEngine | REQUEST : SHOP
2026-07-02 00:22:01,424 | WARNING  | HealthManager | Provider MASSIVE is unhealthy.
2026-07-02 00:22:01,426 | WARNING  | SourceEngine | MASSIVE OFFLINE
2026-07-02 00:22:02,752 | ERROR    | StatisticsManager | FINNHUB failed after 0.6561s
2026-07-02 00:22:02,753 | WARNING  | SourceEngine | FINNHUB : EMPTY_DATA
2026-07-02 00:22:03,125 | WARNING  | HealthManager | Provider FMP is unhealthy.
2026-07-02 00:22:03,126 | WARNING  | SourceEngine | FMP OFFLINE
2026-07-02 00:22:03,350 | WARNING  | HealthManager | Provider ALPHA_VANTAGE is unhealthy.
2026-07-02 00:22:03,351 | WARNING  | SourceEngine | ALPHA_VANTAGE OFFLINE
2026-07-02 00:22:03,352 | CRITICAL | SourceEngine | ALL PROVIDERS FAILED : SHOP
2026-07-02 00:22:03,353 | INFO     | SourceEngine | REQUEST : SHOP
2026-07-02 00:22:03,910 | WARNING  | HealthManager | Provider MASSIVE is unhealthy.
2026-07-02 00:22:03,911 | WARNING  | SourceEngine | MASSIVE OFFLINE
2026-07-02 00:22:06,611 | ERROR    | StatisticsManager | FINNHUB failed after 1.8682s
2026-07-02 00:22:06,612 | WARNING  | SourceEngine | FINNHUB : EMPTY_DATA
2026-07-02 00:22:06,815 | WARNING  | HealthManager | Provider FMP is unhealthy.
2026-07-02 00:22:06,816 | WARNING  | SourceEngine | FMP OFFLINE
2026-07-02 00:22:07,030 | WARNING  | HealthManager | Provider ALPHA_VANTAGE is unhealthy.
2026-07-02 00:22:07,031 | WARNING  | SourceEngine | ALPHA_VANTAGE OFFLINE
2026-07-02 00:22:07,032 | CRITICAL | SourceEngine | ALL PROVIDERS FAILED : SHOP
2026-07-02 00:22:07,033 | INFO     | SourceEngine | REQUEST : COIN
2026-07-02 00:22:07,256 | WARNING  | HealthManager | Provider MASSIVE is unhealthy.
2026-07-02 00:22:07,257 | WARNING  | SourceEngine | MASSIVE OFFLINE
2026-07-02 00:22:08,623 | ERROR    | StatisticsManager | FINNHUB failed after 0.7064s
2026-07-02 00:22:08,624 | WARNING  | SourceEngine | FINNHUB : EMPTY_DATA
2026-07-02 00:22:08,829 | WARNING  | HealthManager | Provider FMP is unhealthy.
2026-07-02 00:22:08,829 | WARNING  | SourceEngine | FMP OFFLINE
2026-07-02 00:22:09,048 | WARNING  | HealthManager | Provider ALPHA_VANTAGE is unhealthy.
2026-07-02 00:22:09,049 | WARNING  | SourceEngine | ALPHA_VANTAGE OFFLINE
2026-07-02 00:22:09,049 | CRITICAL | SourceEngine | ALL PROVIDERS FAILED : COIN
2026-07-02 00:22:09,051 | INFO     | SourceEngine | REQUEST : COIN
2026-07-02 00:22:09,255 | WARNING  | HealthManager | Provider MASSIVE is unhealthy.
2026-07-02 00:22:09,257 | WARNING  | SourceEngine | MASSIVE OFFLINE
2026-07-02 00:22:10,870 | ERROR    | StatisticsManager | FINNHUB failed after 0.9214s
2026-07-02 00:22:10,871 | WARNING  | SourceEngine | FINNHUB : EMPTY_DATA
2026-07-02 00:22:11,077 | WARNING  | HealthManager | Provider FMP is unhealthy.
2026-07-02 00:22:11,078 | WARNING  | SourceEngine | FMP OFFLINE
2026-07-02 00:22:11,303 | WARNING  | HealthManager | Provider ALPHA_VANTAGE is unhealthy.
2026-07-02 00:22:11,304 | WARNING  | SourceEngine | ALPHA_VANTAGE OFFLINE
2026-07-02 00:22:11,304 | CRITICAL | SourceEngine | ALL PROVIDERS FAILED : COIN
2026-07-02 00:22:11,306 | INFO     | SourceEngine | REQUEST : COIN
2026-07-02 00:22:11,525 | WARNING  | HealthManager | Provider MASSIVE is unhealthy.
2026-07-02 00:22:11,526 | WARNING  | SourceEngine | MASSIVE OFFLINE
2026-07-02 00:22:13,245 | ERROR    | StatisticsManager | FINNHUB failed after 1.0560s
2026-07-02 00:22:13,246 | WARNING  | SourceEngine | FINNHUB : EMPTY_DATA
2026-07-02 00:22:13,776 | WARNING  | HealthManager | Provider FMP is unhealthy.
2026-07-02 00:22:13,777 | WARNING  | SourceEngine | FMP OFFLINE
2026-07-02 00:22:13,996 | WARNING  | HealthManager | Provider ALPHA_VANTAGE is unhealthy.
2026-07-02 00:22:13,997 | WARNING  | SourceEngine | ALPHA_VANTAGE OFFLINE
2026-07-02 00:22:13,998 | CRITICAL | SourceEngine | ALL PROVIDERS FAILED : COIN
2026-07-02 00:22:13,999 | INFO     | SourceEngine | REQUEST : BABA
2026-07-02 00:22:14,221 | WARNING  | HealthManager | Provider MASSIVE is unhealthy.
2026-07-02 00:22:14,222 | WARNING  | SourceEngine | MASSIVE OFFLINE
2026-07-02 00:22:16,637 | ERROR    | StatisticsManager | FINNHUB failed after 0.6817s
2026-07-02 00:22:16,638 | WARNING  | SourceEngine | FINNHUB : EMPTY_DATA
2026-07-02 00:22:16,857 | WARNING  | HealthManager | Provider FMP is unhealthy.
2026-07-02 00:22:16,858 | WARNING  | SourceEngine | FMP OFFLINE
2026-07-02 00:22:17,077 | WARNING  | HealthManager | Provider ALPHA_VANTAGE is unhealthy.
2026-07-02 00:22:17,078 | WARNING  | SourceEngine | ALPHA_VANTAGE OFFLINE
2026-07-02 00:22:17,079 | CRITICAL | SourceEngine | ALL PROVIDERS FAILED : BABA
2026-07-02 00:22:17,080 | INFO     | SourceEngine | REQUEST : BABA
2026-07-02 00:22:17,296 | WARNING  | HealthManager | Provider MASSIVE is unhealthy.
2026-07-02 00:22:17,298 | WARNING  | SourceEngine | MASSIVE OFFLINE
2026-07-02 00:22:19,956 | ERROR    | StatisticsManager | FINNHUB failed after 0.6837s
2026-07-02 00:22:19,957 | WARNING  | SourceEngine | FINNHUB : EMPTY_DATA
2026-07-02 00:22:20,165 | WARNING  | HealthManager | Provider FMP is unhealthy.
2026-07-02 00:22:20,166 | WARNING  | SourceEngine | FMP OFFLINE
2026-07-02 00:22:20,390 | WARNING  | HealthManager | Provider ALPHA_VANTAGE is unhealthy.
2026-07-02 00:22:20,391 | WARNING  | SourceEngine | ALPHA_VANTAGE OFFLINE
2026-07-02 00:22:20,391 | CRITICAL | SourceEngine | ALL PROVIDERS FAILED : BABA
2026-07-02 00:22:20,393 | INFO     | SourceEngine | REQUEST : BABA
2026-07-02 00:22:20,609 | WARNING  | HealthManager | Provider MASSIVE is unhealthy.
2026-07-02 00:22:20,610 | WARNING  | SourceEngine | MASSIVE OFFLINE
2026-07-02 00:22:23,550 | ERROR    | StatisticsManager | FINNHUB failed after 0.7114s
2026-07-02 00:22:23,551 | WARNING  | SourceEngine | FINNHUB : EMPTY_DATA
2026-07-02 00:22:23,760 | WARNING  | HealthManager | Provider FMP is unhealthy.
2026-07-02 00:22:23,761 | WARNING  | SourceEngine | FMP OFFLINE
2026-07-02 00:22:23,984 | WARNING  | HealthManager | Provider ALPHA_VANTAGE is unhealthy.
2026-07-02 00:22:23,985 | WARNING  | SourceEngine | ALPHA_VANTAGE OFFLINE
2026-07-02 00:22:23,986 | CRITICAL | SourceEngine | ALL PROVIDERS FAILED : BABA
2026-07-02 00:22:23,987 | INFO     | SourceEngine | REQUEST : ARM
2026-07-02 00:22:24,197 | WARNING  | HealthManager | Provider MASSIVE is unhealthy.
2026-07-02 00:22:24,198 | WARNING  | SourceEngine | MASSIVE OFFLINE
2026-07-02 00:22:25,707 | ERROR    | StatisticsManager | FINNHUB failed after 0.6895s
2026-07-02 00:22:25,709 | WARNING  | SourceEngine | FINNHUB : EMPTY_DATA
2026-07-02 00:22:25,934 | WARNING  | HealthManager | Provider FMP is unhealthy.
2026-07-02 00:22:25,935 | WARNING  | SourceEngine | FMP OFFLINE
2026-07-02 00:22:26,140 | WARNING  | HealthManager | Provider ALPHA_VANTAGE is unhealthy.
2026-07-02 00:22:26,140 | WARNING  | SourceEngine | ALPHA_VANTAGE OFFLINE
2026-07-02 00:22:26,141 | CRITICAL | SourceEngine | ALL PROVIDERS FAILED : ARM
2026-07-02 00:22:26,142 | INFO     | SourceEngine | REQUEST : ARM
2026-07-02 00:22:26,351 | WARNING  | HealthManager | Provider MASSIVE is unhealthy.
2026-07-02 00:22:26,352 | WARNING  | SourceEngine | MASSIVE OFFLINE
2026-07-02 00:22:28,642 | ERROR    | StatisticsManager | FINNHUB failed after 0.6702s
2026-07-02 00:22:28,644 | WARNING  | SourceEngine | FINNHUB : EMPTY_DATA
2026-07-02 00:22:28,889 | WARNING  | HealthManager | Provider FMP is unhealthy.
2026-07-02 00:22:28,890 | WARNING  | SourceEngine | FMP OFFLINE
2026-07-02 00:22:29,113 | WARNING  | HealthManager | Provider ALPHA_VANTAGE is unhealthy.
2026-07-02 00:22:29,114 | WARNING  | SourceEngine | ALPHA_VANTAGE OFFLINE
2026-07-02 00:22:29,115 | CRITICAL | SourceEngine | ALL PROVIDERS FAILED : ARM
2026-07-02 00:22:29,117 | INFO     | SourceEngine | REQUEST : ARM
2026-07-02 00:22:29,357 | WARNING  | HealthManager | Provider MASSIVE is unhealthy.
2026-07-02 00:22:29,358 | WARNING  | SourceEngine | MASSIVE OFFLINE
2026-07-02 00:22:30,942 | ERROR    | StatisticsManager | FINNHUB failed after 0.9252s
2026-07-02 00:22:30,943 | WARNING  | SourceEngine | FINNHUB : EMPTY_DATA
2026-07-02 00:22:31,150 | WARNING  | HealthManager | Provider FMP is unhealthy.
2026-07-02 00:22:31,151 | WARNING  | SourceEngine | FMP OFFLINE
2026-07-02 00:22:31,366 | WARNING  | HealthManager | Provider ALPHA_VANTAGE is unhealthy.
2026-07-02 00:22:31,367 | WARNING  | SourceEngine | ALPHA_VANTAGE OFFLINE
2026-07-02 00:22:31,367 | CRITICAL | SourceEngine | ALL PROVIDERS FAILED : ARM
2026-07-02 00:22:31,368 | INFO     | SourceEngine | REQUEST : PANW
2026-07-02 00:22:31,577 | WARNING  | HealthManager | Provider MASSIVE is unhealthy.
2026-07-02 00:22:31,578 | WARNING  | SourceEngine | MASSIVE OFFLINE
2026-07-02 00:22:32,912 | ERROR    | StatisticsManager | FINNHUB failed after 0.6809s
2026-07-02 00:22:32,914 | WARNING  | SourceEngine | FINNHUB : EMPTY_DATA
2026-07-02 00:22:33,113 | WARNING  | HealthManager | Provider FMP is unhealthy.
2026-07-02 00:22:33,114 | WARNING  | SourceEngine | FMP OFFLINE
2026-07-02 00:22:33,352 | WARNING  | HealthManager | Provider ALPHA_VANTAGE is unhealthy.
2026-07-02 00:22:33,353 | WARNING  | SourceEngine | ALPHA_VANTAGE OFFLINE
2026-07-02 00:22:33,393 | CRITICAL | SourceEngine | ALL PROVIDERS FAILED : PANW
2026-07-02 00:22:33,545 | INFO     | SourceEngine | REQUEST : PANW
2026-07-02 00:22:33,805 | WARNING  | HealthManager | Provider MASSIVE is unhealthy.
2026-07-02 00:22:33,806 | WARNING  | SourceEngine | MASSIVE OFFLINE
2026-07-02 00:22:35,183 | ERROR    | StatisticsManager | FINNHUB failed after 0.6763s
2026-07-02 00:22:35,183 | WARNING  | SourceEngine | FINNHUB : EMPTY_DATA
2026-07-02 00:22:35,398 | WARNING  | HealthManager | Provider FMP is unhealthy.
2026-07-02 00:22:35,399 | WARNING  | SourceEngine | FMP OFFLINE
2026-07-02 00:22:35,627 | WARNING  | HealthManager | Provider ALPHA_VANTAGE is unhealthy.
2026-07-02 00:22:35,628 | WARNING  | SourceEngine | ALPHA_VANTAGE OFFLINE
2026-07-02 00:22:35,629 | CRITICAL | SourceEngine | ALL PROVIDERS FAILED : PANW
2026-07-02 00:22:35,630 | INFO     | SourceEngine | REQUEST : PANW
2026-07-02 00:22:35,838 | WARNING  | HealthManager | Provider MASSIVE is unhealthy.
2026-07-02 00:22:35,839 | WARNING  | SourceEngine | MASSIVE OFFLINE
2026-07-02 00:22:37,307 | ERROR    | StatisticsManager | FINNHUB failed after 0.7173s
2026-07-02 00:22:37,308 | WARNING  | SourceEngine | FINNHUB : EMPTY_DATA
2026-07-02 00:22:37,517 | WARNING  | HealthManager | Provider FMP is unhealthy.
2026-07-02 00:22:37,518 | WARNING  | SourceEngine | FMP OFFLINE
2026-07-02 00:22:37,751 | WARNING  | HealthManager | Provider ALPHA_VANTAGE is unhealthy.
2026-07-02 00:22:37,752 | WARNING  | SourceEngine | ALPHA_VANTAGE OFFLINE
2026-07-02 00:22:37,753 | CRITICAL | SourceEngine | ALL PROVIDERS FAILED : PANW
2026-07-02 00:22:37,754 | INFO     | SourceEngine | REQUEST : MU
2026-07-02 00:22:37,969 | WARNING  | HealthManager | Provider MASSIVE is unhealthy.
2026-07-02 00:22:37,970 | WARNING  | SourceEngine | MASSIVE OFFLINE
2026-07-02 00:22:39,327 | ERROR    | StatisticsManager | FINNHUB failed after 0.7036s
2026-07-02 00:22:39,328 | WARNING  | SourceEngine | FINNHUB : EMPTY_DATA
2026-07-02 00:22:39,557 | WARNING  | HealthManager | Provider FMP is unhealthy.
2026-07-02 00:22:39,558 | WARNING  | SourceEngine | FMP OFFLINE
2026-07-02 00:22:39,794 | WARNING  | HealthManager | Provider ALPHA_VANTAGE is unhealthy.
2026-07-02 00:22:39,795 | WARNING  | SourceEngine | ALPHA_VANTAGE OFFLINE
2026-07-02 00:22:39,796 | CRITICAL | SourceEngine | ALL PROVIDERS FAILED : MU
2026-07-02 00:22:39,797 | INFO     | SourceEngine | REQUEST : MU
2026-07-02 00:22:39,996 | WARNING  | HealthManager | Provider MASSIVE is unhealthy.
2026-07-02 00:22:39,997 | WARNING  | SourceEngine | MASSIVE OFFLINE
2026-07-02 00:22:42,265 | ERROR    | StatisticsManager | FINNHUB failed after 0.6720s
2026-07-02 00:22:42,266 | WARNING  | SourceEngine | FINNHUB : EMPTY_DATA
2026-07-02 00:22:42,467 | WARNING  | HealthManager | Provider FMP is unhealthy.
2026-07-02 00:22:42,469 | WARNING  | SourceEngine | FMP OFFLINE
2026-07-02 00:22:42,699 | WARNING  | HealthManager | Provider ALPHA_VANTAGE is unhealthy.
2026-07-02 00:22:42,700 | WARNING  | SourceEngine | ALPHA_VANTAGE OFFLINE
2026-07-02 00:22:42,701 | CRITICAL | SourceEngine | ALL PROVIDERS FAILED : MU
2026-07-02 00:22:42,703 | INFO     | SourceEngine | REQUEST : MU
2026-07-02 00:22:42,914 | WARNING  | HealthManager | Provider MASSIVE is unhealthy.
2026-07-02 00:22:42,915 | WARNING  | SourceEngine | MASSIVE OFFLINE
2026-07-02 00:22:45,015 | ERROR    | StatisticsManager | FINNHUB failed after 1.4376s
2026-07-02 00:22:45,016 | WARNING  | SourceEngine | FINNHUB : EMPTY_DATA
2026-07-02 00:22:45,229 | WARNING  | HealthManager | Provider FMP is unhealthy.
2026-07-02 00:22:45,230 | WARNING  | SourceEngine | FMP OFFLINE
2026-07-02 00:22:45,448 | WARNING  | HealthManager | Provider ALPHA_VANTAGE is unhealthy.
2026-07-02 00:22:45,449 | WARNING  | SourceEngine | ALPHA_VANTAGE OFFLINE
2026-07-02 00:22:45,450 | CRITICAL | SourceEngine | ALL PROVIDERS FAILED : MU
2026-07-02 00:22:45,451 | INFO     | SourceEngine | REQUEST : TSM
2026-07-02 00:22:45,664 | WARNING  | HealthManager | Provider MASSIVE is unhealthy.
2026-07-02 00:22:45,665 | WARNING  | SourceEngine | MASSIVE OFFLINE
2026-07-02 00:22:47,118 | ERROR    | StatisticsManager | FINNHUB failed after 0.7846s
2026-07-02 00:22:47,119 | WARNING  | SourceEngine | FINNHUB : EMPTY_DATA
2026-07-02 00:22:47,328 | WARNING  | HealthManager | Provider FMP is unhealthy.
2026-07-02 00:22:47,330 | WARNING  | SourceEngine | FMP OFFLINE
2026-07-02 00:22:47,550 | WARNING  | HealthManager | Provider ALPHA_VANTAGE is unhealthy.
2026-07-02 00:22:47,551 | WARNING  | SourceEngine | ALPHA_VANTAGE OFFLINE
2026-07-02 00:22:47,552 | CRITICAL | SourceEngine | ALL PROVIDERS FAILED : TSM
2026-07-02 00:22:47,553 | INFO     | SourceEngine | REQUEST : TSM
2026-07-02 00:22:47,761 | WARNING  | HealthManager | Provider MASSIVE is unhealthy.
2026-07-02 00:22:47,762 | WARNING  | SourceEngine | MASSIVE OFFLINE
2026-07-02 00:22:49,216 | ERROR    | StatisticsManager | FINNHUB failed after 0.7619s
2026-07-02 00:22:49,217 | WARNING  | SourceEngine | FINNHUB : EMPTY_DATA
2026-07-02 00:22:49,441 | WARNING  | HealthManager | Provider FMP is unhealthy.
2026-07-02 00:22:49,442 | WARNING  | SourceEngine | FMP OFFLINE
2026-07-02 00:22:49,662 | WARNING  | HealthManager | Provider ALPHA_VANTAGE is unhealthy.
2026-07-02 00:22:49,663 | WARNING  | SourceEngine | ALPHA_VANTAGE OFFLINE
2026-07-02 00:22:49,664 | CRITICAL | SourceEngine | ALL PROVIDERS FAILED : TSM
2026-07-02 00:22:49,665 | INFO     | SourceEngine | REQUEST : TSM
2026-07-02 00:22:49,875 | WARNING  | HealthManager | Provider MASSIVE is unhealthy.
2026-07-02 00:22:49,876 | WARNING  | SourceEngine | MASSIVE OFFLINE
2026-07-02 00:22:51,971 | ERROR    | StatisticsManager | FINNHUB failed after 1.4281s
2026-07-02 00:22:51,972 | WARNING  | SourceEngine | FINNHUB : EMPTY_DATA
2026-07-02 00:22:52,191 | WARNING  | HealthManager | Provider FMP is unhealthy.
2026-07-02 00:22:52,191 | WARNING  | SourceEngine | FMP OFFLINE
2026-07-02 00:22:52,755 | WARNING  | HealthManager | Provider ALPHA_VANTAGE is unhealthy.
2026-07-02 00:22:52,755 | WARNING  | SourceEngine | ALPHA_VANTAGE OFFLINE
2026-07-02 00:22:52,756 | CRITICAL | SourceEngine | ALL PROVIDERS FAILED : TSM
2026-07-02 00:22:52,756 | INFO     | SourceEngine | REQUEST : AMAT
2026-07-02 00:22:52,979 | WARNING  | HealthManager | Provider MASSIVE is unhealthy.
2026-07-02 00:22:52,979 | WARNING  | SourceEngine | MASSIVE OFFLINE
2026-07-02 00:22:54,352 | ERROR    | StatisticsManager | FINNHUB failed after 0.6956s
2026-07-02 00:22:54,353 | WARNING  | SourceEngine | FINNHUB : EMPTY_DATA
2026-07-02 00:22:54,563 | WARNING  | HealthManager | Provider FMP is unhealthy.
2026-07-02 00:22:54,564 | WARNING  | SourceEngine | FMP OFFLINE
2026-07-02 00:22:54,783 | WARNING  | HealthManager | Provider ALPHA_VANTAGE is unhealthy.
2026-07-02 00:22:54,784 | WARNING  | SourceEngine | ALPHA_VANTAGE OFFLINE
2026-07-02 00:22:54,785 | CRITICAL | SourceEngine | ALL PROVIDERS FAILED : AMAT
2026-07-02 00:22:54,786 | INFO     | SourceEngine | REQUEST : AMAT
2026-07-02 00:22:55,004 | WARNING  | HealthManager | Provider MASSIVE is unhealthy.
2026-07-02 00:22:55,005 | WARNING  | SourceEngine | MASSIVE OFFLINE
2026-07-02 00:22:56,215 | ERROR    | StatisticsManager | FINNHUB failed after 0.6016s
2026-07-02 00:22:56,215 | WARNING  | SourceEngine | FINNHUB : EMPTY_DATA
2026-07-02 00:22:56,423 | WARNING  | HealthManager | Provider FMP is unhealthy.
2026-07-02 00:22:56,423 | WARNING  | SourceEngine | FMP OFFLINE
2026-07-02 00:22:56,640 | WARNING  | HealthManager | Provider ALPHA_VANTAGE is unhealthy.
2026-07-02 00:22:56,641 | WARNING  | SourceEngine | ALPHA_VANTAGE OFFLINE
2026-07-02 00:22:56,642 | CRITICAL | SourceEngine | ALL PROVIDERS FAILED : AMAT
2026-07-02 00:22:56,644 | INFO     | SourceEngine | REQUEST : AMAT
2026-07-02 00:22:56,893 | WARNING  | HealthManager | Provider MASSIVE is unhealthy.
2026-07-02 00:22:56,894 | WARNING  | SourceEngine | MASSIVE OFFLINE
2026-07-02 00:22:58,217 | ERROR    | StatisticsManager | FINNHUB failed after 0.7023s
2026-07-02 00:22:58,218 | WARNING  | SourceEngine | FINNHUB : EMPTY_DATA
2026-07-02 00:22:58,451 | WARNING  | HealthManager | Provider FMP is unhealthy.
2026-07-02 00:22:58,451 | WARNING  | SourceEngine | FMP OFFLINE
2026-07-02 00:22:58,672 | WARNING  | HealthManager | Provider ALPHA_VANTAGE is unhealthy.
2026-07-02 00:22:58,672 | WARNING  | SourceEngine | ALPHA_VANTAGE OFFLINE
2026-07-02 00:22:58,673 | CRITICAL | SourceEngine | ALL PROVIDERS FAILED : AMAT
2026-07-02 00:22:58,673 | INFO     | SourceEngine | REQUEST : MSTR
2026-07-02 00:22:58,895 | WARNING  | HealthManager | Provider MASSIVE is unhealthy.
2026-07-02 00:22:58,896 | WARNING  | SourceEngine | MASSIVE OFFLINE
2026-07-02 00:23:01,097 | ERROR    | StatisticsManager | FINNHUB failed after 1.5223s
2026-07-02 00:23:01,098 | WARNING  | SourceEngine | FINNHUB : EMPTY_DATA
2026-07-02 00:23:01,370 | WARNING  | HealthManager | Provider FMP is unhealthy.
2026-07-02 00:23:01,372 | WARNING  | SourceEngine | FMP OFFLINE
2026-07-02 00:23:01,590 | WARNING  | HealthManager | Provider ALPHA_VANTAGE is unhealthy.
2026-07-02 00:23:01,591 | WARNING  | SourceEngine | ALPHA_VANTAGE OFFLINE
2026-07-02 00:23:01,591 | CRITICAL | SourceEngine | ALL PROVIDERS FAILED : MSTR
2026-07-02 00:23:01,593 | INFO     | SourceEngine | REQUEST : MSTR
2026-07-02 00:23:01,924 | WARNING  | HealthManager | Provider MASSIVE is unhealthy.
2026-07-02 00:23:01,925 | WARNING  | SourceEngine | MASSIVE OFFLINE
2026-07-02 00:23:03,305 | ERROR    | StatisticsManager | FINNHUB failed after 0.6824s
2026-07-02 00:23:03,306 | WARNING  | SourceEngine | FINNHUB : EMPTY_DATA
2026-07-02 00:23:03,547 | WARNING  | HealthManager | Provider FMP is unhealthy.
2026-07-02 00:23:03,548 | WARNING  | SourceEngine | FMP OFFLINE
2026-07-02 00:23:03,766 | WARNING  | HealthManager | Provider ALPHA_VANTAGE is unhealthy.
2026-07-02 00:23:03,767 | WARNING  | SourceEngine | ALPHA_VANTAGE OFFLINE
2026-07-02 00:23:03,768 | CRITICAL | SourceEngine | ALL PROVIDERS FAILED : MSTR
2026-07-02 00:23:03,769 | INFO     | SourceEngine | REQUEST : MSTR
2026-07-02 00:23:04,071 | WARNING  | HealthManager | Provider MASSIVE is unhealthy.
2026-07-02 00:23:04,073 | WARNING  | SourceEngine | MASSIVE OFFLINE
2026-07-02 00:23:06,647 | ERROR    | StatisticsManager | FINNHUB failed after 1.1411s
2026-07-02 00:23:06,647 | WARNING  | SourceEngine | FINNHUB : EMPTY_DATA
2026-07-02 00:23:06,859 | WARNING  | HealthManager | Provider FMP is unhealthy.
2026-07-02 00:23:06,859 | WARNING  | SourceEngine | FMP OFFLINE
2026-07-02 00:23:07,094 | WARNING  | HealthManager | Provider ALPHA_VANTAGE is unhealthy.
2026-07-02 00:23:07,094 | WARNING  | SourceEngine | ALPHA_VANTAGE OFFLINE
2026-07-02 00:23:07,095 | CRITICAL | SourceEngine | ALL PROVIDERS FAILED : MSTR
2026-07-02 00:23:07,095 | INFO     | SourceEngine | REQUEST : ANET
2026-07-02 00:23:07,313 | WARNING  | HealthManager | Provider MASSIVE is unhealthy.
2026-07-02 00:23:07,314 | WARNING  | SourceEngine | MASSIVE OFFLINE
2026-07-02 00:23:09,417 | ERROR    | StatisticsManager | FINNHUB failed after 1.4476s
2026-07-02 00:23:09,417 | WARNING  | SourceEngine | FINNHUB : EMPTY_DATA
2026-07-02 00:23:09,622 | WARNING  | HealthManager | Provider FMP is unhealthy.
2026-07-02 00:23:09,622 | WARNING  | SourceEngine | FMP OFFLINE
2026-07-02 00:23:09,857 | WARNING  | HealthManager | Provider ALPHA_VANTAGE is unhealthy.
2026-07-02 00:23:09,858 | WARNING  | SourceEngine | ALPHA_VANTAGE OFFLINE
2026-07-02 00:23:09,859 | CRITICAL | SourceEngine | ALL PROVIDERS FAILED : ANET
2026-07-02 00:23:09,861 | INFO     | SourceEngine | REQUEST : ANET
2026-07-02 00:23:10,061 | WARNING  | HealthManager | Provider MASSIVE is unhealthy.
2026-07-02 00:23:10,063 | WARNING  | SourceEngine | MASSIVE OFFLINE
2026-07-02 00:23:11,466 | ERROR    | StatisticsManager | FINNHUB failed after 0.6997s
2026-07-02 00:23:11,467 | WARNING  | SourceEngine | FINNHUB : EMPTY_DATA
2026-07-02 00:23:11,677 | WARNING  | HealthManager | Provider FMP is unhealthy.
2026-07-02 00:23:11,678 | WARNING  | SourceEngine | FMP OFFLINE
2026-07-02 00:23:11,913 | WARNING  | HealthManager | Provider ALPHA_VANTAGE is unhealthy.
2026-07-02 00:23:11,914 | WARNING  | SourceEngine | ALPHA_VANTAGE OFFLINE
2026-07-02 00:23:11,915 | CRITICAL | SourceEngine | ALL PROVIDERS FAILED : ANET
2026-07-02 00:23:11,917 | INFO     | SourceEngine | REQUEST : ANET
2026-07-02 00:23:12,158 | WARNING  | HealthManager | Provider MASSIVE is unhealthy.
2026-07-02 00:23:12,159 | WARNING  | SourceEngine | MASSIVE OFFLINE
2026-07-02 00:23:13,839 | ERROR    | StatisticsManager | FINNHUB failed after 0.7023s
2026-07-02 00:23:13,840 | WARNING  | SourceEngine | FINNHUB : EMPTY_DATA
2026-07-02 00:23:14,066 | WARNING  | HealthManager | Provider FMP is unhealthy.
2026-07-02 00:23:14,067 | WARNING  | SourceEngine | FMP OFFLINE
2026-07-02 00:23:14,286 | WARNING  | HealthManager | Provider ALPHA_VANTAGE is unhealthy.
2026-07-02 00:23:14,286 | WARNING  | SourceEngine | ALPHA_VANTAGE OFFLINE
2026-07-02 00:23:14,287 | CRITICAL | SourceEngine | ALL PROVIDERS FAILED : ANET
2026-07-02 00:23:14,289 | INFO     | SourceEngine | REQUEST : SNOW
2026-07-02 00:23:14,513 | WARNING  | HealthManager | Provider MASSIVE is unhealthy.
2026-07-02 00:23:14,514 | WARNING  | SourceEngine | MASSIVE OFFLINE
2026-07-02 00:23:15,881 | ERROR    | StatisticsManager | FINNHUB failed after 0.6806s
2026-07-02 00:23:15,882 | WARNING  | SourceEngine | FINNHUB : EMPTY_DATA
2026-07-02 00:23:16,170 | WARNING  | HealthManager | Provider FMP is unhealthy.
2026-07-02 00:23:16,171 | WARNING  | SourceEngine | FMP OFFLINE
2026-07-02 00:23:16,388 | WARNING  | HealthManager | Provider ALPHA_VANTAGE is unhealthy.
2026-07-02 00:23:16,390 | WARNING  | SourceEngine | ALPHA_VANTAGE OFFLINE
2026-07-02 00:23:16,391 | CRITICAL | SourceEngine | ALL PROVIDERS FAILED : SNOW
2026-07-02 00:23:16,392 | INFO     | SourceEngine | REQUEST : SNOW
2026-07-02 00:23:16,614 | WARNING  | HealthManager | Provider MASSIVE is unhealthy.
2026-07-02 00:23:16,615 | WARNING  | SourceEngine | MASSIVE OFFLINE
2026-07-02 00:23:17,947 | ERROR    | StatisticsManager | FINNHUB failed after 0.6617s
2026-07-02 00:23:17,948 | WARNING  | SourceEngine | FINNHUB : EMPTY_DATA
2026-07-02 00:23:18,154 | WARNING  | HealthManager | Provider FMP is unhealthy.
2026-07-02 00:23:18,155 | WARNING  | SourceEngine | FMP OFFLINE
2026-07-02 00:23:18,368 | WARNING  | HealthManager | Provider ALPHA_VANTAGE is unhealthy.
2026-07-02 00:23:18,369 | WARNING  | SourceEngine | ALPHA_VANTAGE OFFLINE
2026-07-02 00:23:18,370 | CRITICAL | SourceEngine | ALL PROVIDERS FAILED : SNOW
2026-07-02 00:23:18,372 | INFO     | SourceEngine | REQUEST : SNOW
2026-07-02 00:23:18,585 | WARNING  | HealthManager | Provider MASSIVE is unhealthy.
2026-07-02 00:23:18,586 | WARNING  | SourceEngine | MASSIVE OFFLINE
2026-07-02 00:23:22,343 | ERROR    | StatisticsManager | FINNHUB failed after 1.3015s
2026-07-02 00:23:22,344 | WARNING  | SourceEngine | FINNHUB : EMPTY_DATA
2026-07-02 00:23:22,552 | WARNING  | HealthManager | Provider FMP is unhealthy.
2026-07-02 00:23:22,553 | WARNING  | SourceEngine | FMP OFFLINE
2026-07-02 00:23:22,770 | WARNING  | HealthManager | Provider ALPHA_VANTAGE is unhealthy.
2026-07-02 00:23:22,771 | WARNING  | SourceEngine | ALPHA_VANTAGE OFFLINE
2026-07-02 00:23:22,772 | CRITICAL | SourceEngine | ALL PROVIDERS FAILED : SNOW
2026-07-02 00:23:22,773 | INFO     | SourceEngine | REQUEST : MDB
2026-07-02 00:23:22,982 | WARNING  | HealthManager | Provider MASSIVE is unhealthy.
2026-07-02 00:23:22,983 | WARNING  | SourceEngine | MASSIVE OFFLINE
2026-07-02 00:23:24,350 | ERROR    | StatisticsManager | FINNHUB failed after 0.6932s
2026-07-02 00:23:24,351 | WARNING  | SourceEngine | FINNHUB : EMPTY_DATA
2026-07-02 00:23:24,550 | WARNING  | HealthManager | Provider FMP is unhealthy.
2026-07-02 00:23:24,551 | WARNING  | SourceEngine | FMP OFFLINE
2026-07-02 00:23:24,780 | WARNING  | HealthManager | Provider ALPHA_VANTAGE is unhealthy.
2026-07-02 00:23:24,781 | WARNING  | SourceEngine | ALPHA_VANTAGE OFFLINE
2026-07-02 00:23:24,782 | CRITICAL | SourceEngine | ALL PROVIDERS FAILED : MDB
2026-07-02 00:23:24,783 | INFO     | SourceEngine | REQUEST : MDB
2026-07-02 00:23:24,981 | WARNING  | HealthManager | Provider MASSIVE is unhealthy.
2026-07-02 00:23:24,982 | WARNING  | SourceEngine | MASSIVE OFFLINE
2026-07-02 00:23:26,285 | ERROR    | StatisticsManager | FINNHUB failed after 0.6535s
2026-07-02 00:23:26,286 | WARNING  | SourceEngine | FINNHUB : EMPTY_DATA
2026-07-02 00:23:26,500 | WARNING  | HealthManager | Provider FMP is unhealthy.
2026-07-02 00:23:26,501 | WARNING  | SourceEngine | FMP OFFLINE
2026-07-02 00:23:26,721 | WARNING  | HealthManager | Provider ALPHA_VANTAGE is unhealthy.
2026-07-02 00:23:26,722 | WARNING  | SourceEngine | ALPHA_VANTAGE OFFLINE
2026-07-02 00:23:26,723 | CRITICAL | SourceEngine | ALL PROVIDERS FAILED : MDB
2026-07-02 00:23:26,725 | INFO     | SourceEngine | REQUEST : MDB
2026-07-02 00:23:26,936 | WARNING  | HealthManager | Provider MASSIVE is unhealthy.
2026-07-02 00:23:26,937 | WARNING  | SourceEngine | MASSIVE OFFLINE
2026-07-02 00:23:28,283 | ERROR    | StatisticsManager | FINNHUB failed after 0.6905s
2026-07-02 00:23:28,284 | WARNING  | SourceEngine | FINNHUB : EMPTY_DATA
2026-07-02 00:23:28,503 | WARNING  | HealthManager | Provider FMP is unhealthy.
2026-07-02 00:23:28,505 | WARNING  | SourceEngine | FMP OFFLINE
2026-07-02 00:23:28,715 | WARNING  | HealthManager | Provider ALPHA_VANTAGE is unhealthy.
2026-07-02 00:23:28,716 | WARNING  | SourceEngine | ALPHA_VANTAGE OFFLINE
2026-07-02 00:23:28,717 | CRITICAL | SourceEngine | ALL PROVIDERS FAILED : MDB
2026-07-02 00:23:28,718 | INFO     | SourceEngine | REQUEST : DDOG
2026-07-02 00:23:29,583 | WARNING  | HealthManager | Provider MASSIVE is unhealthy.
2026-07-02 00:23:29,584 | WARNING  | SourceEngine | MASSIVE OFFLINE
2026-07-02 00:23:30,931 | ERROR    | StatisticsManager | FINNHUB failed after 0.6773s
2026-07-02 00:23:30,932 | WARNING  | SourceEngine | FINNHUB : EMPTY_DATA
2026-07-02 00:23:31,154 | WARNING  | HealthManager | Provider FMP is unhealthy.
2026-07-02 00:23:31,155 | WARNING  | SourceEngine | FMP OFFLINE
2026-07-02 00:23:31,371 | WARNING  | HealthManager | Provider ALPHA_VANTAGE is unhealthy.
2026-07-02 00:23:31,373 | WARNING  | SourceEngine | ALPHA_VANTAGE OFFLINE
2026-07-02 00:23:31,374 | CRITICAL | SourceEngine | ALL PROVIDERS FAILED : DDOG
2026-07-02 00:23:31,375 | INFO     | SourceEngine | REQUEST : DDOG
2026-07-02 00:23:32,798 | WARNING  | HealthManager | Provider MASSIVE is unhealthy.
2026-07-02 00:23:32,799 | WARNING  | SourceEngine | MASSIVE OFFLINE
2026-07-02 00:23:34,148 | ERROR    | StatisticsManager | FINNHUB failed after 0.7004s
2026-07-02 00:23:34,149 | WARNING  | SourceEngine | FINNHUB : EMPTY_DATA
2026-07-02 00:23:34,346 | WARNING  | HealthManager | Provider FMP is unhealthy.
2026-07-02 00:23:34,347 | WARNING  | SourceEngine | FMP OFFLINE
2026-07-02 00:23:34,554 | WARNING  | HealthManager | Provider ALPHA_VANTAGE is unhealthy.
2026-07-02 00:23:34,555 | WARNING  | SourceEngine | ALPHA_VANTAGE OFFLINE
2026-07-02 00:23:34,555 | CRITICAL | SourceEngine | ALL PROVIDERS FAILED : DDOG
2026-07-02 00:23:34,557 | INFO     | SourceEngine | REQUEST : DDOG
2026-07-02 00:23:34,770 | WARNING  | HealthManager | Provider MASSIVE is unhealthy.
2026-07-02 00:23:34,771 | WARNING  | SourceEngine | MASSIVE OFFLINE
2026-07-02 00:23:37,764 | ERROR    | StatisticsManager | FINNHUB failed after 0.6591s
2026-07-02 00:23:37,764 | WARNING  | SourceEngine | FINNHUB : EMPTY_DATA
2026-07-02 00:23:37,994 | WARNING  | HealthManager | Provider FMP is unhealthy.
2026-07-02 00:23:37,995 | WARNING  | SourceEngine | FMP OFFLINE
2026-07-02 00:23:38,211 | WARNING  | HealthManager | Provider ALPHA_VANTAGE is unhealthy.
2026-07-02 00:23:38,212 | WARNING  | SourceEngine | ALPHA_VANTAGE OFFLINE
2026-07-02 00:23:38,213 | CRITICAL | SourceEngine | ALL PROVIDERS FAILED : DDOG
2026-07-02 00:23:38,214 | INFO     | SourceEngine | REQUEST : NET
2026-07-02 00:23:38,772 | WARNING  | HealthManager | Provider MASSIVE is unhealthy.
2026-07-02 00:23:38,773 | WARNING  | SourceEngine | MASSIVE OFFLINE
2026-07-02 00:23:40,192 | ERROR    | StatisticsManager | FINNHUB failed after 0.6672s
2026-07-02 00:23:40,193 | WARNING  | SourceEngine | FINNHUB : EMPTY_DATA
2026-07-02 00:23:40,420 | WARNING  | HealthManager | Provider FMP is unhealthy.
2026-07-02 00:23:40,422 | WARNING  | SourceEngine | FMP OFFLINE
2026-07-02 00:23:40,642 | WARNING  | HealthManager | Provider ALPHA_VANTAGE is unhealthy.
2026-07-02 00:23:40,644 | WARNING  | SourceEngine | ALPHA_VANTAGE OFFLINE
2026-07-02 00:23:40,645 | CRITICAL | SourceEngine | ALL PROVIDERS FAILED : NET
2026-07-02 00:23:40,646 | INFO     | SourceEngine | REQUEST : NET
2026-07-02 00:23:40,881 | WARNING  | HealthManager | Provider MASSIVE is unhealthy.
2026-07-02 00:23:40,882 | WARNING  | SourceEngine | MASSIVE OFFLINE
2026-07-02 00:23:42,244 | ERROR    | StatisticsManager | FINNHUB failed after 0.6727s
2026-07-02 00:23:42,246 | WARNING  | SourceEngine | FINNHUB : EMPTY_DATA
2026-07-02 00:23:42,457 | WARNING  | HealthManager | Provider FMP is unhealthy.
2026-07-02 00:23:42,458 | WARNING  | SourceEngine | FMP OFFLINE
2026-07-02 00:23:43,017 | WARNING  | HealthManager | Provider ALPHA_VANTAGE is unhealthy.
2026-07-02 00:23:43,018 | WARNING  | SourceEngine | ALPHA_VANTAGE OFFLINE
2026-07-02 00:23:43,019 | CRITICAL | SourceEngine | ALL PROVIDERS FAILED : NET
2026-07-02 00:23:43,021 | INFO     | SourceEngine | REQUEST : NET
2026-07-02 00:23:43,248 | WARNING  | HealthManager | Provider MASSIVE is unhealthy.
2026-07-02 00:23:43,249 | WARNING  | SourceEngine | MASSIVE OFFLINE
2026-07-02 00:23:44,654 | ERROR    | StatisticsManager | FINNHUB failed after 0.6878s
2026-07-02 00:23:44,655 | WARNING  | SourceEngine | FINNHUB : EMPTY_DATA
2026-07-02 00:23:44,864 | WARNING  | HealthManager | Provider FMP is unhealthy.
2026-07-02 00:23:44,865 | WARNING  | SourceEngine | FMP OFFLINE
2026-07-02 00:23:45,086 | WARNING  | HealthManager | Provider ALPHA_VANTAGE is unhealthy.
2026-07-02 00:23:45,087 | WARNING  | SourceEngine | ALPHA_VANTAGE OFFLINE
2026-07-02 00:23:45,087 | CRITICAL | SourceEngine | ALL PROVIDERS FAILED : NET
2026-07-02 00:23:45,088 | INFO     | SourceEngine | REQUEST : QCOM
2026-07-02 00:23:45,298 | WARNING  | HealthManager | Provider MASSIVE is unhealthy.
2026-07-02 00:23:45,299 | WARNING  | SourceEngine | MASSIVE OFFLINE
2026-07-02 00:23:46,678 | ERROR    | StatisticsManager | FINNHUB failed after 0.6747s
2026-07-02 00:23:46,679 | WARNING  | SourceEngine | FINNHUB : EMPTY_DATA
2026-07-02 00:23:46,897 | WARNING  | HealthManager | Provider FMP is unhealthy.
2026-07-02 00:23:46,898 | WARNING  | SourceEngine | FMP OFFLINE
2026-07-02 00:23:47,115 | WARNING  | HealthManager | Provider ALPHA_VANTAGE is unhealthy.
2026-07-02 00:23:47,116 | WARNING  | SourceEngine | ALPHA_VANTAGE OFFLINE
2026-07-02 00:23:47,117 | CRITICAL | SourceEngine | ALL PROVIDERS FAILED : QCOM
2026-07-02 00:23:47,119 | INFO     | SourceEngine | REQUEST : QCOM
2026-07-02 00:23:47,341 | WARNING  | HealthManager | Provider MASSIVE is unhealthy.
2026-07-02 00:23:47,342 | WARNING  | SourceEngine | MASSIVE OFFLINE
2026-07-02 00:23:48,673 | ERROR    | StatisticsManager | FINNHUB failed after 0.6580s
2026-07-02 00:23:48,674 | WARNING  | SourceEngine | FINNHUB : EMPTY_DATA
2026-07-02 00:23:48,881 | WARNING  | HealthManager | Provider FMP is unhealthy.
2026-07-02 00:23:48,882 | WARNING  | SourceEngine | FMP OFFLINE
2026-07-02 00:23:49,144 | WARNING  | HealthManager | Provider ALPHA_VANTAGE is unhealthy.
2026-07-02 00:23:49,145 | WARNING  | SourceEngine | ALPHA_VANTAGE OFFLINE
2026-07-02 00:23:49,146 | CRITICAL | SourceEngine | ALL PROVIDERS FAILED : QCOM
2026-07-02 00:23:49,147 | INFO     | SourceEngine | REQUEST : QCOM
2026-07-02 00:23:49,355 | WARNING  | HealthManager | Provider MASSIVE is unhealthy.
2026-07-02 00:23:49,356 | WARNING  | SourceEngine | MASSIVE OFFLINE
2026-07-02 00:23:51,853 | ERROR    | StatisticsManager | FINNHUB failed after 1.8191s
2026-07-02 00:23:51,854 | WARNING  | SourceEngine | FINNHUB : EMPTY_DATA
2026-07-02 00:23:52,049 | WARNING  | HealthManager | Provider FMP is unhealthy.
2026-07-02 00:23:52,050 | WARNING  | SourceEngine | FMP OFFLINE
2026-07-02 00:23:54,068 | WARNING  | HealthManager | Provider ALPHA_VANTAGE is unhealthy.
2026-07-02 00:23:54,069 | WARNING  | SourceEngine | ALPHA_VANTAGE OFFLINE
2026-07-02 00:23:54,070 | CRITICAL | SourceEngine | ALL PROVIDERS FAILED : QCOM
2026-07-02 00:23:54,071 | INFO     | SourceEngine | REQUEST : ASML
2026-07-02 00:23:54,282 | WARNING  | HealthManager | Provider MASSIVE is unhealthy.
2026-07-02 00:23:54,283 | WARNING  | SourceEngine | MASSIVE OFFLINE
2026-07-02 00:23:56,207 | ERROR    | StatisticsManager | FINNHUB failed after 1.2528s
2026-07-02 00:23:56,208 | WARNING  | SourceEngine | FINNHUB : EMPTY_DATA
2026-07-02 00:23:56,422 | WARNING  | HealthManager | Provider FMP is unhealthy.
2026-07-02 00:23:56,423 | WARNING  | SourceEngine | FMP OFFLINE
2026-07-02 00:23:56,638 | WARNING  | HealthManager | Provider ALPHA_VANTAGE is unhealthy.
2026-07-02 00:23:56,639 | WARNING  | SourceEngine | ALPHA_VANTAGE OFFLINE
2026-07-02 00:23:56,640 | CRITICAL | SourceEngine | ALL PROVIDERS FAILED : ASML
2026-07-02 00:23:56,642 | INFO     | SourceEngine | REQUEST : ASML
2026-07-02 00:23:56,856 | WARNING  | HealthManager | Provider MASSIVE is unhealthy.
2026-07-02 00:23:56,857 | WARNING  | SourceEngine | MASSIVE OFFLINE
2026-07-02 00:23:58,245 | ERROR    | StatisticsManager | FINNHUB failed after 0.6969s
2026-07-02 00:23:58,246 | WARNING  | SourceEngine | FINNHUB : EMPTY_DATA
2026-07-02 00:23:58,456 | WARNING  | HealthManager | Provider FMP is unhealthy.
2026-07-02 00:23:58,458 | WARNING  | SourceEngine | FMP OFFLINE
2026-07-02 00:23:58,680 | WARNING  | HealthManager | Provider ALPHA_VANTAGE is unhealthy.
2026-07-02 00:23:58,681 | WARNING  | SourceEngine | ALPHA_VANTAGE OFFLINE
2026-07-02 00:23:58,682 | CRITICAL | SourceEngine | ALL PROVIDERS FAILED : ASML
2026-07-02 00:23:58,684 | INFO     | SourceEngine | REQUEST : ASML
2026-07-02 00:23:58,904 | WARNING  | HealthManager | Provider MASSIVE is unhealthy.
2026-07-02 00:23:58,905 | WARNING  | SourceEngine | MASSIVE OFFLINE
2026-07-02 00:24:00,257 | ERROR    | StatisticsManager | FINNHUB failed after 0.6765s
2026-07-02 00:24:00,258 | WARNING  | SourceEngine | FINNHUB : EMPTY_DATA
2026-07-02 00:24:00,471 | WARNING  | HealthManager | Provider FMP is unhealthy.
2026-07-02 00:24:00,473 | WARNING  | SourceEngine | FMP OFFLINE
2026-07-02 00:24:00,704 | WARNING  | HealthManager | Provider ALPHA_VANTAGE is unhealthy.
2026-07-02 00:24:00,705 | WARNING  | SourceEngine | ALPHA_VANTAGE OFFLINE
2026-07-02 00:24:00,706 | CRITICAL | SourceEngine | ALL PROVIDERS FAILED : ASML
2026-07-02 00:24:00,707 | INFO     | SourceEngine | REQUEST : ZS
2026-07-02 00:24:02,919 | WARNING  | HealthManager | Provider MASSIVE is unhealthy.
2026-07-02 00:24:02,920 | WARNING  | SourceEngine | MASSIVE OFFLINE
2026-07-02 00:24:04,485 | ERROR    | StatisticsManager | FINNHUB failed after 0.7816s
2026-07-02 00:24:04,486 | WARNING  | SourceEngine | FINNHUB : EMPTY_DATA
2026-07-02 00:24:05,238 | WARNING  | HealthManager | Provider FMP is unhealthy.
2026-07-02 00:24:05,240 | WARNING  | SourceEngine | FMP OFFLINE
2026-07-02 00:24:05,472 | WARNING  | HealthManager | Provider ALPHA_VANTAGE is unhealthy.
2026-07-02 00:24:05,473 | WARNING  | SourceEngine | ALPHA_VANTAGE OFFLINE
2026-07-02 00:24:05,474 | CRITICAL | SourceEngine | ALL PROVIDERS FAILED : ZS
2026-07-02 00:24:05,476 | INFO     | SourceEngine | REQUEST : ZS
2026-07-02 00:24:05,681 | WARNING  | HealthManager | Provider MASSIVE is unhealthy.
2026-07-02 00:24:05,683 | WARNING  | SourceEngine | MASSIVE OFFLINE
2026-07-02 00:24:07,028 | ERROR    | StatisticsManager | FINNHUB failed after 0.6661s
2026-07-02 00:24:07,029 | WARNING  | SourceEngine | FINNHUB : EMPTY_DATA
2026-07-02 00:24:07,248 | WARNING  | HealthManager | Provider FMP is unhealthy.
2026-07-02 00:24:07,249 | WARNING  | SourceEngine | FMP OFFLINE
2026-07-02 00:24:07,490 | WARNING  | HealthManager | Provider ALPHA_VANTAGE is unhealthy.
2026-07-02 00:24:07,491 | WARNING  | SourceEngine | ALPHA_VANTAGE OFFLINE
2026-07-02 00:24:07,492 | CRITICAL | SourceEngine | ALL PROVIDERS FAILED : ZS
2026-07-02 00:24:07,493 | INFO     | SourceEngine | REQUEST : ZS
2026-07-02 00:24:07,717 | WARNING  | HealthManager | Provider MASSIVE is unhealthy.
2026-07-02 00:24:07,718 | WARNING  | SourceEngine | MASSIVE OFFLINE
2026-07-02 00:24:09,103 | ERROR    | StatisticsManager | FINNHUB failed after 0.6954s
2026-07-02 00:24:09,104 | WARNING  | SourceEngine | FINNHUB : EMPTY_DATA
2026-07-02 00:24:09,323 | WARNING  | HealthManager | Provider FMP is unhealthy.
2026-07-02 00:24:09,325 | WARNING  | SourceEngine | FMP OFFLINE
2026-07-02 00:24:09,859 | WARNING  | HealthManager | Provider ALPHA_VANTAGE is unhealthy.
2026-07-02 00:24:09,860 | WARNING  | SourceEngine | ALPHA_VANTAGE OFFLINE
2026-07-02 00:24:09,861 | CRITICAL | SourceEngine | ALL PROVIDERS FAILED : ZS
2026-07-02 00:24:09,862 | INFO     | SourceEngine | REQUEST : WMT
2026-07-02 00:24:10,062 | WARNING  | HealthManager | Provider MASSIVE is unhealthy.
2026-07-02 00:24:10,063 | WARNING  | SourceEngine | MASSIVE OFFLINE
2026-07-02 00:24:11,963 | ERROR    | StatisticsManager | FINNHUB failed after 1.2398s
2026-07-02 00:24:11,998 | WARNING  | SourceEngine | FINNHUB : EMPTY_DATA
2026-07-02 00:24:12,205 | WARNING  | HealthManager | Provider FMP is unhealthy.
2026-07-02 00:24:12,216 | WARNING  | SourceEngine | FMP OFFLINE
2026-07-02 00:24:12,430 | WARNING  | HealthManager | Provider ALPHA_VANTAGE is unhealthy.
2026-07-02 00:24:12,431 | WARNING  | SourceEngine | ALPHA_VANTAGE OFFLINE
2026-07-02 00:24:12,431 | CRITICAL | SourceEngine | ALL PROVIDERS FAILED : WMT
2026-07-02 00:24:12,433 | INFO     | SourceEngine | REQUEST : WMT
2026-07-02 00:24:12,627 | WARNING  | HealthManager | Provider MASSIVE is unhealthy.
2026-07-02 00:24:12,628 | WARNING  | SourceEngine | MASSIVE OFFLINE
2026-07-02 00:24:18,579 | ERROR    | StatisticsManager | FINNHUB failed after 0.7592s
2026-07-02 00:24:18,580 | WARNING  | SourceEngine | FINNHUB : EMPTY_DATA
2026-07-02 00:24:18,784 | WARNING  | HealthManager | Provider FMP is unhealthy.
2026-07-02 00:24:18,785 | WARNING  | SourceEngine | FMP OFFLINE
2026-07-02 00:24:19,196 | WARNING  | HealthManager | Provider ALPHA_VANTAGE is unhealthy.
2026-07-02 00:24:19,197 | WARNING  | SourceEngine | ALPHA_VANTAGE OFFLINE
2026-07-02 00:24:19,198 | CRITICAL | SourceEngine | ALL PROVIDERS FAILED : WMT
2026-07-02 00:24:19,200 | INFO     | SourceEngine | REQUEST : WMT
2026-07-02 00:24:19,410 | WARNING  | HealthManager | Provider MASSIVE is unhealthy.
2026-07-02 00:24:19,411 | WARNING  | SourceEngine | MASSIVE OFFLINE
2026-07-02 00:24:21,397 | ERROR    | StatisticsManager | FINNHUB failed after 0.6880s
2026-07-02 00:24:21,398 | WARNING  | SourceEngine | FINNHUB : EMPTY_DATA
2026-07-02 00:24:21,602 | WARNING  | HealthManager | Provider FMP is unhealthy.
2026-07-02 00:24:21,603 | WARNING  | SourceEngine | FMP OFFLINE
2026-07-02 00:24:21,826 | WARNING  | HealthManager | Provider ALPHA_VANTAGE is unhealthy.
2026-07-02 00:24:21,827 | WARNING  | SourceEngine | ALPHA_VANTAGE OFFLINE
2026-07-02 00:24:21,828 | CRITICAL | SourceEngine | ALL PROVIDERS FAILED : WMT
2026-07-02 00:24:21,829 | INFO     | SourceEngine | REQUEST : HD
2026-07-02 00:24:22,044 | WARNING  | HealthManager | Provider MASSIVE is unhealthy.
2026-07-02 00:24:22,045 | WARNING  | SourceEngine | MASSIVE OFFLINE
2026-07-02 00:24:23,572 | ERROR    | StatisticsManager | FINNHUB failed after 0.8692s
2026-07-02 00:24:23,573 | WARNING  | SourceEngine | FINNHUB : EMPTY_DATA
2026-07-02 00:24:23,790 | WARNING  | HealthManager | Provider FMP is unhealthy.
2026-07-02 00:24:23,791 | WARNING  | SourceEngine | FMP OFFLINE
2026-07-02 00:24:24,019 | WARNING  | HealthManager | Provider ALPHA_VANTAGE is unhealthy.
2026-07-02 00:24:24,020 | WARNING  | SourceEngine | ALPHA_VANTAGE OFFLINE
2026-07-02 00:24:24,020 | CRITICAL | SourceEngine | ALL PROVIDERS FAILED : HD
2026-07-02 00:24:24,022 | INFO     | SourceEngine | REQUEST : HD
2026-07-02 00:24:24,226 | WARNING  | HealthManager | Provider MASSIVE is unhealthy.
2026-07-02 00:24:24,227 | WARNING  | SourceEngine | MASSIVE OFFLINE
2026-07-02 00:24:26,204 | ERROR    | StatisticsManager | FINNHUB failed after 1.2643s
2026-07-02 00:24:26,205 | WARNING  | SourceEngine | FINNHUB : EMPTY_DATA
2026-07-02 00:24:26,426 | WARNING  | HealthManager | Provider FMP is unhealthy.
2026-07-02 00:24:26,427 | WARNING  | SourceEngine | FMP OFFLINE
2026-07-02 00:24:26,644 | WARNING  | HealthManager | Provider ALPHA_VANTAGE is unhealthy.
2026-07-02 00:24:26,645 | WARNING  | SourceEngine | ALPHA_VANTAGE OFFLINE
2026-07-02 00:24:26,646 | CRITICAL | SourceEngine | ALL PROVIDERS FAILED : HD
2026-07-02 00:24:26,647 | INFO     | SourceEngine | REQUEST : HD
2026-07-02 00:24:26,857 | WARNING  | HealthManager | Provider MASSIVE is unhealthy.
2026-07-02 00:24:26,859 | WARNING  | SourceEngine | MASSIVE OFFLINE
2026-07-02 00:24:28,192 | ERROR    | StatisticsManager | FINNHUB failed after 0.6638s
2026-07-02 00:24:28,193 | WARNING  | SourceEngine | FINNHUB : EMPTY_DATA
2026-07-02 00:24:28,410 | WARNING  | HealthManager | Provider FMP is unhealthy.
2026-07-02 00:24:28,411 | WARNING  | SourceEngine | FMP OFFLINE
2026-07-02 00:24:28,647 | WARNING  | HealthManager | Provider ALPHA_VANTAGE is unhealthy.
2026-07-02 00:24:28,648 | WARNING  | SourceEngine | ALPHA_VANTAGE OFFLINE
2026-07-02 00:24:28,649 | CRITICAL | SourceEngine | ALL PROVIDERS FAILED : HD
2026-07-02 00:24:28,650 | INFO     | SourceEngine | REQUEST : JPM
2026-07-02 00:24:29,162 | WARNING  | HealthManager | Provider MASSIVE is unhealthy.
2026-07-02 00:24:29,163 | WARNING  | SourceEngine | MASSIVE OFFLINE
2026-07-02 00:24:31,095 | ERROR    | StatisticsManager | FINNHUB failed after 0.6674s
2026-07-02 00:24:31,096 | WARNING  | SourceEngine | FINNHUB : EMPTY_DATA
2026-07-02 00:24:31,310 | WARNING  | HealthManager | Provider FMP is unhealthy.
2026-07-02 00:24:31,311 | WARNING  | SourceEngine | FMP OFFLINE
2026-07-02 00:24:31,530 | WARNING  | HealthManager | Provider ALPHA_VANTAGE is unhealthy.
2026-07-02 00:24:31,532 | WARNING  | SourceEngine | ALPHA_VANTAGE OFFLINE
2026-07-02 00:24:31,533 | CRITICAL | SourceEngine | ALL PROVIDERS FAILED : JPM
2026-07-02 00:24:31,534 | INFO     | SourceEngine | REQUEST : JPM
2026-07-02 00:24:31,734 | WARNING  | HealthManager | Provider MASSIVE is unhealthy.
2026-07-02 00:24:31,735 | WARNING  | SourceEngine | MASSIVE OFFLINE
2026-07-02 00:24:33,089 | ERROR    | StatisticsManager | FINNHUB failed after 0.6738s
2026-07-02 00:24:33,090 | WARNING  | SourceEngine | FINNHUB : EMPTY_DATA
2026-07-02 00:24:33,300 | WARNING  | HealthManager | Provider FMP is unhealthy.
2026-07-02 00:24:33,301 | WARNING  | SourceEngine | FMP OFFLINE
2026-07-02 00:24:33,527 | WARNING  | HealthManager | Provider ALPHA_VANTAGE is unhealthy.
2026-07-02 00:24:33,528 | WARNING  | SourceEngine | ALPHA_VANTAGE OFFLINE
2026-07-02 00:24:33,529 | CRITICAL | SourceEngine | ALL PROVIDERS FAILED : JPM
2026-07-02 00:24:33,531 | INFO     | SourceEngine | REQUEST : JPM
2026-07-02 00:24:33,727 | WARNING  | HealthManager | Provider MASSIVE is unhealthy.
2026-07-02 00:24:33,728 | WARNING  | SourceEngine | MASSIVE OFFLINE
2026-07-02 00:24:35,728 | ERROR    | StatisticsManager | FINNHUB failed after 0.7428s
2026-07-02 00:24:35,729 | WARNING  | SourceEngine | FINNHUB : EMPTY_DATA
2026-07-02 00:24:35,942 | WARNING  | HealthManager | Provider FMP is unhealthy.
2026-07-02 00:24:35,943 | WARNING  | SourceEngine | FMP OFFLINE
2026-07-02 00:24:36,520 | WARNING  | HealthManager | Provider ALPHA_VANTAGE is unhealthy.
2026-07-02 00:24:36,520 | WARNING  | SourceEngine | ALPHA_VANTAGE OFFLINE
2026-07-02 00:24:36,521 | CRITICAL | SourceEngine | ALL PROVIDERS FAILED : JPM
2026-07-02 00:24:36,522 | INFO     | SourceEngine | REQUEST : GS
2026-07-02 00:24:36,737 | WARNING  | HealthManager | Provider MASSIVE is unhealthy.
2026-07-02 00:24:36,738 | WARNING  | SourceEngine | MASSIVE OFFLINE
2026-07-02 00:24:38,322 | ERROR    | StatisticsManager | FINNHUB failed after 0.9144s
2026-07-02 00:24:38,323 | WARNING  | SourceEngine | FINNHUB : EMPTY_DATA
2026-07-02 00:24:38,552 | WARNING  | HealthManager | Provider FMP is unhealthy.
2026-07-02 00:24:38,553 | WARNING  | SourceEngine | FMP OFFLINE
2026-07-02 00:24:38,770 | WARNING  | HealthManager | Provider ALPHA_VANTAGE is unhealthy.
2026-07-02 00:24:38,771 | WARNING  | SourceEngine | ALPHA_VANTAGE OFFLINE
2026-07-02 00:24:38,773 | CRITICAL | SourceEngine | ALL PROVIDERS FAILED : GS
2026-07-02 00:24:38,774 | INFO     | SourceEngine | REQUEST : ^GSPC
2026-07-02 00:24:38,992 | WARNING  | HealthManager | Provider MASSIVE is unhealthy.
2026-07-02 00:24:38,993 | WARNING  | SourceEngine | MASSIVE OFFLINE
2026-07-02 00:24:40,364 | ERROR    | StatisticsManager | FINNHUB failed after 0.6722s
2026-07-02 00:24:40,365 | WARNING  | SourceEngine | FINNHUB : EMPTY_DATA
2026-07-02 00:24:40,571 | WARNING  | HealthManager | Provider FMP is unhealthy.
2026-07-02 00:24:40,572 | WARNING  | SourceEngine | FMP OFFLINE
2026-07-02 00:24:40,789 | WARNING  | HealthManager | Provider ALPHA_VANTAGE is unhealthy.
2026-07-02 00:24:40,791 | WARNING  | SourceEngine | ALPHA_VANTAGE OFFLINE
2026-07-02 00:24:40,791 | CRITICAL | SourceEngine | ALL PROVIDERS FAILED : ^GSPC
2026-07-02 00:24:40,793 | INFO     | SourceEngine | REQUEST : GS
2026-07-02 00:24:41,017 | WARNING  | HealthManager | Provider MASSIVE is unhealthy.
2026-07-02 00:24:41,018 | WARNING  | SourceEngine | MASSIVE OFFLINE
2026-07-02 00:24:42,364 | ERROR    | StatisticsManager | FINNHUB failed after 0.6764s
2026-07-02 00:24:42,365 | WARNING  | SourceEngine | FINNHUB : EMPTY_DATA
2026-07-02 00:24:42,572 | WARNING  | HealthManager | Provider FMP is unhealthy.
2026-07-02 00:24:42,573 | WARNING  | SourceEngine | FMP OFFLINE
2026-07-02 00:24:42,797 | WARNING  | HealthManager | Provider ALPHA_VANTAGE is unhealthy.
2026-07-02 00:24:42,798 | WARNING  | SourceEngine | ALPHA_VANTAGE OFFLINE
2026-07-02 00:24:42,799 | CRITICAL | SourceEngine | ALL PROVIDERS FAILED : GS
2026-07-02 00:24:42,801 | INFO     | SourceEngine | REQUEST : GS
2026-07-02 00:24:43,026 | WARNING  | HealthManager | Provider MASSIVE is unhealthy.
2026-07-02 00:24:43,027 | WARNING  | SourceEngine | MASSIVE OFFLINE
2026-07-02 00:24:44,447 | ERROR    | StatisticsManager | FINNHUB failed after 0.7219s
2026-07-02 00:24:44,448 | WARNING  | SourceEngine | FINNHUB : EMPTY_DATA
2026-07-02 00:24:44,679 | WARNING  | HealthManager | Provider FMP is unhealthy.
2026-07-02 00:24:44,680 | WARNING  | SourceEngine | FMP OFFLINE
2026-07-02 00:24:44,914 | WARNING  | HealthManager | Provider ALPHA_VANTAGE is unhealthy.
2026-07-02 00:24:44,915 | WARNING  | SourceEngine | ALPHA_VANTAGE OFFLINE
2026-07-02 00:24:44,916 | CRITICAL | SourceEngine | ALL PROVIDERS FAILED : GS
2026-07-02 00:24:44,917 | INFO     | SourceEngine | REQUEST : V
2026-07-02 00:24:45,123 | WARNING  | HealthManager | Provider MASSIVE is unhealthy.
2026-07-02 00:24:45,124 | WARNING  | SourceEngine | MASSIVE OFFLINE
2026-07-02 00:24:46,501 | ERROR    | StatisticsManager | FINNHUB failed after 0.6760s
2026-07-02 00:24:46,502 | WARNING  | SourceEngine | FINNHUB : EMPTY_DATA
2026-07-02 00:24:46,717 | WARNING  | HealthManager | Provider FMP is unhealthy.
2026-07-02 00:24:46,718 | WARNING  | SourceEngine | FMP OFFLINE
2026-07-02 00:24:46,937 | WARNING  | HealthManager | Provider ALPHA_VANTAGE is unhealthy.
2026-07-02 00:24:46,938 | WARNING  | SourceEngine | ALPHA_VANTAGE OFFLINE
2026-07-02 00:24:46,939 | CRITICAL | SourceEngine | ALL PROVIDERS FAILED : V
2026-07-02 00:24:46,940 | INFO     | SourceEngine | REQUEST : V
2026-07-02 00:24:47,139 | WARNING  | HealthManager | Provider MASSIVE is unhealthy.
2026-07-02 00:24:47,140 | WARNING  | SourceEngine | MASSIVE OFFLINE
2026-07-02 00:24:48,505 | ERROR    | StatisticsManager | FINNHUB failed after 0.6936s
2026-07-02 00:24:48,505 | WARNING  | SourceEngine | FINNHUB : EMPTY_DATA
2026-07-02 00:24:48,718 | WARNING  | HealthManager | Provider FMP is unhealthy.
2026-07-02 00:24:48,719 | WARNING  | SourceEngine | FMP OFFLINE
2026-07-02 00:24:48,941 | WARNING  | HealthManager | Provider ALPHA_VANTAGE is unhealthy.
2026-07-02 00:24:48,942 | WARNING  | SourceEngine | ALPHA_VANTAGE OFFLINE
2026-07-02 00:24:48,943 | CRITICAL | SourceEngine | ALL PROVIDERS FAILED : V
2026-07-02 00:24:48,944 | INFO     | SourceEngine | REQUEST : V
2026-07-02 00:24:49,164 | WARNING  | HealthManager | Provider MASSIVE is unhealthy.
2026-07-02 00:24:49,165 | WARNING  | SourceEngine | MASSIVE OFFLINE
2026-07-02 00:24:50,529 | ERROR    | StatisticsManager | FINNHUB failed after 0.6781s
2026-07-02 00:24:50,531 | WARNING  | SourceEngine | FINNHUB : EMPTY_DATA
2026-07-02 00:24:50,742 | WARNING  | HealthManager | Provider FMP is unhealthy.
2026-07-02 00:24:50,743 | WARNING  | SourceEngine | FMP OFFLINE
2026-07-02 00:24:50,959 | WARNING  | HealthManager | Provider ALPHA_VANTAGE is unhealthy.
2026-07-02 00:24:50,960 | WARNING  | SourceEngine | ALPHA_VANTAGE OFFLINE
2026-07-02 00:24:50,961 | CRITICAL | SourceEngine | ALL PROVIDERS FAILED : V
2026-07-02 00:24:50,962 | INFO     | SourceEngine | REQUEST : MA
2026-07-02 00:24:51,172 | WARNING  | HealthManager | Provider MASSIVE is unhealthy.
2026-07-02 00:24:51,173 | WARNING  | SourceEngine | MASSIVE OFFLINE
2026-07-02 00:24:54,593 | ERROR    | StatisticsManager | FINNHUB failed after 0.6942s
2026-07-02 00:24:54,594 | WARNING  | SourceEngine | FINNHUB : EMPTY_DATA
2026-07-02 00:24:54,805 | WARNING  | HealthManager | Provider FMP is unhealthy.
2026-07-02 00:24:54,806 | WARNING  | SourceEngine | FMP OFFLINE
2026-07-02 00:24:55,037 | WARNING  | HealthManager | Provider ALPHA_VANTAGE is unhealthy.
2026-07-02 00:24:55,038 | WARNING  | SourceEngine | ALPHA_VANTAGE OFFLINE
2026-07-02 00:24:55,039 | CRITICAL | SourceEngine | ALL PROVIDERS FAILED : MA
2026-07-02 00:24:55,040 | INFO     | SourceEngine | REQUEST : MA
2026-07-02 00:24:55,245 | WARNING  | HealthManager | Provider MASSIVE is unhealthy.
2026-07-02 00:24:55,246 | WARNING  | SourceEngine | MASSIVE OFFLINE
2026-07-02 00:24:56,569 | ERROR    | StatisticsManager | FINNHUB failed after 0.6649s
2026-07-02 00:24:56,570 | WARNING  | SourceEngine | FINNHUB : EMPTY_DATA
2026-07-02 00:24:56,820 | WARNING  | HealthManager | Provider FMP is unhealthy.
2026-07-02 00:24:56,821 | WARNING  | SourceEngine | FMP OFFLINE
2026-07-02 00:24:57,036 | WARNING  | HealthManager | Provider ALPHA_VANTAGE is unhealthy.
2026-07-02 00:24:57,037 | WARNING  | SourceEngine | ALPHA_VANTAGE OFFLINE
2026-07-02 00:24:57,037 | CRITICAL | SourceEngine | ALL PROVIDERS FAILED : MA
2026-07-02 00:24:57,040 | INFO     | SourceEngine | REQUEST : MA
2026-07-02 00:24:57,249 | WARNING  | HealthManager | Provider MASSIVE is unhealthy.
2026-07-02 00:24:57,250 | WARNING  | SourceEngine | MASSIVE OFFLINE
2026-07-02 00:24:58,620 | ERROR    | StatisticsManager | FINNHUB failed after 0.6506s
2026-07-02 00:24:58,621 | WARNING  | SourceEngine | FINNHUB : EMPTY_DATA
2026-07-02 00:24:58,843 | WARNING  | HealthManager | Provider FMP is unhealthy.
2026-07-02 00:24:58,844 | WARNING  | SourceEngine | FMP OFFLINE
2026-07-02 00:24:59,066 | WARNING  | HealthManager | Provider ALPHA_VANTAGE is unhealthy.
2026-07-02 00:24:59,067 | WARNING  | SourceEngine | ALPHA_VANTAGE OFFLINE
2026-07-02 00:24:59,068 | CRITICAL | SourceEngine | ALL PROVIDERS FAILED : MA
2026-07-02 00:24:59,069 | INFO     | SourceEngine | REQUEST : LLY
2026-07-02 00:24:59,298 | WARNING  | HealthManager | Provider MASSIVE is unhealthy.
2026-07-02 00:24:59,299 | WARNING  | SourceEngine | MASSIVE OFFLINE
2026-07-02 00:25:00,652 | ERROR    | StatisticsManager | FINNHUB failed after 0.6988s
2026-07-02 00:25:00,653 | WARNING  | SourceEngine | FINNHUB : EMPTY_DATA
2026-07-02 00:25:00,926 | WARNING  | HealthManager | Provider FMP is unhealthy.
2026-07-02 00:25:00,927 | WARNING  | SourceEngine | FMP OFFLINE
2026-07-02 00:25:01,297 | WARNING  | HealthManager | Provider ALPHA_VANTAGE is unhealthy.
2026-07-02 00:25:01,298 | WARNING  | SourceEngine | ALPHA_VANTAGE OFFLINE
2026-07-02 00:25:01,299 | CRITICAL | SourceEngine | ALL PROVIDERS FAILED : LLY
2026-07-02 00:25:01,300 | INFO     | SourceEngine | REQUEST : LLY
2026-07-02 00:25:01,491 | WARNING  | HealthManager | Provider MASSIVE is unhealthy.
2026-07-02 00:25:01,493 | WARNING  | SourceEngine | MASSIVE OFFLINE
2026-07-02 00:25:02,840 | ERROR    | StatisticsManager | FINNHUB failed after 0.6747s
2026-07-02 00:25:02,841 | WARNING  | SourceEngine | FINNHUB : EMPTY_DATA
2026-07-02 00:25:03,043 | WARNING  | HealthManager | Provider FMP is unhealthy.
2026-07-02 00:25:03,045 | WARNING  | SourceEngine | FMP OFFLINE
2026-07-02 00:25:03,254 | WARNING  | HealthManager | Provider ALPHA_VANTAGE is unhealthy.
2026-07-02 00:25:03,255 | WARNING  | SourceEngine | ALPHA_VANTAGE OFFLINE
2026-07-02 00:25:03,256 | CRITICAL | SourceEngine | ALL PROVIDERS FAILED : LLY
2026-07-02 00:25:03,258 | INFO     | SourceEngine | REQUEST : LLY
2026-07-02 00:25:03,482 | WARNING  | HealthManager | Provider MASSIVE is unhealthy.
2026-07-02 00:25:03,483 | WARNING  | SourceEngine | MASSIVE OFFLINE
2026-07-02 00:25:05,422 | ERROR    | StatisticsManager | FINNHUB failed after 1.2368s
2026-07-02 00:25:05,423 | WARNING  | SourceEngine | FINNHUB : EMPTY_DATA
2026-07-02 00:25:05,629 | WARNING  | HealthManager | Provider FMP is unhealthy.
2026-07-02 00:25:05,630 | WARNING  | SourceEngine | FMP OFFLINE
2026-07-02 00:25:05,841 | WARNING  | HealthManager | Provider ALPHA_VANTAGE is unhealthy.
2026-07-02 00:25:05,842 | WARNING  | SourceEngine | ALPHA_VANTAGE OFFLINE
2026-07-02 00:25:05,843 | CRITICAL | SourceEngine | ALL PROVIDERS FAILED : LLY
2026-07-02 00:25:05,844 | INFO     | SourceEngine | REQUEST : UNH
2026-07-02 00:25:06,037 | WARNING  | HealthManager | Provider MASSIVE is unhealthy.
2026-07-02 00:25:06,039 | WARNING  | SourceEngine | MASSIVE OFFLINE
2026-07-02 00:25:07,386 | ERROR    | StatisticsManager | FINNHUB failed after 0.6817s
2026-07-02 00:25:07,387 | WARNING  | SourceEngine | FINNHUB : EMPTY_DATA
2026-07-02 00:25:07,590 | WARNING  | HealthManager | Provider FMP is unhealthy.
2026-07-02 00:25:07,592 | WARNING  | SourceEngine | FMP OFFLINE
2026-07-02 00:25:07,809 | WARNING  | HealthManager | Provider ALPHA_VANTAGE is unhealthy.
2026-07-02 00:25:07,810 | WARNING  | SourceEngine | ALPHA_VANTAGE OFFLINE
2026-07-02 00:25:07,811 | CRITICAL | SourceEngine | ALL PROVIDERS FAILED : UNH
2026-07-02 00:25:07,813 | INFO     | SourceEngine | REQUEST : UNH
2026-07-02 00:25:08,024 | WARNING  | HealthManager | Provider MASSIVE is unhealthy.
2026-07-02 00:25:08,025 | WARNING  | SourceEngine | MASSIVE OFFLINE
2026-07-02 00:25:11,748 | ERROR    | StatisticsManager | FINNHUB failed after 1.2583s
2026-07-02 00:25:11,748 | WARNING  | SourceEngine | FINNHUB : EMPTY_DATA
2026-07-02 00:25:11,963 | WARNING  | HealthManager | Provider FMP is unhealthy.
2026-07-02 00:25:11,964 | WARNING  | SourceEngine | FMP OFFLINE
2026-07-02 00:25:12,192 | WARNING  | HealthManager | Provider ALPHA_VANTAGE is unhealthy.
2026-07-02 00:25:12,193 | WARNING  | SourceEngine | ALPHA_VANTAGE OFFLINE
2026-07-02 00:25:12,194 | CRITICAL | SourceEngine | ALL PROVIDERS FAILED : UNH
2026-07-02 00:25:12,196 | INFO     | SourceEngine | REQUEST : UNH
2026-07-02 00:25:12,418 | WARNING  | HealthManager | Provider MASSIVE is unhealthy.
2026-07-02 00:25:12,419 | WARNING  | SourceEngine | MASSIVE OFFLINE
2026-07-02 00:25:16,119 | ERROR    | StatisticsManager | FINNHUB failed after 0.6944s
2026-07-02 00:25:16,120 | WARNING  | SourceEngine | FINNHUB : EMPTY_DATA
2026-07-02 00:25:16,326 | WARNING  | HealthManager | Provider FMP is unhealthy.
2026-07-02 00:25:16,327 | WARNING  | SourceEngine | FMP OFFLINE
2026-07-02 00:25:16,538 | WARNING  | HealthManager | Provider ALPHA_VANTAGE is unhealthy.
2026-07-02 00:25:16,539 | WARNING  | SourceEngine | ALPHA_VANTAGE OFFLINE
2026-07-02 00:25:16,540 | CRITICAL | SourceEngine | ALL PROVIDERS FAILED : UNH
2026-07-02 00:25:16,541 | INFO     | SourceEngine | REQUEST : ABBV
2026-07-02 00:25:16,741 | WARNING  | HealthManager | Provider MASSIVE is unhealthy.
2026-07-02 00:25:16,742 | WARNING  | SourceEngine | MASSIVE OFFLINE
2026-07-02 00:25:18,092 | ERROR    | StatisticsManager | FINNHUB failed after 0.6942s
2026-07-02 00:25:18,093 | WARNING  | SourceEngine | FINNHUB : EMPTY_DATA
2026-07-02 00:25:18,309 | WARNING  | HealthManager | Provider FMP is unhealthy.
2026-07-02 00:25:18,310 | WARNING  | SourceEngine | FMP OFFLINE
2026-07-02 00:25:18,532 | WARNING  | HealthManager | Provider ALPHA_VANTAGE is unhealthy.
2026-07-02 00:25:18,533 | WARNING  | SourceEngine | ALPHA_VANTAGE OFFLINE
2026-07-02 00:25:18,534 | CRITICAL | SourceEngine | ALL PROVIDERS FAILED : ABBV
2026-07-02 00:25:18,535 | INFO     | SourceEngine | REQUEST : ABBV
2026-07-02 00:25:18,773 | WARNING  | HealthManager | Provider MASSIVE is unhealthy.
2026-07-02 00:25:18,774 | WARNING  | SourceEngine | MASSIVE OFFLINE
2026-07-02 00:25:20,119 | ERROR    | StatisticsManager | FINNHUB failed after 0.6553s
2026-07-02 00:25:20,120 | WARNING  | SourceEngine | FINNHUB : EMPTY_DATA
2026-07-02 00:25:20,355 | WARNING  | HealthManager | Provider FMP is unhealthy.
2026-07-02 00:25:20,356 | WARNING  | SourceEngine | FMP OFFLINE
2026-07-02 00:25:20,593 | WARNING  | HealthManager | Provider ALPHA_VANTAGE is unhealthy.
2026-07-02 00:25:20,594 | WARNING  | SourceEngine | ALPHA_VANTAGE OFFLINE
2026-07-02 00:25:20,595 | CRITICAL | SourceEngine | ALL PROVIDERS FAILED : ABBV
2026-07-02 00:25:20,597 | INFO     | SourceEngine | REQUEST : ABBV
2026-07-02 00:25:20,802 | WARNING  | HealthManager | Provider MASSIVE is unhealthy.
2026-07-02 00:25:20,803 | WARNING  | SourceEngine | MASSIVE OFFLINE
2026-07-02 00:25:22,133 | ERROR    | StatisticsManager | FINNHUB failed after 0.6664s
2026-07-02 00:25:22,134 | WARNING  | SourceEngine | FINNHUB : EMPTY_DATA
2026-07-02 00:25:22,343 | WARNING  | HealthManager | Provider FMP is unhealthy.
2026-07-02 00:25:22,343 | WARNING  | SourceEngine | FMP OFFLINE
2026-07-02 00:25:22,559 | WARNING  | HealthManager | Provider ALPHA_VANTAGE is unhealthy.
2026-07-02 00:25:22,560 | WARNING  | SourceEngine | ALPHA_VANTAGE OFFLINE
2026-07-02 00:25:22,560 | CRITICAL | SourceEngine | ALL PROVIDERS FAILED : ABBV
2026-07-02 00:25:22,561 | INFO     | SourceEngine | REQUEST : ORCL
2026-07-02 00:25:22,769 | WARNING  | HealthManager | Provider MASSIVE is unhealthy.
2026-07-02 00:25:22,770 | WARNING  | SourceEngine | MASSIVE OFFLINE
2026-07-02 00:25:24,149 | ERROR    | StatisticsManager | FINNHUB failed after 0.7070s
2026-07-02 00:25:24,150 | WARNING  | SourceEngine | FINNHUB : EMPTY_DATA
2026-07-02 00:25:24,368 | WARNING  | HealthManager | Provider FMP is unhealthy.
2026-07-02 00:25:24,369 | WARNING  | SourceEngine | FMP OFFLINE
2026-07-02 00:25:24,593 | WARNING  | HealthManager | Provider ALPHA_VANTAGE is unhealthy.
2026-07-02 00:25:24,594 | WARNING  | SourceEngine | ALPHA_VANTAGE OFFLINE
2026-07-02 00:25:24,595 | CRITICAL | SourceEngine | ALL PROVIDERS FAILED : ORCL
2026-07-02 00:25:24,597 | INFO     | SourceEngine | REQUEST : ORCL
2026-07-02 00:25:24,805 | WARNING  | HealthManager | Provider MASSIVE is unhealthy.
2026-07-02 00:25:24,806 | WARNING  | SourceEngine | MASSIVE OFFLINE
2026-07-02 00:25:26,132 | ERROR    | StatisticsManager | FINNHUB failed after 0.6590s
2026-07-02 00:25:26,133 | WARNING  | SourceEngine | FINNHUB : EMPTY_DATA
2026-07-02 00:25:26,347 | WARNING  | HealthManager | Provider FMP is unhealthy.
2026-07-02 00:25:26,348 | WARNING  | SourceEngine | FMP OFFLINE
2026-07-02 00:25:26,558 | WARNING  | HealthManager | Provider ALPHA_VANTAGE is unhealthy.
2026-07-02 00:25:26,560 | WARNING  | SourceEngine | ALPHA_VANTAGE OFFLINE
2026-07-02 00:25:26,561 | CRITICAL | SourceEngine | ALL PROVIDERS FAILED : ORCL
2026-07-02 00:25:26,563 | INFO     | SourceEngine | REQUEST : ORCL
2026-07-02 00:25:26,765 | WARNING  | HealthManager | Provider MASSIVE is unhealthy.
2026-07-02 00:25:26,766 | WARNING  | SourceEngine | MASSIVE OFFLINE
2026-07-02 00:25:28,135 | ERROR    | StatisticsManager | FINNHUB failed after 0.6445s
2026-07-02 00:25:28,136 | WARNING  | SourceEngine | FINNHUB : EMPTY_DATA
2026-07-02 00:25:28,352 | WARNING  | HealthManager | Provider FMP is unhealthy.
2026-07-02 00:25:28,353 | WARNING  | SourceEngine | FMP OFFLINE
2026-07-02 00:25:28,573 | WARNING  | HealthManager | Provider ALPHA_VANTAGE is unhealthy.
2026-07-02 00:25:28,574 | WARNING  | SourceEngine | ALPHA_VANTAGE OFFLINE
2026-07-02 00:25:28,575 | CRITICAL | SourceEngine | ALL PROVIDERS FAILED : ORCL
2026-07-02 00:25:28,576 | INFO     | SourceEngine | REQUEST : APP
2026-07-02 00:25:28,787 | WARNING  | HealthManager | Provider MASSIVE is unhealthy.
2026-07-02 00:25:28,788 | WARNING  | SourceEngine | MASSIVE OFFLINE
2026-07-02 00:25:30,161 | ERROR    | StatisticsManager | FINNHUB failed after 0.6735s
2026-07-02 00:25:30,163 | WARNING  | SourceEngine | FINNHUB : EMPTY_DATA
2026-07-02 00:25:30,533 | WARNING  | HealthManager | Provider FMP is unhealthy.
2026-07-02 00:25:30,534 | WARNING  | SourceEngine | FMP OFFLINE
2026-07-02 00:25:30,751 | WARNING  | HealthManager | Provider ALPHA_VANTAGE is unhealthy.
2026-07-02 00:25:30,752 | WARNING  | SourceEngine | ALPHA_VANTAGE OFFLINE
2026-07-02 00:25:30,753 | CRITICAL | SourceEngine | ALL PROVIDERS FAILED : APP
2026-07-02 00:25:30,754 | INFO     | SourceEngine | REQUEST : APP
2026-07-02 00:25:30,998 | WARNING  | HealthManager | Provider MASSIVE is unhealthy.
2026-07-02 00:25:30,999 | WARNING  | SourceEngine | MASSIVE OFFLINE
2026-07-02 00:25:32,344 | ERROR    | StatisticsManager | FINNHUB failed after 0.6732s
2026-07-02 00:25:32,345 | WARNING  | SourceEngine | FINNHUB : EMPTY_DATA
2026-07-02 00:25:32,571 | WARNING  | HealthManager | Provider FMP is unhealthy.
2026-07-02 00:25:32,572 | WARNING  | SourceEngine | FMP OFFLINE
2026-07-02 00:25:32,798 | WARNING  | HealthManager | Provider ALPHA_VANTAGE is unhealthy.
2026-07-02 00:25:32,798 | WARNING  | SourceEngine | ALPHA_VANTAGE OFFLINE
2026-07-02 00:25:32,799 | CRITICAL | SourceEngine | ALL PROVIDERS FAILED : APP
2026-07-02 00:25:32,801 | INFO     | SourceEngine | REQUEST : APP
2026-07-02 00:25:33,153 | WARNING  | HealthManager | Provider MASSIVE is unhealthy.
2026-07-02 00:25:33,154 | WARNING  | SourceEngine | MASSIVE OFFLINE
2026-07-02 00:25:34,540 | ERROR    | StatisticsManager | FINNHUB failed after 0.6951s
2026-07-02 00:25:34,541 | WARNING  | SourceEngine | FINNHUB : EMPTY_DATA
2026-07-02 00:25:35,956 | WARNING  | HealthManager | Provider FMP is unhealthy.
2026-07-02 00:25:35,957 | WARNING  | SourceEngine | FMP OFFLINE
2026-07-02 00:25:36,168 | WARNING  | HealthManager | Provider ALPHA_VANTAGE is unhealthy.
2026-07-02 00:25:36,169 | WARNING  | SourceEngine | ALPHA_VANTAGE OFFLINE
2026-07-02 00:25:36,170 | CRITICAL | SourceEngine | ALL PROVIDERS FAILED : APP
2026-07-02 00:25:36,171 | INFO     | SourceEngine | REQUEST : UBER
2026-07-02 00:25:36,378 | WARNING  | HealthManager | Provider MASSIVE is unhealthy.
2026-07-02 00:25:36,379 | WARNING  | SourceEngine | MASSIVE OFFLINE
2026-07-02 00:25:37,753 | ERROR    | StatisticsManager | FINNHUB failed after 0.6904s
2026-07-02 00:25:37,755 | WARNING  | SourceEngine | FINNHUB : EMPTY_DATA
2026-07-02 00:25:37,970 | WARNING  | HealthManager | Provider FMP is unhealthy.
2026-07-02 00:25:37,971 | WARNING  | SourceEngine | FMP OFFLINE
2026-07-02 00:25:38,188 | WARNING  | HealthManager | Provider ALPHA_VANTAGE is unhealthy.
2026-07-02 00:25:38,189 | WARNING  | SourceEngine | ALPHA_VANTAGE OFFLINE
2026-07-02 00:25:38,190 | CRITICAL | SourceEngine | ALL PROVIDERS FAILED : UBER
2026-07-02 00:25:38,191 | INFO     | SourceEngine | REQUEST : UBER
2026-07-02 00:25:38,384 | WARNING  | HealthManager | Provider MASSIVE is unhealthy.
2026-07-02 00:25:38,385 | WARNING  | SourceEngine | MASSIVE OFFLINE
2026-07-02 00:25:39,782 | ERROR    | StatisticsManager | FINNHUB failed after 0.6873s
2026-07-02 00:25:39,783 | WARNING  | SourceEngine | FINNHUB : EMPTY_DATA
2026-07-02 00:25:39,994 | WARNING  | HealthManager | Provider FMP is unhealthy.
2026-07-02 00:25:39,995 | WARNING  | SourceEngine | FMP OFFLINE
2026-07-02 00:25:40,217 | WARNING  | HealthManager | Provider ALPHA_VANTAGE is unhealthy.
2026-07-02 00:25:40,218 | WARNING  | SourceEngine | ALPHA_VANTAGE OFFLINE
2026-07-02 00:25:40,219 | CRITICAL | SourceEngine | ALL PROVIDERS FAILED : UBER
2026-07-02 00:25:40,221 | INFO     | SourceEngine | REQUEST : UBER
2026-07-02 00:25:40,437 | WARNING  | HealthManager | Provider MASSIVE is unhealthy.
2026-07-02 00:25:40,438 | WARNING  | SourceEngine | MASSIVE OFFLINE
2026-07-02 00:25:41,799 | ERROR    | StatisticsManager | FINNHUB failed after 0.6911s
2026-07-02 00:25:41,800 | WARNING  | SourceEngine | FINNHUB : EMPTY_DATA
2026-07-02 00:25:42,008 | WARNING  | HealthManager | Provider FMP is unhealthy.
2026-07-02 00:25:42,009 | WARNING  | SourceEngine | FMP OFFLINE
2026-07-02 00:25:42,223 | WARNING  | HealthManager | Provider ALPHA_VANTAGE is unhealthy.
2026-07-02 00:25:42,224 | WARNING  | SourceEngine | ALPHA_VANTAGE OFFLINE
2026-07-02 00:25:42,225 | CRITICAL | SourceEngine | ALL PROVIDERS FAILED : UBER
2026-07-02 00:25:42,226 | INFO     | SourceEngine | REQUEST : CRM
2026-07-02 00:25:42,445 | WARNING  | HealthManager | Provider MASSIVE is unhealthy.
2026-07-02 00:25:42,447 | WARNING  | SourceEngine | MASSIVE OFFLINE
2026-07-02 00:25:44,390 | ERROR    | StatisticsManager | FINNHUB failed after 1.2747s
2026-07-02 00:25:44,391 | WARNING  | SourceEngine | FINNHUB : EMPTY_DATA
2026-07-02 00:25:44,604 | WARNING  | HealthManager | Provider FMP is unhealthy.
2026-07-02 00:25:44,605 | WARNING  | SourceEngine | FMP OFFLINE
2026-07-02 00:25:44,817 | WARNING  | HealthManager | Provider ALPHA_VANTAGE is unhealthy.
2026-07-02 00:25:44,818 | WARNING  | SourceEngine | ALPHA_VANTAGE OFFLINE
2026-07-02 00:25:44,819 | CRITICAL | SourceEngine | ALL PROVIDERS FAILED : CRM
2026-07-02 00:25:44,821 | INFO     | SourceEngine | REQUEST : CRM
2026-07-02 00:25:45,024 | WARNING  | HealthManager | Provider MASSIVE is unhealthy.
2026-07-02 00:25:45,025 | WARNING  | SourceEngine | MASSIVE OFFLINE
2026-07-02 00:25:48,645 | ERROR    | StatisticsManager | FINNHUB failed after 0.6727s
2026-07-02 00:25:48,646 | WARNING  | SourceEngine | FINNHUB : EMPTY_DATA
2026-07-02 00:25:48,876 | WARNING  | HealthManager | Provider FMP is unhealthy.
2026-07-02 00:25:48,877 | WARNING  | SourceEngine | FMP OFFLINE
2026-07-02 00:25:49,096 | WARNING  | HealthManager | Provider ALPHA_VANTAGE is unhealthy.
2026-07-02 00:25:49,097 | WARNING  | SourceEngine | ALPHA_VANTAGE OFFLINE
2026-07-02 00:25:49,097 | CRITICAL | SourceEngine | ALL PROVIDERS FAILED : CRM
2026-07-02 00:25:49,099 | INFO     | SourceEngine | REQUEST : CRM
2026-07-02 00:25:49,308 | WARNING  | HealthManager | Provider MASSIVE is unhealthy.
2026-07-02 00:25:49,309 | WARNING  | SourceEngine | MASSIVE OFFLINE
2026-07-02 00:25:50,676 | ERROR    | StatisticsManager | FINNHUB failed after 0.6673s
2026-07-02 00:25:50,677 | WARNING  | SourceEngine | FINNHUB : EMPTY_DATA
2026-07-02 00:25:50,960 | WARNING  | HealthManager | Provider FMP is unhealthy.
2026-07-02 00:25:50,961 | WARNING  | SourceEngine | FMP OFFLINE
2026-07-02 00:25:51,186 | WARNING  | HealthManager | Provider ALPHA_VANTAGE is unhealthy.
2026-07-02 00:25:51,187 | WARNING  | SourceEngine | ALPHA_VANTAGE OFFLINE
2026-07-02 00:25:51,189 | CRITICAL | SourceEngine | ALL PROVIDERS FAILED : CRM
2026-07-02 00:25:51,190 | INFO     | SourceEngine | REQUEST : ADBE
2026-07-02 00:25:51,406 | WARNING  | HealthManager | Provider MASSIVE is unhealthy.
2026-07-02 00:25:51,408 | WARNING  | SourceEngine | MASSIVE OFFLINE
2026-07-02 00:25:52,751 | ERROR    | StatisticsManager | FINNHUB failed after 0.6757s
2026-07-02 00:25:52,752 | WARNING  | SourceEngine | FINNHUB : EMPTY_DATA
2026-07-02 00:25:52,962 | WARNING  | HealthManager | Provider FMP is unhealthy.
2026-07-02 00:25:52,963 | WARNING  | SourceEngine | FMP OFFLINE
2026-07-02 00:25:53,196 | WARNING  | HealthManager | Provider ALPHA_VANTAGE is unhealthy.
2026-07-02 00:25:53,197 | WARNING  | SourceEngine | ALPHA_VANTAGE OFFLINE
2026-07-02 00:25:53,198 | CRITICAL | SourceEngine | ALL PROVIDERS FAILED : ADBE
2026-07-02 00:25:53,199 | INFO     | SourceEngine | REQUEST : ADBE
2026-07-02 00:25:53,419 | WARNING  | HealthManager | Provider MASSIVE is unhealthy.
2026-07-02 00:25:53,420 | WARNING  | SourceEngine | MASSIVE OFFLINE
2026-07-02 00:25:54,869 | ERROR    | StatisticsManager | FINNHUB failed after 0.6933s
2026-07-02 00:25:54,870 | WARNING  | SourceEngine | FINNHUB : EMPTY_DATA
2026-07-02 00:25:55,088 | WARNING  | HealthManager | Provider FMP is unhealthy.
2026-07-02 00:25:55,090 | WARNING  | SourceEngine | FMP OFFLINE
2026-07-02 00:25:55,327 | WARNING  | HealthManager | Provider ALPHA_VANTAGE is unhealthy.
2026-07-02 00:25:55,328 | WARNING  | SourceEngine | ALPHA_VANTAGE OFFLINE
2026-07-02 00:25:55,329 | CRITICAL | SourceEngine | ALL PROVIDERS FAILED : ADBE
2026-07-02 00:25:55,330 | INFO     | SourceEngine | REQUEST : ADBE
2026-07-02 00:25:55,527 | WARNING  | HealthManager | Provider MASSIVE is unhealthy.
2026-07-02 00:25:55,529 | WARNING  | SourceEngine | MASSIVE OFFLINE
2026-07-02 00:25:56,885 | ERROR    | StatisticsManager | FINNHUB failed after 0.6715s
2026-07-02 00:25:56,886 | WARNING  | SourceEngine | FINNHUB : EMPTY_DATA
2026-07-02 00:25:57,107 | WARNING  | HealthManager | Provider FMP is unhealthy.
2026-07-02 00:25:57,108 | WARNING  | SourceEngine | FMP OFFLINE
2026-07-02 00:25:57,375 | WARNING  | HealthManager | Provider ALPHA_VANTAGE is unhealthy.
2026-07-02 00:25:57,376 | WARNING  | SourceEngine | ALPHA_VANTAGE OFFLINE
2026-07-02 00:25:57,377 | CRITICAL | SourceEngine | ALL PROVIDERS FAILED : ADBE
2026-07-02 00:25:57,378 | INFO     | SourceEngine | REQUEST : BA
2026-07-02 00:25:57,598 | WARNING  | HealthManager | Provider MASSIVE is unhealthy.
2026-07-02 00:25:57,599 | WARNING  | SourceEngine | MASSIVE OFFLINE
2026-07-02 00:25:58,951 | ERROR    | StatisticsManager | FINNHUB failed after 0.6966s
2026-07-02 00:25:58,952 | WARNING  | SourceEngine | FINNHUB : EMPTY_DATA
2026-07-02 00:25:59,153 | WARNING  | HealthManager | Provider FMP is unhealthy.
2026-07-02 00:25:59,154 | WARNING  | SourceEngine | FMP OFFLINE
2026-07-02 00:25:59,390 | WARNING  | HealthManager | Provider ALPHA_VANTAGE is unhealthy.
2026-07-02 00:25:59,391 | WARNING  | SourceEngine | ALPHA_VANTAGE OFFLINE
2026-07-02 00:25:59,392 | CRITICAL | SourceEngine | ALL PROVIDERS FAILED : BA
2026-07-02 00:25:59,393 | INFO     | SourceEngine | REQUEST : BA
2026-07-02 00:25:59,591 | WARNING  | HealthManager | Provider MASSIVE is unhealthy.
2026-07-02 00:25:59,592 | WARNING  | SourceEngine | MASSIVE OFFLINE
2026-07-02 00:26:00,943 | ERROR    | StatisticsManager | FINNHUB failed after 0.6822s
2026-07-02 00:26:00,944 | WARNING  | SourceEngine | FINNHUB : EMPTY_DATA
2026-07-02 00:26:01,199 | WARNING  | HealthManager | Provider FMP is unhealthy.
2026-07-02 00:26:01,200 | WARNING  | SourceEngine | FMP OFFLINE
2026-07-02 00:26:01,406 | WARNING  | HealthManager | Provider ALPHA_VANTAGE is unhealthy.
2026-07-02 00:26:01,406 | WARNING  | SourceEngine | ALPHA_VANTAGE OFFLINE
2026-07-02 00:26:01,407 | CRITICAL | SourceEngine | ALL PROVIDERS FAILED : BA
2026-07-02 00:26:01,409 | INFO     | SourceEngine | REQUEST : BA
2026-07-02 00:26:01,616 | WARNING  | HealthManager | Provider MASSIVE is unhealthy.
2026-07-02 00:26:01,618 | WARNING  | SourceEngine | MASSIVE OFFLINE
2026-07-02 00:26:02,966 | ERROR    | StatisticsManager | FINNHUB failed after 0.6703s
2026-07-02 00:26:02,967 | WARNING  | SourceEngine | FINNHUB : EMPTY_DATA
2026-07-02 00:26:03,181 | WARNING  | HealthManager | Provider FMP is unhealthy.
2026-07-02 00:26:03,182 | WARNING  | SourceEngine | FMP OFFLINE
2026-07-02 00:26:03,414 | WARNING  | HealthManager | Provider ALPHA_VANTAGE is unhealthy.
2026-07-02 00:26:03,415 | WARNING  | SourceEngine | ALPHA_VANTAGE OFFLINE
2026-07-02 00:26:03,415 | CRITICAL | SourceEngine | ALL PROVIDERS FAILED : BA
2026-07-02 00:26:03,415 | INFO     | SourceEngine | REQUEST : TXN
2026-07-02 00:26:03,631 | WARNING  | HealthManager | Provider MASSIVE is unhealthy.
2026-07-02 00:26:03,632 | WARNING  | SourceEngine | MASSIVE OFFLINE
2026-07-02 00:26:05,113 | ERROR    | StatisticsManager | FINNHUB failed after 0.7945s
2026-07-02 00:26:05,114 | WARNING  | SourceEngine | FINNHUB : EMPTY_DATA
2026-07-02 00:26:05,336 | WARNING  | HealthManager | Provider FMP is unhealthy.
2026-07-02 00:26:05,337 | WARNING  | SourceEngine | FMP OFFLINE
2026-07-02 00:26:05,563 | WARNING  | HealthManager | Provider ALPHA_VANTAGE is unhealthy.
2026-07-02 00:26:05,564 | WARNING  | SourceEngine | ALPHA_VANTAGE OFFLINE
2026-07-02 00:26:05,565 | CRITICAL | SourceEngine | ALL PROVIDERS FAILED : TXN
2026-07-02 00:26:05,567 | INFO     | SourceEngine | REQUEST : TXN
2026-07-02 00:26:05,782 | WARNING  | HealthManager | Provider MASSIVE is unhealthy.
2026-07-02 00:26:05,783 | WARNING  | SourceEngine | MASSIVE OFFLINE
2026-07-02 00:26:07,151 | ERROR    | StatisticsManager | FINNHUB failed after 0.6901s
2026-07-02 00:26:07,152 | WARNING  | SourceEngine | FINNHUB : EMPTY_DATA
2026-07-02 00:26:07,362 | WARNING  | HealthManager | Provider FMP is unhealthy.
2026-07-02 00:26:07,363 | WARNING  | SourceEngine | FMP OFFLINE
2026-07-02 00:26:07,578 | WARNING  | HealthManager | Provider ALPHA_VANTAGE is unhealthy.
2026-07-02 00:26:07,579 | WARNING  | SourceEngine | ALPHA_VANTAGE OFFLINE
2026-07-02 00:26:07,580 | CRITICAL | SourceEngine | ALL PROVIDERS FAILED : TXN
2026-07-02 00:26:07,581 | INFO     | SourceEngine | REQUEST : TXN
2026-07-02 00:26:07,793 | WARNING  | HealthManager | Provider MASSIVE is unhealthy.
2026-07-02 00:26:07,794 | WARNING  | SourceEngine | MASSIVE OFFLINE
2026-07-02 00:26:09,227 | ERROR    | StatisticsManager | FINNHUB failed after 0.7072s
2026-07-02 00:26:09,228 | WARNING  | SourceEngine | FINNHUB : EMPTY_DATA
2026-07-02 00:26:09,440 | WARNING  | HealthManager | Provider FMP is unhealthy.
2026-07-02 00:26:09,441 | WARNING  | SourceEngine | FMP OFFLINE
2026-07-02 00:26:09,655 | WARNING  | HealthManager | Provider ALPHA_VANTAGE is unhealthy.
2026-07-02 00:26:09,656 | WARNING  | SourceEngine | ALPHA_VANTAGE OFFLINE
2026-07-02 00:26:09,657 | CRITICAL | SourceEngine | ALL PROVIDERS FAILED : TXN
2026-07-02 00:26:09,658 | INFO     | SourceEngine | REQUEST : XOM
2026-07-02 00:26:09,867 | WARNING  | HealthManager | Provider MASSIVE is unhealthy.
2026-07-02 00:26:09,869 | WARNING  | SourceEngine | MASSIVE OFFLINE
2026-07-02 00:26:11,353 | ERROR    | StatisticsManager | FINNHUB failed after 0.8069s
2026-07-02 00:26:11,353 | WARNING  | SourceEngine | FINNHUB : EMPTY_DATA
2026-07-02 00:26:11,570 | WARNING  | HealthManager | Provider FMP is unhealthy.
2026-07-02 00:26:11,571 | WARNING  | SourceEngine | FMP OFFLINE
2026-07-02 00:26:11,786 | WARNING  | HealthManager | Provider ALPHA_VANTAGE is unhealthy.
2026-07-02 00:26:11,787 | WARNING  | SourceEngine | ALPHA_VANTAGE OFFLINE
2026-07-02 00:26:11,787 | CRITICAL | SourceEngine | ALL PROVIDERS FAILED : XOM
2026-07-02 00:26:11,789 | INFO     | SourceEngine | REQUEST : XOM
2026-07-02 00:26:11,983 | WARNING  | HealthManager | Provider MASSIVE is unhealthy.
2026-07-02 00:26:11,984 | WARNING  | SourceEngine | MASSIVE OFFLINE
2026-07-02 00:26:13,351 | ERROR    | StatisticsManager | FINNHUB failed after 0.6785s
2026-07-02 00:26:13,352 | WARNING  | SourceEngine | FINNHUB : EMPTY_DATA
2026-07-02 00:26:13,568 | WARNING  | HealthManager | Provider FMP is unhealthy.
2026-07-02 00:26:13,569 | WARNING  | SourceEngine | FMP OFFLINE
2026-07-02 00:26:13,782 | WARNING  | HealthManager | Provider ALPHA_VANTAGE is unhealthy.
2026-07-02 00:26:13,783 | WARNING  | SourceEngine | ALPHA_VANTAGE OFFLINE
2026-07-02 00:26:13,783 | CRITICAL | SourceEngine | ALL PROVIDERS FAILED : XOM
2026-07-02 00:26:13,785 | INFO     | SourceEngine | REQUEST : XOM
2026-07-02 00:26:13,980 | WARNING  | HealthManager | Provider MASSIVE is unhealthy.
2026-07-02 00:26:13,981 | WARNING  | SourceEngine | MASSIVE OFFLINE
2026-07-02 00:26:15,336 | ERROR    | StatisticsManager | FINNHUB failed after 0.6912s
2026-07-02 00:26:15,337 | WARNING  | SourceEngine | FINNHUB : EMPTY_DATA
2026-07-02 00:26:15,583 | WARNING  | HealthManager | Provider FMP is unhealthy.
2026-07-02 00:26:15,584 | WARNING  | SourceEngine | FMP OFFLINE
2026-07-02 00:26:15,809 | WARNING  | HealthManager | Provider ALPHA_VANTAGE is unhealthy.
2026-07-02 00:26:15,810 | WARNING  | SourceEngine | ALPHA_VANTAGE OFFLINE
2026-07-02 00:26:15,811 | CRITICAL | SourceEngine | ALL PROVIDERS FAILED : XOM
2026-07-02 00:26:15,811 | INFO     | SourceEngine | REQUEST : CVX
2026-07-02 00:26:16,022 | WARNING  | HealthManager | Provider MASSIVE is unhealthy.
2026-07-02 00:26:16,023 | WARNING  | SourceEngine | MASSIVE OFFLINE
2026-07-02 00:26:17,905 | ERROR    | StatisticsManager | FINNHUB failed after 0.6325s
2026-07-02 00:26:17,906 | WARNING  | SourceEngine | FINNHUB : EMPTY_DATA
2026-07-02 00:26:18,124 | WARNING  | HealthManager | Provider FMP is unhealthy.
2026-07-02 00:26:18,125 | WARNING  | SourceEngine | FMP OFFLINE
2026-07-02 00:26:18,345 | WARNING  | HealthManager | Provider ALPHA_VANTAGE is unhealthy.
2026-07-02 00:26:18,346 | WARNING  | SourceEngine | ALPHA_VANTAGE OFFLINE
2026-07-02 00:26:18,347 | CRITICAL | SourceEngine | ALL PROVIDERS FAILED : CVX
2026-07-02 00:26:18,349 | INFO     | SourceEngine | REQUEST : CVX
2026-07-02 00:26:18,587 | WARNING  | HealthManager | Provider MASSIVE is unhealthy.
2026-07-02 00:26:18,588 | WARNING  | SourceEngine | MASSIVE OFFLINE
2026-07-02 00:26:19,971 | ERROR    | StatisticsManager | FINNHUB failed after 0.6857s
2026-07-02 00:26:19,972 | WARNING  | SourceEngine | FINNHUB : EMPTY_DATA
2026-07-02 00:26:20,195 | WARNING  | HealthManager | Provider FMP is unhealthy.
2026-07-02 00:26:20,196 | WARNING  | SourceEngine | FMP OFFLINE
2026-07-02 00:26:20,432 | WARNING  | HealthManager | Provider ALPHA_VANTAGE is unhealthy.
2026-07-02 00:26:20,433 | WARNING  | SourceEngine | ALPHA_VANTAGE OFFLINE
2026-07-02 00:26:20,434 | CRITICAL | SourceEngine | ALL PROVIDERS FAILED : CVX
2026-07-02 00:26:20,436 | INFO     | SourceEngine | REQUEST : CVX
2026-07-02 00:26:20,657 | WARNING  | HealthManager | Provider MASSIVE is unhealthy.
2026-07-02 00:26:20,658 | WARNING  | SourceEngine | MASSIVE OFFLINE
2026-07-02 00:26:22,094 | ERROR    | StatisticsManager | FINNHUB failed after 0.7642s
2026-07-02 00:26:22,095 | WARNING  | SourceEngine | FINNHUB : EMPTY_DATA
2026-07-02 00:26:22,308 | WARNING  | HealthManager | Provider FMP is unhealthy.
2026-07-02 00:26:22,309 | WARNING  | SourceEngine | FMP OFFLINE
2026-07-02 00:26:22,538 | WARNING  | HealthManager | Provider ALPHA_VANTAGE is unhealthy.
2026-07-02 00:26:22,539 | WARNING  | SourceEngine | ALPHA_VANTAGE OFFLINE
2026-07-02 00:26:22,540 | CRITICAL | SourceEngine | ALL PROVIDERS FAILED : CVX
2026-07-02 00:26:22,541 | INFO     | SourceEngine | REQUEST : GLD
2026-07-02 00:26:22,765 | WARNING  | HealthManager | Provider MASSIVE is unhealthy.
2026-07-02 00:26:22,766 | WARNING  | SourceEngine | MASSIVE OFFLINE
2026-07-02 00:26:26,674 | ERROR    | StatisticsManager | FINNHUB failed after 1.5796s
2026-07-02 00:26:26,676 | WARNING  | SourceEngine | FINNHUB : EMPTY_DATA
2026-07-02 00:26:26,888 | WARNING  | HealthManager | Provider FMP is unhealthy.
2026-07-02 00:26:26,889 | WARNING  | SourceEngine | FMP OFFLINE
2026-07-02 00:26:27,124 | WARNING  | HealthManager | Provider ALPHA_VANTAGE is unhealthy.
2026-07-02 00:26:27,125 | WARNING  | SourceEngine | ALPHA_VANTAGE OFFLINE
2026-07-02 00:26:27,126 | CRITICAL | SourceEngine | ALL PROVIDERS FAILED : GLD
2026-07-02 00:26:27,128 | INFO     | SourceEngine | REQUEST : GLD
2026-07-02 00:26:27,370 | WARNING  | HealthManager | Provider MASSIVE is unhealthy.
2026-07-02 00:26:27,371 | WARNING  | SourceEngine | MASSIVE OFFLINE
2026-07-02 00:26:29,135 | ERROR    | StatisticsManager | FINNHUB failed after 1.0660s
2026-07-02 00:26:29,136 | WARNING  | SourceEngine | FINNHUB : EMPTY_DATA
2026-07-02 00:26:29,340 | WARNING  | HealthManager | Provider FMP is unhealthy.
2026-07-02 00:26:29,341 | WARNING  | SourceEngine | FMP OFFLINE
2026-07-02 00:26:29,558 | WARNING  | HealthManager | Provider ALPHA_VANTAGE is unhealthy.
2026-07-02 00:26:29,559 | WARNING  | SourceEngine | ALPHA_VANTAGE OFFLINE
2026-07-02 00:26:29,560 | CRITICAL | SourceEngine | ALL PROVIDERS FAILED : GLD
2026-07-02 00:26:29,561 | INFO     | SourceEngine | REQUEST : GLD
2026-07-02 00:26:29,761 | WARNING  | HealthManager | Provider MASSIVE is unhealthy.
2026-07-02 00:26:29,762 | WARNING  | SourceEngine | MASSIVE OFFLINE
2026-07-02 00:26:31,121 | ERROR    | StatisticsManager | FINNHUB failed after 0.6751s
2026-07-02 00:26:31,122 | WARNING  | SourceEngine | FINNHUB : EMPTY_DATA
2026-07-02 00:26:31,357 | WARNING  | HealthManager | Provider FMP is unhealthy.
2026-07-02 00:26:31,358 | WARNING  | SourceEngine | FMP OFFLINE
2026-07-02 00:26:31,593 | WARNING  | HealthManager | Provider ALPHA_VANTAGE is unhealthy.
2026-07-02 00:26:31,594 | WARNING  | SourceEngine | ALPHA_VANTAGE OFFLINE
2026-07-02 00:26:31,595 | CRITICAL | SourceEngine | ALL PROVIDERS FAILED : GLD
2026-07-02 00:26:31,596 | INFO     | SourceEngine | REQUEST : BTC-USD
2026-07-02 00:26:31,859 | WARNING  | HealthManager | Provider MASSIVE is unhealthy.
2026-07-02 00:26:31,861 | WARNING  | SourceEngine | MASSIVE OFFLINE
2026-07-02 00:26:33,209 | ERROR    | StatisticsManager | FINNHUB failed after 0.6655s
2026-07-02 00:26:33,210 | WARNING  | SourceEngine | FINNHUB : EMPTY_DATA
2026-07-02 00:26:33,429 | WARNING  | HealthManager | Provider FMP is unhealthy.
2026-07-02 00:26:33,430 | WARNING  | SourceEngine | FMP OFFLINE
2026-07-02 00:26:33,653 | WARNING  | HealthManager | Provider ALPHA_VANTAGE is unhealthy.
2026-07-02 00:26:33,654 | WARNING  | SourceEngine | ALPHA_VANTAGE OFFLINE
2026-07-02 00:26:33,654 | CRITICAL | SourceEngine | ALL PROVIDERS FAILED : BTC-USD
2026-07-02 00:26:33,656 | INFO     | SourceEngine | REQUEST : BTC-USD
2026-07-02 00:26:33,877 | WARNING  | HealthManager | Provider MASSIVE is unhealthy.
2026-07-02 00:26:33,878 | WARNING  | SourceEngine | MASSIVE OFFLINE
2026-07-02 00:26:35,342 | ERROR    | StatisticsManager | FINNHUB failed after 0.6746s
2026-07-02 00:26:35,343 | WARNING  | SourceEngine | FINNHUB : EMPTY_DATA
2026-07-02 00:26:35,562 | WARNING  | HealthManager | Provider FMP is unhealthy.
2026-07-02 00:26:35,563 | WARNING  | SourceEngine | FMP OFFLINE
2026-07-02 00:26:35,794 | WARNING  | HealthManager | Provider ALPHA_VANTAGE is unhealthy.
2026-07-02 00:26:35,795 | WARNING  | SourceEngine | ALPHA_VANTAGE OFFLINE
2026-07-02 00:26:35,796 | CRITICAL | SourceEngine | ALL PROVIDERS FAILED : BTC-USD
2026-07-02 00:26:35,798 | INFO     | SourceEngine | REQUEST : BTC-USD
2026-07-02 00:26:36,082 | WARNING  | HealthManager | Provider MASSIVE is unhealthy.
2026-07-02 00:26:36,083 | WARNING  | SourceEngine | MASSIVE OFFLINE
2026-07-02 00:26:38,354 | ERROR    | StatisticsManager | FINNHUB failed after 1.2304s
2026-07-02 00:26:38,355 | WARNING  | SourceEngine | FINNHUB : EMPTY_DATA
2026-07-02 00:26:38,578 | WARNING  | HealthManager | Provider FMP is unhealthy.
2026-07-02 00:26:38,579 | WARNING  | SourceEngine | FMP OFFLINE
2026-07-02 00:26:38,808 | WARNING  | HealthManager | Provider ALPHA_VANTAGE is unhealthy.
2026-07-02 00:26:38,809 | WARNING  | SourceEngine | ALPHA_VANTAGE OFFLINE
2026-07-02 00:26:38,810 | CRITICAL | SourceEngine | ALL PROVIDERS FAILED : BTC-USD
2026-07-02 00:27:38,813 | INFO     | SourceEngine | REQUEST : SPX
2026-07-02 00:27:39,056 | WARNING  | HealthManager | Provider MASSIVE is unhealthy.
2026-07-02 00:27:39,056 | WARNING  | SourceEngine | MASSIVE OFFLINE
2026-07-02 00:27:40,817 | ERROR    | StatisticsManager | FINNHUB failed after 1.0561s
2026-07-02 00:27:40,818 | WARNING  | SourceEngine | FINNHUB : EMPTY_DATA
2026-07-02 00:27:42,603 | WARNING  | HealthManager | Provider FMP is unhealthy.
2026-07-02 00:27:42,604 | WARNING  | SourceEngine | FMP OFFLINE
2026-07-02 00:27:42,814 | WARNING  | HealthManager | Provider ALPHA_VANTAGE is unhealthy.
2026-07-02 00:27:42,815 | WARNING  | SourceEngine | ALPHA_VANTAGE OFFLINE
2026-07-02 00:27:42,816 | CRITICAL | SourceEngine | ALL PROVIDERS FAILED : SPX
2026-07-02 00:27:42,818 | INFO     | SourceEngine | REQUEST : SPX
2026-07-02 00:27:43,043 | WARNING  | HealthManager | Provider MASSIVE is unhealthy.
2026-07-02 00:27:43,044 | WARNING  | SourceEngine | MASSIVE OFFLINE
2026-07-02 00:27:45,247 | ERROR    | StatisticsManager | FINNHUB failed after 1.3594s
2026-07-02 00:27:45,248 | WARNING  | SourceEngine | FINNHUB : EMPTY_DATA
2026-07-02 00:27:45,779 | WARNING  | HealthManager | Provider FMP is unhealthy.
2026-07-02 00:27:45,780 | WARNING  | SourceEngine | FMP OFFLINE
2026-07-02 00:27:46,019 | WARNING  | HealthManager | Provider ALPHA_VANTAGE is unhealthy.
2026-07-02 00:27:46,020 | WARNING  | SourceEngine | ALPHA_VANTAGE OFFLINE
2026-07-02 00:27:46,021 | CRITICAL | SourceEngine | ALL PROVIDERS FAILED : SPX
2026-07-02 00:27:46,022 | INFO     | SourceEngine | REQUEST : SPX
2026-07-02 00:27:46,234 | WARNING  | HealthManager | Provider MASSIVE is unhealthy.
2026-07-02 00:27:46,235 | WARNING  | SourceEngine | MASSIVE OFFLINE
2026-07-02 00:27:47,642 | ERROR    | StatisticsManager | FINNHUB failed after 0.6825s
2026-07-02 00:27:47,643 | WARNING  | SourceEngine | FINNHUB : EMPTY_DATA
2026-07-02 00:27:48,344 | WARNING  | HealthManager | Provider FMP is unhealthy.
2026-07-02 00:27:48,345 | WARNING  | SourceEngine | FMP OFFLINE
2026-07-02 00:27:48,631 | WARNING  | HealthManager | Provider ALPHA_VANTAGE is unhealthy.
2026-07-02 00:27:48,632 | WARNING  | SourceEngine | ALPHA_VANTAGE OFFLINE
2026-07-02 00:27:48,633 | CRITICAL | SourceEngine | ALL PROVIDERS FAILED : SPX
2026-07-02 00:27:48,634 | INFO     | SourceEngine | REQUEST : NASDAQ
2026-07-02 00:27:48,845 | WARNING  | HealthManager | Provider MASSIVE is unhealthy.
2026-07-02 00:27:48,846 | WARNING  | SourceEngine | MASSIVE OFFLINE
2026-07-02 00:27:50,843 | ERROR    | StatisticsManager | FINNHUB failed after 1.2937s
2026-07-02 00:27:50,844 | WARNING  | SourceEngine | FINNHUB : EMPTY_DATA
2026-07-02 00:27:51,160 | WARNING  | HealthManager | Provider FMP is unhealthy.
2026-07-02 00:27:51,161 | WARNING  | SourceEngine | FMP OFFLINE
2026-07-02 00:27:51,392 | WARNING  | HealthManager | Provider ALPHA_VANTAGE is unhealthy.
2026-07-02 00:27:51,393 | WARNING  | SourceEngine | ALPHA_VANTAGE OFFLINE
2026-07-02 00:27:51,394 | CRITICAL | SourceEngine | ALL PROVIDERS FAILED : NASDAQ
2026-07-02 00:27:51,396 | INFO     | SourceEngine | REQUEST : NASDAQ
2026-07-02 00:27:51,619 | WARNING  | HealthManager | Provider MASSIVE is unhealthy.
2026-07-02 00:27:51,621 | WARNING  | SourceEngine | MASSIVE OFFLINE
2026-07-02 00:27:53,055 | ERROR    | StatisticsManager | FINNHUB failed after 0.7552s
2026-07-02 00:27:53,055 | WARNING  | SourceEngine | FINNHUB : EMPTY_DATA
2026-07-02 00:27:53,313 | WARNING  | HealthManager | Provider FMP is unhealthy.
2026-07-02 00:27:53,314 | WARNING  | SourceEngine | FMP OFFLINE
2026-07-02 00:27:53,578 | WARNING  | HealthManager | Provider ALPHA_VANTAGE is unhealthy.
2026-07-02 00:27:53,579 | WARNING  | SourceEngine | ALPHA_VANTAGE OFFLINE
2026-07-02 00:27:53,579 | CRITICAL | SourceEngine | ALL PROVIDERS FAILED : NASDAQ
2026-07-02 00:27:53,581 | INFO     | SourceEngine | REQUEST : NASDAQ
2026-07-02 00:27:53,935 | WARNING  | HealthManager | Provider MASSIVE is unhealthy.
2026-07-02 00:27:53,936 | WARNING  | SourceEngine | MASSIVE OFFLINE
2026-07-02 00:27:57,348 | ERROR    | StatisticsManager | FINNHUB failed after 0.9152s
2026-07-02 00:27:57,349 | WARNING  | SourceEngine | FINNHUB : EMPTY_DATA
2026-07-02 00:27:57,601 | WARNING  | HealthManager | Provider FMP is unhealthy.
2026-07-02 00:27:57,602 | WARNING  | SourceEngine | FMP OFFLINE
2026-07-02 00:27:57,809 | WARNING  | HealthManager | Provider ALPHA_VANTAGE is unhealthy.
2026-07-02 00:27:57,810 | WARNING  | SourceEngine | ALPHA_VANTAGE OFFLINE
2026-07-02 00:27:57,811 | CRITICAL | SourceEngine | ALL PROVIDERS FAILED : NASDAQ
2026-07-02 00:27:57,812 | INFO     | SourceEngine | REQUEST : SPY
2026-07-02 00:27:58,024 | WARNING  | HealthManager | Provider MASSIVE is unhealthy.
2026-07-02 00:27:58,025 | WARNING  | SourceEngine | MASSIVE OFFLINE
2026-07-02 00:27:59,498 | ERROR    | StatisticsManager | FINNHUB failed after 0.7847s
2026-07-02 00:27:59,499 | WARNING  | SourceEngine | FINNHUB : EMPTY_DATA
2026-07-02 00:27:59,829 | WARNING  | HealthManager | Provider FMP is unhealthy.
2026-07-02 00:27:59,830 | WARNING  | SourceEngine | FMP OFFLINE
2026-07-02 00:28:00,175 | WARNING  | HealthManager | Provider ALPHA_VANTAGE is unhealthy.
2026-07-02 00:28:00,176 | WARNING  | SourceEngine | ALPHA_VANTAGE OFFLINE
2026-07-02 00:28:00,177 | CRITICAL | SourceEngine | ALL PROVIDERS FAILED : SPY
2026-07-02 00:28:00,179 | INFO     | SourceEngine | REQUEST : SPY
2026-07-02 00:28:00,448 | WARNING  | HealthManager | Provider MASSIVE is unhealthy.
2026-07-02 00:28:00,449 | WARNING  | SourceEngine | MASSIVE OFFLINE
2026-07-02 00:28:03,100 | ERROR    | StatisticsManager | FINNHUB failed after 0.6909s
2026-07-02 00:28:03,101 | WARNING  | SourceEngine | FINNHUB : EMPTY_DATA
2026-07-02 00:28:03,337 | WARNING  | HealthManager | Provider FMP is unhealthy.
2026-07-02 00:28:03,338 | WARNING  | SourceEngine | FMP OFFLINE
2026-07-02 00:28:03,574 | WARNING  | HealthManager | Provider ALPHA_VANTAGE is unhealthy.
2026-07-02 00:28:03,575 | WARNING  | SourceEngine | ALPHA_VANTAGE OFFLINE
2026-07-02 00:28:03,575 | CRITICAL | SourceEngine | ALL PROVIDERS FAILED : SPY
2026-07-02 00:28:03,577 | INFO     | SourceEngine | REQUEST : SPY
2026-07-02 00:28:03,790 | WARNING  | HealthManager | Provider MASSIVE is unhealthy.
2026-07-02 00:28:03,791 | WARNING  | SourceEngine | MASSIVE OFFLINE
2026-07-02 00:28:05,187 | ERROR    | StatisticsManager | FINNHUB failed after 0.6877s
2026-07-02 00:28:05,188 | WARNING  | SourceEngine | FINNHUB : EMPTY_DATA
2026-07-02 00:28:05,457 | WARNING  | HealthManager | Provider FMP is unhealthy.
2026-07-02 00:28:05,458 | WARNING  | SourceEngine | FMP OFFLINE
2026-07-02 00:28:05,681 | WARNING  | HealthManager | Provider ALPHA_VANTAGE is unhealthy.
2026-07-02 00:28:05,682 | WARNING  | SourceEngine | ALPHA_VANTAGE OFFLINE
2026-07-02 00:28:05,683 | CRITICAL | SourceEngine | ALL PROVIDERS FAILED : SPY
2026-07-02 00:28:05,684 | INFO     | SourceEngine | REQUEST : QQQ
2026-07-02 00:28:05,875 | WARNING  | HealthManager | Provider MASSIVE is unhealthy.
2026-07-02 00:28:05,876 | WARNING  | SourceEngine | MASSIVE OFFLINE
2026-07-02 00:28:07,439 | ERROR    | StatisticsManager | FINNHUB failed after 0.8614s
2026-07-02 00:28:07,440 | WARNING  | SourceEngine | FINNHUB : EMPTY_DATA
2026-07-02 00:28:07,705 | WARNING  | HealthManager | Provider FMP is unhealthy.
2026-07-02 00:28:07,706 | WARNING  | SourceEngine | FMP OFFLINE
2026-07-02 00:28:07,951 | WARNING  | HealthManager | Provider ALPHA_VANTAGE is unhealthy.
2026-07-02 00:28:07,951 | WARNING  | SourceEngine | ALPHA_VANTAGE OFFLINE
2026-07-02 00:28:07,952 | CRITICAL | SourceEngine | ALL PROVIDERS FAILED : QQQ
2026-07-02 00:28:07,954 | INFO     | SourceEngine | REQUEST : QQQ
2026-07-02 00:28:08,228 | WARNING  | HealthManager | Provider MASSIVE is unhealthy.
2026-07-02 00:28:08,229 | WARNING  | SourceEngine | MASSIVE OFFLINE
2026-07-02 00:28:09,897 | ERROR    | StatisticsManager | FINNHUB failed after 0.9668s
2026-07-02 00:28:09,898 | WARNING  | SourceEngine | FINNHUB : EMPTY_DATA
2026-07-02 00:28:10,110 | WARNING  | HealthManager | Provider FMP is unhealthy.
2026-07-02 00:28:10,111 | WARNING  | SourceEngine | FMP OFFLINE
2026-07-02 00:28:10,446 | WARNING  | HealthManager | Provider ALPHA_VANTAGE is unhealthy.
2026-07-02 00:28:10,447 | WARNING  | SourceEngine | ALPHA_VANTAGE OFFLINE
2026-07-02 00:28:10,447 | CRITICAL | SourceEngine | ALL PROVIDERS FAILED : QQQ
2026-07-02 00:28:10,449 | INFO     | SourceEngine | REQUEST : QQQ
2026-07-02 00:28:10,673 | WARNING  | HealthManager | Provider MASSIVE is unhealthy.
2026-07-02 00:28:10,674 | WARNING  | SourceEngine | MASSIVE OFFLINE
2026-07-02 00:28:12,501 | ERROR    | StatisticsManager | FINNHUB failed after 0.7035s
2026-07-02 00:28:12,502 | WARNING  | SourceEngine | FINNHUB : EMPTY_DATA
2026-07-02 00:28:12,704 | WARNING  | HealthManager | Provider FMP is unhealthy.
2026-07-02 00:28:12,705 | WARNING  | SourceEngine | FMP OFFLINE
2026-07-02 00:28:12,928 | WARNING  | HealthManager | Provider ALPHA_VANTAGE is unhealthy.
2026-07-02 00:28:12,929 | WARNING  | SourceEngine | ALPHA_VANTAGE OFFLINE
2026-07-02 00:28:12,930 | CRITICAL | SourceEngine | ALL PROVIDERS FAILED : QQQ
2026-07-02 00:28:12,931 | INFO     | SourceEngine | REQUEST : NVDA
2026-07-02 00:28:13,181 | WARNING  | HealthManager | Provider MASSIVE is unhealthy.
2026-07-02 00:28:13,182 | WARNING  | SourceEngine | MASSIVE OFFLINE
2026-07-02 00:28:14,913 | ERROR    | StatisticsManager | FINNHUB failed after 0.7157s
2026-07-02 00:28:14,914 | WARNING  | SourceEngine | FINNHUB : EMPTY_DATA
2026-07-02 00:28:15,146 | WARNING  | HealthManager | Provider FMP is unhealthy.
2026-07-02 00:28:15,147 | WARNING  | SourceEngine | FMP OFFLINE
2026-07-02 00:28:15,358 | WARNING  | HealthManager | Provider ALPHA_VANTAGE is unhealthy.
2026-07-02 00:28:15,359 | WARNING  | SourceEngine | ALPHA_VANTAGE OFFLINE
2026-07-02 00:28:15,360 | CRITICAL | SourceEngine | ALL PROVIDERS FAILED : NVDA
2026-07-02 00:28:15,362 | INFO     | SourceEngine | REQUEST : NVDA
2026-07-02 00:28:15,576 | WARNING  | HealthManager | Provider MASSIVE is unhealthy.
2026-07-02 00:28:15,577 | WARNING  | SourceEngine | MASSIVE OFFLINE
2026-07-02 00:28:17,332 | ERROR    | StatisticsManager | FINNHUB failed after 0.6770s
2026-07-02 00:28:17,333 | WARNING  | SourceEngine | FINNHUB : EMPTY_DATA
2026-07-02 00:28:17,550 | WARNING  | HealthManager | Provider FMP is unhealthy.
2026-07-02 00:28:17,551 | WARNING  | SourceEngine | FMP OFFLINE
2026-07-02 00:28:17,764 | WARNING  | HealthManager | Provider ALPHA_VANTAGE is unhealthy.
2026-07-02 00:28:17,764 | WARNING  | SourceEngine | ALPHA_VANTAGE OFFLINE
2026-07-02 00:28:17,765 | CRITICAL | SourceEngine | ALL PROVIDERS FAILED : NVDA
2026-07-02 00:28:17,767 | INFO     | SourceEngine | REQUEST : NVDA
2026-07-02 00:28:17,990 | WARNING  | HealthManager | Provider MASSIVE is unhealthy.
2026-07-02 00:28:17,991 | WARNING  | SourceEngine | MASSIVE OFFLINE
2026-07-02 00:28:20,340 | ERROR    | StatisticsManager | FINNHUB failed after 1.2160s
2026-07-02 00:28:20,340 | WARNING  | SourceEngine | FINNHUB : EMPTY_DATA
2026-07-02 00:28:20,682 | WARNING  | HealthManager | Provider FMP is unhealthy.
2026-07-02 00:28:20,682 | WARNING  | SourceEngine | FMP OFFLINE
2026-07-02 00:28:20,880 | WARNING  | HealthManager | Provider ALPHA_VANTAGE is unhealthy.
2026-07-02 00:28:20,881 | WARNING  | SourceEngine | ALPHA_VANTAGE OFFLINE
2026-07-02 00:28:20,882 | CRITICAL | SourceEngine | ALL PROVIDERS FAILED : NVDA
2026-07-02 00:28:20,883 | INFO     | SourceEngine | REQUEST : AAPL
2026-07-02 00:28:21,096 | WARNING  | HealthManager | Provider MASSIVE is unhealthy.
2026-07-02 00:28:21,097 | WARNING  | SourceEngine | MASSIVE OFFLINE
2026-07-02 00:28:22,598 | ERROR    | StatisticsManager | FINNHUB failed after 0.8186s
2026-07-02 00:28:22,599 | WARNING  | SourceEngine | FINNHUB : EMPTY_DATA
2026-07-02 00:28:22,864 | WARNING  | HealthManager | Provider FMP is unhealthy.
2026-07-02 00:28:22,865 | WARNING  | SourceEngine | FMP OFFLINE
2026-07-02 00:28:23,077 | WARNING  | HealthManager | Provider ALPHA_VANTAGE is unhealthy.
2026-07-02 00:28:23,077 | WARNING  | SourceEngine | ALPHA_VANTAGE OFFLINE
2026-07-02 00:28:23,078 | CRITICAL | SourceEngine | ALL PROVIDERS FAILED : AAPL
2026-07-02 00:28:23,080 | INFO     | SourceEngine | REQUEST : AAPL
2026-07-02 00:28:23,305 | WARNING  | HealthManager | Provider MASSIVE is unhealthy.
2026-07-02 00:28:23,305 | WARNING  | SourceEngine | MASSIVE OFFLINE
2026-07-02 00:28:24,699 | ERROR    | StatisticsManager | FINNHUB failed after 0.6896s
2026-07-02 00:28:24,699 | WARNING  | SourceEngine | FINNHUB : EMPTY_DATA
2026-07-02 00:28:24,929 | WARNING  | HealthManager | Provider FMP is unhealthy.
2026-07-02 00:28:24,929 | WARNING  | SourceEngine | FMP OFFLINE
2026-07-02 00:28:25,177 | WARNING  | HealthManager | Provider ALPHA_VANTAGE is unhealthy.
2026-07-02 00:28:25,177 | WARNING  | SourceEngine | ALPHA_VANTAGE OFFLINE
2026-07-02 00:28:25,177 | CRITICAL | SourceEngine | ALL PROVIDERS FAILED : AAPL
2026-07-02 00:28:25,178 | INFO     | SourceEngine | REQUEST : AAPL
2026-07-02 00:28:25,405 | WARNING  | HealthManager | Provider MASSIVE is unhealthy.
2026-07-02 00:28:25,406 | WARNING  | SourceEngine | MASSIVE OFFLINE
2026-07-02 00:28:26,793 | ERROR    | StatisticsManager | FINNHUB failed after 0.6959s
2026-07-02 00:28:26,794 | WARNING  | SourceEngine | FINNHUB : EMPTY_DATA
2026-07-02 00:28:27,016 | WARNING  | HealthManager | Provider FMP is unhealthy.
2026-07-02 00:28:27,016 | WARNING  | SourceEngine | FMP OFFLINE
2026-07-02 00:28:27,243 | WARNING  | HealthManager | Provider ALPHA_VANTAGE is unhealthy.
2026-07-02 00:28:27,244 | WARNING  | SourceEngine | ALPHA_VANTAGE OFFLINE
2026-07-02 00:28:27,245 | CRITICAL | SourceEngine | ALL PROVIDERS FAILED : AAPL
2026-07-02 00:28:27,246 | INFO     | SourceEngine | REQUEST : MSFT
2026-07-02 00:28:27,487 | WARNING  | HealthManager | Provider MASSIVE is unhealthy.
2026-07-02 00:28:27,488 | WARNING  | SourceEngine | MASSIVE OFFLINE
2026-07-02 00:28:28,943 | ERROR    | StatisticsManager | FINNHUB failed after 0.7436s
2026-07-02 00:28:28,944 | WARNING  | SourceEngine | FINNHUB : EMPTY_DATA
2026-07-02 00:28:29,171 | WARNING  | HealthManager | Provider FMP is unhealthy.
2026-07-02 00:28:29,172 | WARNING  | SourceEngine | FMP OFFLINE
2026-07-02 00:28:29,391 | WARNING  | HealthManager | Provider ALPHA_VANTAGE is unhealthy.
2026-07-02 00:28:29,392 | WARNING  | SourceEngine | ALPHA_VANTAGE OFFLINE
2026-07-02 00:28:29,393 | CRITICAL | SourceEngine | ALL PROVIDERS FAILED : MSFT
2026-07-02 00:28:29,394 | INFO     | SourceEngine | REQUEST : MSFT
2026-07-02 00:28:29,645 | WARNING  | HealthManager | Provider MASSIVE is unhealthy.
2026-07-02 00:28:29,646 | WARNING  | SourceEngine | MASSIVE OFFLINE
2026-07-02 00:28:31,479 | ERROR    | StatisticsManager | FINNHUB failed after 0.6948s
2026-07-02 00:28:31,480 | WARNING  | SourceEngine | FINNHUB : EMPTY_DATA
2026-07-02 00:28:31,688 | WARNING  | HealthManager | Provider FMP is unhealthy.
2026-07-02 00:28:31,689 | WARNING  | SourceEngine | FMP OFFLINE
2026-07-02 00:28:31,912 | WARNING  | HealthManager | Provider ALPHA_VANTAGE is unhealthy.
2026-07-02 00:28:31,913 | WARNING  | SourceEngine | ALPHA_VANTAGE OFFLINE
2026-07-02 00:28:31,913 | CRITICAL | SourceEngine | ALL PROVIDERS FAILED : MSFT
2026-07-02 00:28:31,915 | INFO     | SourceEngine | REQUEST : MSFT
2026-07-02 00:28:32,129 | WARNING  | HealthManager | Provider MASSIVE is unhealthy.
2026-07-02 00:28:32,130 | WARNING  | SourceEngine | MASSIVE OFFLINE
2026-07-02 00:28:33,909 | ERROR    | StatisticsManager | FINNHUB failed after 0.6882s
2026-07-02 00:28:33,910 | WARNING  | SourceEngine | FINNHUB : EMPTY_DATA
2026-07-02 00:28:34,136 | WARNING  | HealthManager | Provider FMP is unhealthy.
2026-07-02 00:28:34,137 | WARNING  | SourceEngine | FMP OFFLINE
2026-07-02 00:28:34,355 | WARNING  | HealthManager | Provider ALPHA_VANTAGE is unhealthy.
2026-07-02 00:28:34,356 | WARNING  | SourceEngine | ALPHA_VANTAGE OFFLINE
2026-07-02 00:28:34,357 | CRITICAL | SourceEngine | ALL PROVIDERS FAILED : MSFT
2026-07-02 00:28:34,358 | INFO     | SourceEngine | REQUEST : META
2026-07-02 00:28:34,579 | WARNING  | HealthManager | Provider MASSIVE is unhealthy.
2026-07-02 00:28:34,580 | WARNING  | SourceEngine | MASSIVE OFFLINE
2026-07-02 00:28:36,925 | ERROR    | StatisticsManager | FINNHUB failed after 1.2244s
2026-07-02 00:28:36,926 | WARNING  | SourceEngine | FINNHUB : EMPTY_DATA
2026-07-02 00:28:37,165 | WARNING  | HealthManager | Provider FMP is unhealthy.
2026-07-02 00:28:37,166 | WARNING  | SourceEngine | FMP OFFLINE
2026-07-02 00:28:37,374 | WARNING  | HealthManager | Provider ALPHA_VANTAGE is unhealthy.
2026-07-02 00:28:37,375 | WARNING  | SourceEngine | ALPHA_VANTAGE OFFLINE
2026-07-02 00:28:37,376 | CRITICAL | SourceEngine | ALL PROVIDERS FAILED : META
2026-07-02 00:28:37,377 | INFO     | SourceEngine | REQUEST : META
2026-07-02 00:28:37,585 | WARNING  | HealthManager | Provider MASSIVE is unhealthy.
2026-07-02 00:28:37,586 | WARNING  | SourceEngine | MASSIVE OFFLINE
2026-07-02 00:28:39,432 | ERROR    | StatisticsManager | FINNHUB failed after 1.0450s
2026-07-02 00:28:39,433 | WARNING  | SourceEngine | FINNHUB : EMPTY_DATA
2026-07-02 00:28:39,685 | WARNING  | HealthManager | Provider FMP is unhealthy.
2026-07-02 00:28:39,686 | WARNING  | SourceEngine | FMP OFFLINE
2026-07-02 00:28:39,902 | WARNING  | HealthManager | Provider ALPHA_VANTAGE is unhealthy.
2026-07-02 00:28:39,903 | WARNING  | SourceEngine | ALPHA_VANTAGE OFFLINE
2026-07-02 00:28:39,904 | CRITICAL | SourceEngine | ALL PROVIDERS FAILED : META
2026-07-02 00:28:39,906 | INFO     | SourceEngine | REQUEST : META
2026-07-02 00:28:40,140 | WARNING  | HealthManager | Provider MASSIVE is unhealthy.
2026-07-02 00:28:40,141 | WARNING  | SourceEngine | MASSIVE OFFLINE
2026-07-02 00:28:42,234 | ERROR    | StatisticsManager | FINNHUB failed after 0.7309s
2026-07-02 00:28:42,235 | WARNING  | SourceEngine | FINNHUB : EMPTY_DATA
2026-07-02 00:28:42,459 | WARNING  | HealthManager | Provider FMP is unhealthy.
2026-07-02 00:28:42,460 | WARNING  | SourceEngine | FMP OFFLINE
2026-07-02 00:28:42,699 | WARNING  | HealthManager | Provider ALPHA_VANTAGE is unhealthy.
2026-07-02 00:28:42,700 | WARNING  | SourceEngine | ALPHA_VANTAGE OFFLINE
2026-07-02 00:28:42,701 | CRITICAL | SourceEngine | ALL PROVIDERS FAILED : META
2026-07-02 00:28:42,702 | INFO     | SourceEngine | REQUEST : AMZN
2026-07-02 00:28:42,951 | WARNING  | HealthManager | Provider MASSIVE is unhealthy.
2026-07-02 00:28:42,952 | WARNING  | SourceEngine | MASSIVE OFFLINE
2026-07-02 00:28:44,390 | ERROR    | StatisticsManager | FINNHUB failed after 0.7021s
2026-07-02 00:28:44,391 | WARNING  | SourceEngine | FINNHUB : EMPTY_DATA
2026-07-02 00:28:44,600 | WARNING  | HealthManager | Provider FMP is unhealthy.
2026-07-02 00:28:44,601 | WARNING  | SourceEngine | FMP OFFLINE
2026-07-02 00:28:44,814 | WARNING  | HealthManager | Provider ALPHA_VANTAGE is unhealthy.
2026-07-02 00:28:44,815 | WARNING  | SourceEngine | ALPHA_VANTAGE OFFLINE
2026-07-02 00:28:44,816 | CRITICAL | SourceEngine | ALL PROVIDERS FAILED : AMZN
2026-07-02 00:28:44,817 | INFO     | SourceEngine | REQUEST : AMZN
2026-07-02 00:28:45,044 | WARNING  | HealthManager | Provider MASSIVE is unhealthy.
2026-07-02 00:28:45,045 | WARNING  | SourceEngine | MASSIVE OFFLINE
2026-07-02 00:28:48,604 | ERROR    | StatisticsManager | FINNHUB failed after 2.4582s
2026-07-02 00:28:48,605 | WARNING  | SourceEngine | FINNHUB : EMPTY_DATA
2026-07-02 00:28:48,853 | WARNING  | HealthManager | Provider FMP is unhealthy.
2026-07-02 00:28:48,854 | WARNING  | SourceEngine | FMP OFFLINE
2026-07-02 00:28:49,072 | WARNING  | HealthManager | Provider ALPHA_VANTAGE is unhealthy.
2026-07-02 00:28:49,073 | WARNING  | SourceEngine | ALPHA_VANTAGE OFFLINE
2026-07-02 00:28:49,074 | CRITICAL | SourceEngine | ALL PROVIDERS FAILED : AMZN
2026-07-02 00:28:49,075 | INFO     | SourceEngine | REQUEST : AMZN
2026-07-02 00:28:49,279 | WARNING  | HealthManager | Provider MASSIVE is unhealthy.
2026-07-02 00:28:49,280 | WARNING  | SourceEngine | MASSIVE OFFLINE
2026-07-02 00:28:50,890 | ERROR    | StatisticsManager | FINNHUB failed after 0.9228s
2026-07-02 00:28:50,891 | WARNING  | SourceEngine | FINNHUB : EMPTY_DATA
2026-07-02 00:28:51,104 | WARNING  | HealthManager | Provider FMP is unhealthy.
2026-07-02 00:28:51,105 | WARNING  | SourceEngine | FMP OFFLINE
2026-07-02 00:28:51,476 | WARNING  | HealthManager | Provider ALPHA_VANTAGE is unhealthy.
2026-07-02 00:28:51,477 | WARNING  | SourceEngine | ALPHA_VANTAGE OFFLINE
2026-07-02 00:28:51,478 | CRITICAL | SourceEngine | ALL PROVIDERS FAILED : AMZN
2026-07-02 00:28:51,479 | INFO     | SourceEngine | REQUEST : GOOGL
2026-07-02 00:28:51,669 | WARNING  | HealthManager | Provider MASSIVE is unhealthy.
2026-07-02 00:28:51,670 | WARNING  | SourceEngine | MASSIVE OFFLINE
2026-07-02 00:28:54,128 | ERROR    | StatisticsManager | FINNHUB failed after 1.2245s
2026-07-02 00:28:54,129 | WARNING  | SourceEngine | FINNHUB : EMPTY_DATA
2026-07-02 00:28:54,337 | WARNING  | HealthManager | Provider FMP is unhealthy.
2026-07-02 00:28:54,338 | WARNING  | SourceEngine | FMP OFFLINE
2026-07-02 00:28:54,552 | WARNING  | HealthManager | Provider ALPHA_VANTAGE is unhealthy.
2026-07-02 00:28:54,553 | WARNING  | SourceEngine | ALPHA_VANTAGE OFFLINE
2026-07-02 00:28:54,553 | CRITICAL | SourceEngine | ALL PROVIDERS FAILED : GOOGL
2026-07-02 00:28:54,555 | INFO     | SourceEngine | REQUEST : GOOGL
2026-07-02 00:28:54,748 | WARNING  | HealthManager | Provider MASSIVE is unhealthy.
2026-07-02 00:28:54,749 | WARNING  | SourceEngine | MASSIVE OFFLINE
2026-07-02 00:28:56,140 | ERROR    | StatisticsManager | FINNHUB failed after 0.7080s
2026-07-02 00:28:56,141 | WARNING  | SourceEngine | FINNHUB : EMPTY_DATA
2026-07-02 00:28:56,345 | WARNING  | HealthManager | Provider FMP is unhealthy.
2026-07-02 00:28:56,346 | WARNING  | SourceEngine | FMP OFFLINE
2026-07-02 00:28:56,560 | WARNING  | HealthManager | Provider ALPHA_VANTAGE is unhealthy.
2026-07-02 00:28:56,561 | WARNING  | SourceEngine | ALPHA_VANTAGE OFFLINE
2026-07-02 00:28:56,562 | CRITICAL | SourceEngine | ALL PROVIDERS FAILED : GOOGL
2026-07-02 00:28:56,563 | INFO     | SourceEngine | REQUEST : GOOGL
2026-07-02 00:28:56,776 | WARNING  | HealthManager | Provider MASSIVE is unhealthy.
2026-07-02 00:28:56,777 | WARNING  | SourceEngine | MASSIVE OFFLINE
2026-07-02 00:28:58,572 | ERROR    | StatisticsManager | FINNHUB failed after 0.7533s
2026-07-02 00:28:58,573 | WARNING  | SourceEngine | FINNHUB : EMPTY_DATA
2026-07-02 00:28:58,795 | WARNING  | HealthManager | Provider FMP is unhealthy.
2026-07-02 00:28:58,796 | WARNING  | SourceEngine | FMP OFFLINE
2026-07-02 00:28:59,021 | WARNING  | HealthManager | Provider ALPHA_VANTAGE is unhealthy.
2026-07-02 00:28:59,022 | WARNING  | SourceEngine | ALPHA_VANTAGE OFFLINE
2026-07-02 00:28:59,023 | CRITICAL | SourceEngine | ALL PROVIDERS FAILED : GOOGL
2026-07-02 00:28:59,024 | INFO     | SourceEngine | REQUEST : AVGO
2026-07-02 00:28:59,662 | WARNING  | HealthManager | Provider MASSIVE is unhealthy.
2026-07-02 00:28:59,663 | WARNING  | SourceEngine | MASSIVE OFFLINE
2026-07-02 00:29:01,504 | ERROR    | StatisticsManager | FINNHUB failed after 0.8411s
2026-07-02 00:29:01,504 | WARNING  | SourceEngine | FINNHUB : EMPTY_DATA
2026-07-02 00:29:02,210 | WARNING  | HealthManager | Provider FMP is unhealthy.
2026-07-02 00:29:02,210 | WARNING  | SourceEngine | FMP OFFLINE
2026-07-02 00:29:02,426 | WARNING  | HealthManager | Provider ALPHA_VANTAGE is unhealthy.
2026-07-02 00:29:02,426 | WARNING  | SourceEngine | ALPHA_VANTAGE OFFLINE
2026-07-02 00:29:02,426 | CRITICAL | SourceEngine | ALL PROVIDERS FAILED : AVGO
2026-07-02 00:29:02,427 | INFO     | SourceEngine | REQUEST : AVGO
2026-07-02 00:29:02,624 | WARNING  | HealthManager | Provider MASSIVE is unhealthy.
2026-07-02 00:29:02,625 | WARNING  | SourceEngine | MASSIVE OFFLINE
2026-07-02 00:29:04,460 | ERROR    | StatisticsManager | FINNHUB failed after 1.1600s
2026-07-02 00:29:04,461 | WARNING  | SourceEngine | FINNHUB : EMPTY_DATA
2026-07-02 00:29:04,678 | WARNING  | HealthManager | Provider FMP is unhealthy.
2026-07-02 00:29:04,679 | WARNING  | SourceEngine | FMP OFFLINE
2026-07-02 00:29:04,904 | WARNING  | HealthManager | Provider ALPHA_VANTAGE is unhealthy.
2026-07-02 00:29:04,905 | WARNING  | SourceEngine | ALPHA_VANTAGE OFFLINE
2026-07-02 00:29:04,906 | CRITICAL | SourceEngine | ALL PROVIDERS FAILED : AVGO
2026-07-02 00:29:04,908 | INFO     | SourceEngine | REQUEST : AVGO
2026-07-02 00:29:05,116 | WARNING  | HealthManager | Provider MASSIVE is unhealthy.
2026-07-02 00:29:05,117 | WARNING  | SourceEngine | MASSIVE OFFLINE
2026-07-02 00:29:07,887 | ERROR    | StatisticsManager | FINNHUB failed after 0.6715s
2026-07-02 00:29:07,888 | WARNING  | SourceEngine | FINNHUB : EMPTY_DATA
2026-07-02 00:29:08,102 | WARNING  | HealthManager | Provider FMP is unhealthy.
2026-07-02 00:29:08,103 | WARNING  | SourceEngine | FMP OFFLINE
2026-07-02 00:29:08,324 | WARNING  | HealthManager | Provider ALPHA_VANTAGE is unhealthy.
2026-07-02 00:29:08,325 | WARNING  | SourceEngine | ALPHA_VANTAGE OFFLINE
2026-07-02 00:29:08,326 | CRITICAL | SourceEngine | ALL PROVIDERS FAILED : AVGO
2026-07-02 00:29:08,327 | INFO     | SourceEngine | REQUEST : TSLA
2026-07-02 00:29:08,548 | WARNING  | HealthManager | Provider MASSIVE is unhealthy.
2026-07-02 00:29:08,549 | WARNING  | SourceEngine | MASSIVE OFFLINE
2026-07-02 00:29:09,979 | ERROR    | StatisticsManager | FINNHUB failed after 0.7244s
2026-07-02 00:29:09,980 | WARNING  | SourceEngine | FINNHUB : EMPTY_DATA
2026-07-02 00:29:10,185 | WARNING  | HealthManager | Provider FMP is unhealthy.
2026-07-02 00:29:10,186 | WARNING  | SourceEngine | FMP OFFLINE
2026-07-02 00:29:10,414 | WARNING  | HealthManager | Provider ALPHA_VANTAGE is unhealthy.
2026-07-02 00:29:10,415 | WARNING  | SourceEngine | ALPHA_VANTAGE OFFLINE
2026-07-02 00:29:10,416 | CRITICAL | SourceEngine | ALL PROVIDERS FAILED : TSLA
2026-07-02 00:29:10,417 | INFO     | SourceEngine | REQUEST : TSLA
2026-07-02 00:29:10,630 | WARNING  | HealthManager | Provider MASSIVE is unhealthy.
2026-07-02 00:29:10,631 | WARNING  | SourceEngine | MASSIVE OFFLINE
2026-07-02 00:29:12,025 | ERROR    | StatisticsManager | FINNHUB failed after 0.7003s
2026-07-02 00:29:12,026 | WARNING  | SourceEngine | FINNHUB : EMPTY_DATA
2026-07-02 00:29:12,238 | WARNING  | HealthManager | Provider FMP is unhealthy.
2026-07-02 00:29:12,239 | WARNING  | SourceEngine | FMP OFFLINE
2026-07-02 00:29:12,453 | WARNING  | HealthManager | Provider ALPHA_VANTAGE is unhealthy.
2026-07-02 00:29:12,453 | WARNING  | SourceEngine | ALPHA_VANTAGE OFFLINE
2026-07-02 00:29:12,453 | CRITICAL | SourceEngine | ALL PROVIDERS FAILED : TSLA
2026-07-02 00:29:12,454 | INFO     | SourceEngine | REQUEST : TSLA
2026-07-02 00:29:12,656 | WARNING  | HealthManager | Provider MASSIVE is unhealthy.
2026-07-02 00:29:12,657 | WARNING  | SourceEngine | MASSIVE OFFLINE
2026-07-02 00:29:14,347 | ERROR    | StatisticsManager | FINNHUB failed after 0.7003s
2026-07-02 00:29:14,347 | WARNING  | SourceEngine | FINNHUB : EMPTY_DATA
2026-07-02 00:29:14,559 | WARNING  | HealthManager | Provider FMP is unhealthy.
2026-07-02 00:29:14,560 | WARNING  | SourceEngine | FMP OFFLINE
2026-07-02 00:29:14,793 | WARNING  | HealthManager | Provider ALPHA_VANTAGE is unhealthy.
2026-07-02 00:29:14,794 | WARNING  | SourceEngine | ALPHA_VANTAGE OFFLINE
2026-07-02 00:29:14,795 | CRITICAL | SourceEngine | ALL PROVIDERS FAILED : TSLA
2026-07-02 00:29:14,796 | INFO     | SourceEngine | REQUEST : NFLX
2026-07-02 00:29:16,929 | WARNING  | HealthManager | Provider MASSIVE is unhealthy.
2026-07-02 00:29:16,930 | WARNING  | SourceEngine | MASSIVE OFFLINE
2026-07-02 00:29:18,280 | ERROR    | StatisticsManager | FINNHUB failed after 0.6790s
2026-07-02 00:29:18,281 | WARNING  | SourceEngine | FINNHUB : EMPTY_DATA
2026-07-02 00:29:18,506 | WARNING  | HealthManager | Provider FMP is unhealthy.
2026-07-02 00:29:18,524 | WARNING  | SourceEngine | FMP OFFLINE
2026-07-02 00:29:18,775 | WARNING  | HealthManager | Provider ALPHA_VANTAGE is unhealthy.
2026-07-02 00:29:18,780 | WARNING  | SourceEngine | ALPHA_VANTAGE OFFLINE
2026-07-02 00:29:18,782 | CRITICAL | SourceEngine | ALL PROVIDERS FAILED : NFLX
2026-07-02 00:29:18,799 | INFO     | SourceEngine | REQUEST : NFLX
2026-07-02 00:29:18,999 | WARNING  | HealthManager | Provider MASSIVE is unhealthy.
2026-07-02 00:29:19,000 | WARNING  | SourceEngine | MASSIVE OFFLINE
2026-07-02 00:29:20,421 | ERROR    | StatisticsManager | FINNHUB failed after 0.6749s
2026-07-02 00:29:20,421 | WARNING  | SourceEngine | FINNHUB : EMPTY_DATA
2026-07-02 00:29:20,637 | WARNING  | HealthManager | Provider FMP is unhealthy.
2026-07-02 00:29:20,637 | WARNING  | SourceEngine | FMP OFFLINE
2026-07-02 00:29:21,103 | WARNING  | HealthManager | Provider ALPHA_VANTAGE is unhealthy.
2026-07-02 00:29:21,104 | WARNING  | SourceEngine | ALPHA_VANTAGE OFFLINE
2026-07-02 00:29:21,104 | CRITICAL | SourceEngine | ALL PROVIDERS FAILED : NFLX
2026-07-02 00:29:21,105 | INFO     | SourceEngine | REQUEST : NFLX
2026-07-02 00:29:21,300 | WARNING  | HealthManager | Provider MASSIVE is unhealthy.
2026-07-02 00:29:21,300 | WARNING  | SourceEngine | MASSIVE OFFLINE
2026-07-02 00:29:24,206 | ERROR    | StatisticsManager | FINNHUB failed after 2.2151s
2026-07-02 00:29:24,207 | WARNING  | SourceEngine | FINNHUB : EMPTY_DATA
2026-07-02 00:29:24,450 | WARNING  | HealthManager | Provider FMP is unhealthy.
2026-07-02 00:29:24,452 | WARNING  | SourceEngine | FMP OFFLINE
2026-07-02 00:29:24,670 | WARNING  | HealthManager | Provider ALPHA_VANTAGE is unhealthy.
2026-07-02 00:29:24,671 | WARNING  | SourceEngine | ALPHA_VANTAGE OFFLINE
2026-07-02 00:29:24,672 | CRITICAL | SourceEngine | ALL PROVIDERS FAILED : NFLX
2026-07-02 00:29:24,673 | INFO     | SourceEngine | REQUEST : AMD
2026-07-02 00:29:24,874 | WARNING  | HealthManager | Provider MASSIVE is unhealthy.
2026-07-02 00:29:24,876 | WARNING  | SourceEngine | MASSIVE OFFLINE
2026-07-02 00:29:26,268 | ERROR    | StatisticsManager | FINNHUB failed after 0.6958s
2026-07-02 00:29:26,269 | WARNING  | SourceEngine | FINNHUB : EMPTY_DATA
2026-07-02 00:29:26,482 | WARNING  | HealthManager | Provider FMP is unhealthy.
2026-07-02 00:29:26,483 | WARNING  | SourceEngine | FMP OFFLINE
2026-07-02 00:29:26,701 | WARNING  | HealthManager | Provider ALPHA_VANTAGE is unhealthy.
2026-07-02 00:29:26,702 | WARNING  | SourceEngine | ALPHA_VANTAGE OFFLINE
2026-07-02 00:29:26,702 | CRITICAL | SourceEngine | ALL PROVIDERS FAILED : AMD
2026-07-02 00:29:26,704 | INFO     | SourceEngine | REQUEST : AMD
2026-07-02 00:29:26,911 | WARNING  | HealthManager | Provider MASSIVE is unhealthy.
2026-07-02 00:29:26,912 | WARNING  | SourceEngine | MASSIVE OFFLINE
2026-07-02 00:29:28,283 | ERROR    | StatisticsManager | FINNHUB failed after 0.7054s
2026-07-02 00:29:28,284 | WARNING  | SourceEngine | FINNHUB : EMPTY_DATA
2026-07-02 00:29:28,496 | WARNING  | HealthManager | Provider FMP is unhealthy.
2026-07-02 00:29:28,497 | WARNING  | SourceEngine | FMP OFFLINE
2026-07-02 00:29:28,717 | WARNING  | HealthManager | Provider ALPHA_VANTAGE is unhealthy.
2026-07-02 00:29:28,718 | WARNING  | SourceEngine | ALPHA_VANTAGE OFFLINE
2026-07-02 00:29:28,719 | CRITICAL | SourceEngine | ALL PROVIDERS FAILED : AMD
2026-07-02 00:29:28,720 | INFO     | SourceEngine | REQUEST : AMD
2026-07-02 00:29:28,924 | WARNING  | HealthManager | Provider MASSIVE is unhealthy.
2026-07-02 00:29:28,925 | WARNING  | SourceEngine | MASSIVE OFFLINE
2026-07-02 00:29:30,476 | ERROR    | StatisticsManager | FINNHUB failed after 0.7038s
2026-07-02 00:29:30,477 | WARNING  | SourceEngine | FINNHUB : EMPTY_DATA
2026-07-02 00:29:30,866 | WARNING  | HealthManager | Provider FMP is unhealthy.
2026-07-02 00:29:30,867 | WARNING  | SourceEngine | FMP OFFLINE
2026-07-02 00:29:31,091 | WARNING  | HealthManager | Provider ALPHA_VANTAGE is unhealthy.
2026-07-02 00:29:31,092 | WARNING  | SourceEngine | ALPHA_VANTAGE OFFLINE
2026-07-02 00:29:31,093 | CRITICAL | SourceEngine | ALL PROVIDERS FAILED : AMD
2026-07-02 00:29:31,094 | INFO     | SourceEngine | REQUEST : CRWD
2026-07-02 00:29:31,303 | WARNING  | HealthManager | Provider MASSIVE is unhealthy.
2026-07-02 00:29:31,304 | WARNING  | SourceEngine | MASSIVE OFFLINE
2026-07-02 00:29:34,121 | ERROR    | StatisticsManager | FINNHUB failed after 1.8962s
2026-07-02 00:29:34,122 | WARNING  | SourceEngine | FINNHUB : EMPTY_DATA
2026-07-02 00:29:34,331 | WARNING  | HealthManager | Provider FMP is unhealthy.
2026-07-02 00:29:34,333 | WARNING  | SourceEngine | FMP OFFLINE
2026-07-02 00:29:34,543 | WARNING  | HealthManager | Provider ALPHA_VANTAGE is unhealthy.
2026-07-02 00:29:34,544 | WARNING  | SourceEngine | ALPHA_VANTAGE OFFLINE
2026-07-02 00:29:34,545 | CRITICAL | SourceEngine | ALL PROVIDERS FAILED : CRWD
2026-07-02 00:29:34,547 | INFO     | SourceEngine | REQUEST : CRWD
2026-07-02 00:29:34,744 | WARNING  | HealthManager | Provider MASSIVE is unhealthy.
2026-07-02 00:29:34,745 | WARNING  | SourceEngine | MASSIVE OFFLINE
2026-07-02 00:29:37,313 | ERROR    | StatisticsManager | FINNHUB failed after 1.8873s
2026-07-02 00:29:37,313 | WARNING  | SourceEngine | FINNHUB : EMPTY_DATA
2026-07-02 00:29:37,514 | WARNING  | HealthManager | Provider FMP is unhealthy.
2026-07-02 00:29:37,515 | WARNING  | SourceEngine | FMP OFFLINE
2026-07-02 00:29:37,745 | WARNING  | HealthManager | Provider ALPHA_VANTAGE is unhealthy.
2026-07-02 00:29:37,746 | WARNING  | SourceEngine | ALPHA_VANTAGE OFFLINE
2026-07-02 00:29:37,746 | CRITICAL | SourceEngine | ALL PROVIDERS FAILED : CRWD
2026-07-02 00:29:37,747 | INFO     | SourceEngine | REQUEST : CRWD
2026-07-02 00:29:37,952 | WARNING  | HealthManager | Provider MASSIVE is unhealthy.
2026-07-02 00:29:37,953 | WARNING  | SourceEngine | MASSIVE OFFLINE
2026-07-02 00:29:39,347 | ERROR    | StatisticsManager | FINNHUB failed after 0.6807s
2026-07-02 00:29:39,347 | WARNING  | SourceEngine | FINNHUB : EMPTY_DATA
2026-07-02 00:29:39,568 | WARNING  | HealthManager | Provider FMP is unhealthy.
2026-07-02 00:29:39,568 | WARNING  | SourceEngine | FMP OFFLINE
2026-07-02 00:29:39,787 | WARNING  | HealthManager | Provider ALPHA_VANTAGE is unhealthy.
2026-07-02 00:29:39,788 | WARNING  | SourceEngine | ALPHA_VANTAGE OFFLINE
2026-07-02 00:29:39,789 | CRITICAL | SourceEngine | ALL PROVIDERS FAILED : CRWD
2026-07-02 00:29:39,790 | INFO     | SourceEngine | REQUEST : PLTR
2026-07-02 00:29:40,000 | WARNING  | HealthManager | Provider MASSIVE is unhealthy.
2026-07-02 00:29:40,001 | WARNING  | SourceEngine | MASSIVE OFFLINE
2026-07-02 00:29:42,469 | ERROR    | StatisticsManager | FINNHUB failed after 0.6588s
2026-07-02 00:29:42,470 | WARNING  | SourceEngine | FINNHUB : EMPTY_DATA
2026-07-02 00:29:42,701 | WARNING  | HealthManager | Provider FMP is unhealthy.
2026-07-02 00:29:42,702 | WARNING  | SourceEngine | FMP OFFLINE
2026-07-02 00:29:42,928 | WARNING  | HealthManager | Provider ALPHA_VANTAGE is unhealthy.
2026-07-02 00:29:42,929 | WARNING  | SourceEngine | ALPHA_VANTAGE OFFLINE
2026-07-02 00:29:42,930 | CRITICAL | SourceEngine | ALL PROVIDERS FAILED : PLTR
2026-07-02 00:29:42,931 | INFO     | SourceEngine | REQUEST : ^GSPC
2026-07-02 00:29:43,154 | WARNING  | HealthManager | Provider MASSIVE is unhealthy.
2026-07-02 00:29:43,155 | WARNING  | SourceEngine | MASSIVE OFFLINE
2026-07-02 00:29:45,024 | ERROR    | StatisticsManager | FINNHUB failed after 1.1251s
2026-07-02 00:29:45,025 | WARNING  | SourceEngine | FINNHUB : EMPTY_DATA
2026-07-02 00:29:45,239 | WARNING  | HealthManager | Provider FMP is unhealthy.
2026-07-02 00:29:45,240 | WARNING  | SourceEngine | FMP OFFLINE
2026-07-02 00:29:45,462 | WARNING  | HealthManager | Provider ALPHA_VANTAGE is unhealthy.
2026-07-02 00:29:45,463 | WARNING  | SourceEngine | ALPHA_VANTAGE OFFLINE
2026-07-02 00:29:45,464 | CRITICAL | SourceEngine | ALL PROVIDERS FAILED : ^GSPC
2026-07-02 00:29:45,465 | INFO     | SourceEngine | REQUEST : PLTR
2026-07-02 00:29:45,699 | WARNING  | HealthManager | Provider MASSIVE is unhealthy.
2026-07-02 00:29:45,700 | WARNING  | SourceEngine | MASSIVE OFFLINE
2026-07-02 00:29:47,043 | ERROR    | StatisticsManager | FINNHUB failed after 0.6683s
2026-07-02 00:29:47,045 | WARNING  | SourceEngine | FINNHUB : EMPTY_DATA
2026-07-02 00:29:47,253 | WARNING  | HealthManager | Provider FMP is unhealthy.
2026-07-02 00:29:47,254 | WARNING  | SourceEngine | FMP OFFLINE
2026-07-02 00:29:47,479 | WARNING  | HealthManager | Provider ALPHA_VANTAGE is unhealthy.
2026-07-02 00:29:47,480 | WARNING  | SourceEngine | ALPHA_VANTAGE OFFLINE
2026-07-02 00:29:47,481 | CRITICAL | SourceEngine | ALL PROVIDERS FAILED : PLTR
2026-07-02 00:29:47,482 | INFO     | SourceEngine | REQUEST : PLTR
2026-07-02 00:29:47,679 | WARNING  | HealthManager | Provider MASSIVE is unhealthy.
2026-07-02 00:29:47,680 | WARNING  | SourceEngine | MASSIVE OFFLINE
2026-07-02 00:29:49,370 | ERROR    | StatisticsManager | FINNHUB failed after 1.0160s
2026-07-02 00:29:49,371 | WARNING  | SourceEngine | FINNHUB : EMPTY_DATA
2026-07-02 00:29:49,589 | WARNING  | HealthManager | Provider FMP is unhealthy.
2026-07-02 00:29:49,590 | WARNING  | SourceEngine | FMP OFFLINE
2026-07-02 00:29:49,831 | WARNING  | HealthManager | Provider ALPHA_VANTAGE is unhealthy.
2026-07-02 00:29:49,832 | WARNING  | SourceEngine | ALPHA_VANTAGE OFFLINE
2026-07-02 00:29:49,833 | CRITICAL | SourceEngine | ALL PROVIDERS FAILED : PLTR
2026-07-02 00:29:49,834 | INFO     | SourceEngine | REQUEST : COST
2026-07-02 00:29:50,030 | WARNING  | HealthManager | Provider MASSIVE is unhealthy.
2026-07-02 00:29:50,031 | WARNING  | SourceEngine | MASSIVE OFFLINE
2026-07-02 00:29:51,383 | ERROR    | StatisticsManager | FINNHUB failed after 0.6733s
2026-07-02 00:29:51,384 | WARNING  | SourceEngine | FINNHUB : EMPTY_DATA
2026-07-02 00:29:51,583 | WARNING  | HealthManager | Provider FMP is unhealthy.
2026-07-02 00:29:51,584 | WARNING  | SourceEngine | FMP OFFLINE
2026-07-02 00:29:51,803 | WARNING  | HealthManager | Provider ALPHA_VANTAGE is unhealthy.
2026-07-02 00:29:51,804 | WARNING  | SourceEngine | ALPHA_VANTAGE OFFLINE
2026-07-02 00:29:51,805 | CRITICAL | SourceEngine | ALL PROVIDERS FAILED : COST
2026-07-02 00:29:51,807 | INFO     | SourceEngine | REQUEST : COST
2026-07-02 00:29:51,999 | WARNING  | HealthManager | Provider MASSIVE is unhealthy.
2026-07-02 00:29:52,000 | WARNING  | SourceEngine | MASSIVE OFFLINE
2026-07-02 00:29:53,728 | ERROR    | StatisticsManager | FINNHUB failed after 0.8008s
2026-07-02 00:29:53,729 | WARNING  | SourceEngine | FINNHUB : EMPTY_DATA
2026-07-02 00:29:53,937 | WARNING  | HealthManager | Provider FMP is unhealthy.
2026-07-02 00:29:53,938 | WARNING  | SourceEngine | FMP OFFLINE
2026-07-02 00:29:54,147 | WARNING  | HealthManager | Provider ALPHA_VANTAGE is unhealthy.
2026-07-02 00:29:54,148 | WARNING  | SourceEngine | ALPHA_VANTAGE OFFLINE
2026-07-02 00:29:54,149 | CRITICAL | SourceEngine | ALL PROVIDERS FAILED : COST
2026-07-02 00:29:54,150 | INFO     | SourceEngine | REQUEST : COST
2026-07-02 00:29:54,367 | WARNING  | HealthManager | Provider MASSIVE is unhealthy.
2026-07-02 00:29:54,368 | WARNING  | SourceEngine | MASSIVE OFFLINE
2026-07-02 00:29:56,712 | ERROR    | StatisticsManager | FINNHUB failed after 1.6498s
2026-07-02 00:29:56,712 | WARNING  | SourceEngine | FINNHUB : EMPTY_DATA
2026-07-02 00:29:56,922 | WARNING  | HealthManager | Provider FMP is unhealthy.
2026-07-02 00:29:56,923 | WARNING  | SourceEngine | FMP OFFLINE
2026-07-02 00:29:57,143 | WARNING  | HealthManager | Provider ALPHA_VANTAGE is unhealthy.
2026-07-02 00:29:57,144 | WARNING  | SourceEngine | ALPHA_VANTAGE OFFLINE
2026-07-02 00:29:57,145 | CRITICAL | SourceEngine | ALL PROVIDERS FAILED : COST
2026-07-02 00:29:57,146 | INFO     | SourceEngine | REQUEST : SHOP
2026-07-02 00:29:57,652 | WARNING  | HealthManager | Provider MASSIVE is unhealthy.
2026-07-02 00:29:57,654 | WARNING  | SourceEngine | MASSIVE OFFLINE
2026-07-02 00:29:59,343 | ERROR    | StatisticsManager | FINNHUB failed after 0.6995s
2026-07-02 00:29:59,344 | WARNING  | SourceEngine | FINNHUB : EMPTY_DATA
2026-07-02 00:29:59,560 | WARNING  | HealthManager | Provider FMP is unhealthy.
2026-07-02 00:29:59,561 | WARNING  | SourceEngine | FMP OFFLINE
2026-07-02 00:29:59,792 | WARNING  | HealthManager | Provider ALPHA_VANTAGE is unhealthy.
2026-07-02 00:29:59,793 | WARNING  | SourceEngine | ALPHA_VANTAGE OFFLINE
2026-07-02 00:29:59,794 | CRITICAL | SourceEngine | ALL PROVIDERS FAILED : SHOP
2026-07-02 00:29:59,796 | INFO     | SourceEngine | REQUEST : SHOP
2026-07-02 00:30:00,012 | WARNING  | HealthManager | Provider MASSIVE is unhealthy.
2026-07-02 00:30:00,023 | WARNING  | SourceEngine | MASSIVE OFFLINE
2026-07-02 00:30:01,848 | ERROR    | StatisticsManager | FINNHUB failed after 0.7449s
2026-07-02 00:30:01,849 | WARNING  | SourceEngine | FINNHUB : EMPTY_DATA
2026-07-02 00:30:02,537 | WARNING  | HealthManager | Provider FMP is unhealthy.
2026-07-02 00:30:02,538 | WARNING  | SourceEngine | FMP OFFLINE
2026-07-02 00:30:02,757 | WARNING  | HealthManager | Provider ALPHA_VANTAGE is unhealthy.
2026-07-02 00:30:02,758 | WARNING  | SourceEngine | ALPHA_VANTAGE OFFLINE
2026-07-02 00:30:02,759 | CRITICAL | SourceEngine | ALL PROVIDERS FAILED : SHOP
2026-07-02 00:30:02,760 | INFO     | SourceEngine | REQUEST : SHOP
2026-07-02 00:30:02,967 | WARNING  | HealthManager | Provider MASSIVE is unhealthy.
2026-07-02 00:30:02,968 | WARNING  | SourceEngine | MASSIVE OFFLINE
2026-07-02 00:30:06,017 | ERROR    | StatisticsManager | FINNHUB failed after 2.3463s
2026-07-02 00:30:06,019 | WARNING  | SourceEngine | FINNHUB : EMPTY_DATA
2026-07-02 00:30:06,237 | WARNING  | HealthManager | Provider FMP is unhealthy.
2026-07-02 00:30:06,238 | WARNING  | SourceEngine | FMP OFFLINE
2026-07-02 00:30:06,454 | WARNING  | HealthManager | Provider ALPHA_VANTAGE is unhealthy.
2026-07-02 00:30:06,455 | WARNING  | SourceEngine | ALPHA_VANTAGE OFFLINE
2026-07-02 00:30:06,455 | CRITICAL | SourceEngine | ALL PROVIDERS FAILED : SHOP
2026-07-02 00:30:06,455 | INFO     | SourceEngine | REQUEST : COIN
2026-07-02 00:30:06,661 | WARNING  | HealthManager | Provider MASSIVE is unhealthy.
2026-07-02 00:30:06,662 | WARNING  | SourceEngine | MASSIVE OFFLINE
2026-07-02 00:30:08,162 | ERROR    | StatisticsManager | FINNHUB failed after 0.8326s
2026-07-02 00:30:08,164 | WARNING  | SourceEngine | FINNHUB : EMPTY_DATA
2026-07-02 00:30:08,375 | WARNING  | HealthManager | Provider FMP is unhealthy.
2026-07-02 00:30:08,376 | WARNING  | SourceEngine | FMP OFFLINE
2026-07-02 00:30:08,609 | WARNING  | HealthManager | Provider ALPHA_VANTAGE is unhealthy.
2026-07-02 00:30:08,609 | WARNING  | SourceEngine | ALPHA_VANTAGE OFFLINE
2026-07-02 00:30:08,609 | CRITICAL | SourceEngine | ALL PROVIDERS FAILED : COIN
2026-07-02 00:30:08,610 | INFO     | SourceEngine | REQUEST : COIN
2026-07-02 00:30:08,823 | WARNING  | HealthManager | Provider MASSIVE is unhealthy.
2026-07-02 00:30:08,824 | WARNING  | SourceEngine | MASSIVE OFFLINE
2026-07-02 00:30:10,318 | ERROR    | StatisticsManager | FINNHUB failed after 0.7852s
2026-07-02 00:30:10,319 | WARNING  | SourceEngine | FINNHUB : EMPTY_DATA
2026-07-02 00:30:10,653 | WARNING  | HealthManager | Provider FMP is unhealthy.
2026-07-02 00:30:10,654 | WARNING  | SourceEngine | FMP OFFLINE
2026-07-02 00:30:11,071 | WARNING  | HealthManager | Provider ALPHA_VANTAGE is unhealthy.
2026-07-02 00:30:11,072 | WARNING  | SourceEngine | ALPHA_VANTAGE OFFLINE
2026-07-02 00:30:11,073 | CRITICAL | SourceEngine | ALL PROVIDERS FAILED : COIN
2026-07-02 00:30:11,074 | INFO     | SourceEngine | REQUEST : COIN
2026-07-02 00:30:11,275 | WARNING  | HealthManager | Provider MASSIVE is unhealthy.
2026-07-02 00:30:11,276 | WARNING  | SourceEngine | MASSIVE OFFLINE
2026-07-02 00:30:12,843 | ERROR    | StatisticsManager | FINNHUB failed after 0.6818s
2026-07-02 00:30:12,843 | WARNING  | SourceEngine | FINNHUB : EMPTY_DATA
2026-07-02 00:30:13,044 | WARNING  | HealthManager | Provider FMP is unhealthy.
2026-07-02 00:30:13,045 | WARNING  | SourceEngine | FMP OFFLINE
2026-07-02 00:30:13,266 | WARNING  | HealthManager | Provider ALPHA_VANTAGE is unhealthy.
2026-07-02 00:30:13,268 | WARNING  | SourceEngine | ALPHA_VANTAGE OFFLINE
2026-07-02 00:30:13,269 | CRITICAL | SourceEngine | ALL PROVIDERS FAILED : COIN
2026-07-02 00:30:13,270 | INFO     | SourceEngine | REQUEST : BABA
2026-07-02 00:30:13,469 | WARNING  | HealthManager | Provider MASSIVE is unhealthy.
2026-07-02 00:30:13,470 | WARNING  | SourceEngine | MASSIVE OFFLINE
2026-07-02 00:30:16,209 | ERROR    | StatisticsManager | FINNHUB failed after 1.9414s
2026-07-02 00:30:16,210 | WARNING  | SourceEngine | FINNHUB : EMPTY_DATA
2026-07-02 00:30:16,428 | WARNING  | HealthManager | Provider FMP is unhealthy.
2026-07-02 00:30:16,429 | WARNING  | SourceEngine | FMP OFFLINE
2026-07-02 00:30:16,639 | WARNING  | HealthManager | Provider ALPHA_VANTAGE is unhealthy.
2026-07-02 00:30:16,640 | WARNING  | SourceEngine | ALPHA_VANTAGE OFFLINE
2026-07-02 00:30:16,642 | CRITICAL | SourceEngine | ALL PROVIDERS FAILED : BABA
2026-07-02 00:30:16,647 | INFO     | SourceEngine | REQUEST : BABA
2026-07-02 00:30:16,851 | WARNING  | HealthManager | Provider MASSIVE is unhealthy.
2026-07-02 00:30:16,852 | WARNING  | SourceEngine | MASSIVE OFFLINE
2026-07-02 00:30:19,534 | ERROR    | StatisticsManager | FINNHUB failed after 1.8804s
2026-07-02 00:30:19,535 | WARNING  | SourceEngine | FINNHUB : EMPTY_DATA
2026-07-02 00:30:19,741 | WARNING  | HealthManager | Provider FMP is unhealthy.
2026-07-02 00:30:19,742 | WARNING  | SourceEngine | FMP OFFLINE
2026-07-02 00:30:19,957 | WARNING  | HealthManager | Provider ALPHA_VANTAGE is unhealthy.
2026-07-02 00:30:19,958 | WARNING  | SourceEngine | ALPHA_VANTAGE OFFLINE
2026-07-02 00:30:19,959 | CRITICAL | SourceEngine | ALL PROVIDERS FAILED : BABA
2026-07-02 00:30:19,960 | INFO     | SourceEngine | REQUEST : BABA
2026-07-02 00:30:20,152 | WARNING  | HealthManager | Provider MASSIVE is unhealthy.
2026-07-02 00:30:20,153 | WARNING  | SourceEngine | MASSIVE OFFLINE
2026-07-02 00:30:21,547 | ERROR    | StatisticsManager | FINNHUB failed after 0.7005s
2026-07-02 00:30:21,549 | WARNING  | SourceEngine | FINNHUB : EMPTY_DATA
2026-07-02 00:30:21,838 | WARNING  | HealthManager | Provider FMP is unhealthy.
2026-07-02 00:30:21,840 | WARNING  | SourceEngine | FMP OFFLINE
2026-07-02 00:30:22,062 | WARNING  | HealthManager | Provider ALPHA_VANTAGE is unhealthy.
2026-07-02 00:30:22,063 | WARNING  | SourceEngine | ALPHA_VANTAGE OFFLINE
2026-07-02 00:30:22,064 | CRITICAL | SourceEngine | ALL PROVIDERS FAILED : BABA
2026-07-02 00:30:22,066 | INFO     | SourceEngine | REQUEST : ARM
2026-07-02 00:30:22,273 | WARNING  | HealthManager | Provider MASSIVE is unhealthy.
2026-07-02 00:30:22,273 | WARNING  | SourceEngine | MASSIVE OFFLINE
2026-07-02 00:30:23,832 | ERROR    | StatisticsManager | FINNHUB failed after 0.8866s
2026-07-02 00:30:23,833 | WARNING  | SourceEngine | FINNHUB : EMPTY_DATA
2026-07-02 00:30:24,427 | WARNING  | HealthManager | Provider FMP is unhealthy.
2026-07-02 00:30:24,427 | WARNING  | SourceEngine | FMP OFFLINE
2026-07-02 00:30:24,666 | WARNING  | HealthManager | Provider ALPHA_VANTAGE is unhealthy.
2026-07-02 00:30:24,667 | WARNING  | SourceEngine | ALPHA_VANTAGE OFFLINE
2026-07-02 00:30:24,669 | CRITICAL | SourceEngine | ALL PROVIDERS FAILED : ARM
2026-07-02 00:30:24,674 | INFO     | SourceEngine | REQUEST : ARM
2026-07-02 00:30:24,955 | WARNING  | HealthManager | Provider MASSIVE is unhealthy.
2026-07-02 00:30:24,957 | WARNING  | SourceEngine | MASSIVE OFFLINE
2026-07-02 00:30:26,291 | ERROR    | StatisticsManager | FINNHUB failed after 0.6710s
2026-07-02 00:30:26,291 | WARNING  | SourceEngine | FINNHUB : EMPTY_DATA
2026-07-02 00:30:26,499 | WARNING  | HealthManager | Provider FMP is unhealthy.
2026-07-02 00:30:26,500 | WARNING  | SourceEngine | FMP OFFLINE
2026-07-02 00:30:26,717 | WARNING  | HealthManager | Provider ALPHA_VANTAGE is unhealthy.
2026-07-02 00:30:26,718 | WARNING  | SourceEngine | ALPHA_VANTAGE OFFLINE
2026-07-02 00:30:26,718 | CRITICAL | SourceEngine | ALL PROVIDERS FAILED : ARM
2026-07-02 00:30:26,720 | INFO     | SourceEngine | REQUEST : ARM
2026-07-02 00:30:26,911 | WARNING  | HealthManager | Provider MASSIVE is unhealthy.
2026-07-02 00:30:26,912 | WARNING  | SourceEngine | MASSIVE OFFLINE
2026-07-02 00:30:28,478 | ERROR    | StatisticsManager | FINNHUB failed after 0.8499s
2026-07-02 00:30:28,479 | WARNING  | SourceEngine | FINNHUB : EMPTY_DATA
2026-07-02 00:30:28,694 | WARNING  | HealthManager | Provider FMP is unhealthy.
2026-07-02 00:30:28,695 | WARNING  | SourceEngine | FMP OFFLINE
2026-07-02 00:30:28,906 | WARNING  | HealthManager | Provider ALPHA_VANTAGE is unhealthy.
2026-07-02 00:30:28,906 | WARNING  | SourceEngine | ALPHA_VANTAGE OFFLINE
2026-07-02 00:30:28,907 | CRITICAL | SourceEngine | ALL PROVIDERS FAILED : ARM
2026-07-02 00:30:28,907 | INFO     | SourceEngine | REQUEST : PANW
2026-07-02 00:30:29,108 | WARNING  | HealthManager | Provider MASSIVE is unhealthy.
2026-07-02 00:30:29,109 | WARNING  | SourceEngine | MASSIVE OFFLINE
2026-07-02 00:30:30,494 | ERROR    | StatisticsManager | FINNHUB failed after 0.6821s
2026-07-02 00:30:30,496 | WARNING  | SourceEngine | FINNHUB : EMPTY_DATA
2026-07-02 00:30:30,720 | WARNING  | HealthManager | Provider FMP is unhealthy.
2026-07-02 00:30:30,724 | WARNING  | SourceEngine | FMP OFFLINE
2026-07-02 00:30:31,024 | WARNING  | HealthManager | Provider ALPHA_VANTAGE is unhealthy.
2026-07-02 00:30:31,024 | WARNING  | SourceEngine | ALPHA_VANTAGE OFFLINE
2026-07-02 00:30:31,024 | CRITICAL | SourceEngine | ALL PROVIDERS FAILED : PANW
2026-07-02 00:30:31,025 | INFO     | SourceEngine | REQUEST : PANW
2026-07-02 00:30:31,310 | WARNING  | HealthManager | Provider MASSIVE is unhealthy.
2026-07-02 00:30:31,311 | WARNING  | SourceEngine | MASSIVE OFFLINE
2026-07-02 00:30:32,668 | ERROR    | StatisticsManager | FINNHUB failed after 0.6696s
2026-07-02 00:30:32,669 | WARNING  | SourceEngine | FINNHUB : EMPTY_DATA
2026-07-02 00:30:32,898 | WARNING  | HealthManager | Provider FMP is unhealthy.
2026-07-02 00:30:32,900 | WARNING  | SourceEngine | FMP OFFLINE
2026-07-02 00:30:33,158 | WARNING  | HealthManager | Provider ALPHA_VANTAGE is unhealthy.
2026-07-02 00:30:33,159 | WARNING  | SourceEngine | ALPHA_VANTAGE OFFLINE
2026-07-02 00:30:33,163 | CRITICAL | SourceEngine | ALL PROVIDERS FAILED : PANW
2026-07-02 00:30:33,169 | INFO     | SourceEngine | REQUEST : PANW
2026-07-02 00:30:33,438 | WARNING  | HealthManager | Provider MASSIVE is unhealthy.
2026-07-02 00:30:33,438 | WARNING  | SourceEngine | MASSIVE OFFLINE
2026-07-02 00:30:34,908 | ERROR    | StatisticsManager | FINNHUB failed after 0.7363s
2026-07-02 00:30:34,908 | WARNING  | SourceEngine | FINNHUB : EMPTY_DATA
2026-07-02 00:30:35,219 | WARNING  | HealthManager | Provider FMP is unhealthy.
2026-07-02 00:30:35,220 | WARNING  | SourceEngine | FMP OFFLINE
2026-07-02 00:30:35,556 | WARNING  | HealthManager | Provider ALPHA_VANTAGE is unhealthy.
2026-07-02 00:30:35,557 | WARNING  | SourceEngine | ALPHA_VANTAGE OFFLINE
2026-07-02 00:30:35,557 | CRITICAL | SourceEngine | ALL PROVIDERS FAILED : PANW
2026-07-02 00:30:35,558 | INFO     | SourceEngine | REQUEST : MU
2026-07-02 00:30:35,908 | WARNING  | HealthManager | Provider MASSIVE is unhealthy.
2026-07-02 00:30:35,909 | WARNING  | SourceEngine | MASSIVE OFFLINE
2026-07-02 00:30:37,435 | ERROR    | StatisticsManager | FINNHUB failed after 0.8237s
2026-07-02 00:30:37,435 | WARNING  | SourceEngine | FINNHUB : EMPTY_DATA
2026-07-02 00:30:37,813 | WARNING  | HealthManager | Provider FMP is unhealthy.
2026-07-02 00:30:37,814 | WARNING  | SourceEngine | FMP OFFLINE
2026-07-02 00:30:38,032 | WARNING  | HealthManager | Provider ALPHA_VANTAGE is unhealthy.
2026-07-02 00:30:38,033 | WARNING  | SourceEngine | ALPHA_VANTAGE OFFLINE
2026-07-02 00:30:38,034 | CRITICAL | SourceEngine | ALL PROVIDERS FAILED : MU
2026-07-02 00:30:38,036 | INFO     | SourceEngine | REQUEST : MU
2026-07-02 00:30:38,270 | WARNING  | HealthManager | Provider MASSIVE is unhealthy.
2026-07-02 00:30:38,270 | WARNING  | SourceEngine | MASSIVE OFFLINE
2026-07-02 00:30:39,686 | ERROR    | StatisticsManager | FINNHUB failed after 0.7077s
2026-07-02 00:30:39,689 | WARNING  | SourceEngine | FINNHUB : EMPTY_DATA
2026-07-02 00:30:39,904 | WARNING  | HealthManager | Provider FMP is unhealthy.
2026-07-02 00:30:39,906 | WARNING  | SourceEngine | FMP OFFLINE
2026-07-02 00:30:40,134 | WARNING  | HealthManager | Provider ALPHA_VANTAGE is unhealthy.
2026-07-02 00:30:40,134 | WARNING  | SourceEngine | ALPHA_VANTAGE OFFLINE
2026-07-02 00:30:40,135 | CRITICAL | SourceEngine | ALL PROVIDERS FAILED : MU
2026-07-02 00:30:40,135 | INFO     | SourceEngine | REQUEST : MU
2026-07-02 00:30:40,332 | WARNING  | HealthManager | Provider MASSIVE is unhealthy.
2026-07-02 00:30:40,333 | WARNING  | SourceEngine | MASSIVE OFFLINE
2026-07-02 00:30:41,779 | ERROR    | StatisticsManager | FINNHUB failed after 0.7027s
2026-07-02 00:30:41,780 | WARNING  | SourceEngine | FINNHUB : EMPTY_DATA
2026-07-02 00:30:42,081 | WARNING  | HealthManager | Provider FMP is unhealthy.
2026-07-02 00:30:42,083 | WARNING  | SourceEngine | FMP OFFLINE
2026-07-02 00:30:42,315 | WARNING  | HealthManager | Provider ALPHA_VANTAGE is unhealthy.
2026-07-02 00:30:42,316 | WARNING  | SourceEngine | ALPHA_VANTAGE OFFLINE
2026-07-02 00:30:42,319 | CRITICAL | SourceEngine | ALL PROVIDERS FAILED : MU
2026-07-02 00:30:42,321 | INFO     | SourceEngine | REQUEST : TSM
2026-07-02 00:30:42,515 | WARNING  | HealthManager | Provider MASSIVE is unhealthy.
2026-07-02 00:30:42,516 | WARNING  | SourceEngine | MASSIVE OFFLINE
2026-07-02 00:30:43,946 | ERROR    | StatisticsManager | FINNHUB failed after 0.7473s
2026-07-02 00:30:43,948 | WARNING  | SourceEngine | FINNHUB : EMPTY_DATA
2026-07-02 00:30:44,176 | WARNING  | HealthManager | Provider FMP is unhealthy.
2026-07-02 00:30:44,177 | WARNING  | SourceEngine | FMP OFFLINE
2026-07-02 00:30:44,390 | WARNING  | HealthManager | Provider ALPHA_VANTAGE is unhealthy.
2026-07-02 00:30:44,391 | WARNING  | SourceEngine | ALPHA_VANTAGE OFFLINE
2026-07-02 00:30:44,392 | CRITICAL | SourceEngine | ALL PROVIDERS FAILED : TSM
2026-07-02 00:30:44,394 | INFO     | SourceEngine | REQUEST : TSM
2026-07-02 00:30:44,591 | WARNING  | HealthManager | Provider MASSIVE is unhealthy.
2026-07-02 00:30:44,592 | WARNING  | SourceEngine | MASSIVE OFFLINE
2026-07-02 00:30:46,157 | ERROR    | StatisticsManager | FINNHUB failed after 0.7124s
2026-07-02 00:30:46,158 | WARNING  | SourceEngine | FINNHUB : EMPTY_DATA
2026-07-02 00:30:46,360 | WARNING  | HealthManager | Provider FMP is unhealthy.
2026-07-02 00:30:46,361 | WARNING  | SourceEngine | FMP OFFLINE
2026-07-02 00:30:46,577 | WARNING  | HealthManager | Provider ALPHA_VANTAGE is unhealthy.
2026-07-02 00:30:46,578 | WARNING  | SourceEngine | ALPHA_VANTAGE OFFLINE
2026-07-02 00:30:46,579 | CRITICAL | SourceEngine | ALL PROVIDERS FAILED : TSM
2026-07-02 00:30:46,580 | INFO     | SourceEngine | REQUEST : TSM
2026-07-02 00:30:46,788 | WARNING  | HealthManager | Provider MASSIVE is unhealthy.
2026-07-02 00:30:46,789 | WARNING  | SourceEngine | MASSIVE OFFLINE
2026-07-02 00:30:48,156 | ERROR    | StatisticsManager | FINNHUB failed after 0.6872s
2026-07-02 00:30:48,157 | WARNING  | SourceEngine | FINNHUB : EMPTY_DATA
2026-07-02 00:30:48,362 | WARNING  | HealthManager | Provider FMP is unhealthy.
2026-07-02 00:30:48,363 | WARNING  | SourceEngine | FMP OFFLINE
2026-07-02 00:30:48,576 | WARNING  | HealthManager | Provider ALPHA_VANTAGE is unhealthy.
2026-07-02 00:30:48,577 | WARNING  | SourceEngine | ALPHA_VANTAGE OFFLINE
2026-07-02 00:30:48,577 | CRITICAL | SourceEngine | ALL PROVIDERS FAILED : TSM
2026-07-02 00:30:48,578 | INFO     | SourceEngine | REQUEST : AMAT
2026-07-02 00:30:48,781 | WARNING  | HealthManager | Provider MASSIVE is unhealthy.
2026-07-02 00:30:48,783 | WARNING  | SourceEngine | MASSIVE OFFLINE
2026-07-02 00:30:50,192 | ERROR    | StatisticsManager | FINNHUB failed after 0.7044s
2026-07-02 00:30:50,193 | WARNING  | SourceEngine | FINNHUB : EMPTY_DATA
2026-07-02 00:30:50,400 | WARNING  | HealthManager | Provider FMP is unhealthy.
2026-07-02 00:30:50,401 | WARNING  | SourceEngine | FMP OFFLINE
2026-07-02 00:30:50,651 | WARNING  | HealthManager | Provider ALPHA_VANTAGE is unhealthy.
2026-07-02 00:30:50,652 | WARNING  | SourceEngine | ALPHA_VANTAGE OFFLINE
2026-07-02 00:30:50,653 | CRITICAL | SourceEngine | ALL PROVIDERS FAILED : AMAT
2026-07-02 00:30:50,655 | INFO     | SourceEngine | REQUEST : AMAT
2026-07-02 00:30:51,152 | WARNING  | HealthManager | Provider MASSIVE is unhealthy.
2026-07-02 00:30:51,153 | WARNING  | SourceEngine | MASSIVE OFFLINE
2026-07-02 00:30:52,570 | ERROR    | StatisticsManager | FINNHUB failed after 0.6618s
2026-07-02 00:30:52,571 | WARNING  | SourceEngine | FINNHUB : EMPTY_DATA
2026-07-02 00:30:52,779 | WARNING  | HealthManager | Provider FMP is unhealthy.
2026-07-02 00:30:52,780 | WARNING  | SourceEngine | FMP OFFLINE
2026-07-02 00:30:52,992 | WARNING  | HealthManager | Provider ALPHA_VANTAGE is unhealthy.
2026-07-02 00:30:52,993 | WARNING  | SourceEngine | ALPHA_VANTAGE OFFLINE
2026-07-02 00:30:52,994 | CRITICAL | SourceEngine | ALL PROVIDERS FAILED : AMAT
2026-07-02 00:30:52,996 | INFO     | SourceEngine | REQUEST : AMAT
2026-07-02 00:30:53,194 | WARNING  | HealthManager | Provider MASSIVE is unhealthy.
2026-07-02 00:30:53,195 | WARNING  | SourceEngine | MASSIVE OFFLINE
2026-07-02 00:30:54,627 | ERROR    | StatisticsManager | FINNHUB failed after 0.7354s
2026-07-02 00:30:54,628 | WARNING  | SourceEngine | FINNHUB : EMPTY_DATA
2026-07-02 00:30:54,838 | WARNING  | HealthManager | Provider FMP is unhealthy.
2026-07-02 00:30:54,839 | WARNING  | SourceEngine | FMP OFFLINE
2026-07-02 00:30:55,054 | WARNING  | HealthManager | Provider ALPHA_VANTAGE is unhealthy.
2026-07-02 00:30:55,054 | WARNING  | SourceEngine | ALPHA_VANTAGE OFFLINE
2026-07-02 00:30:55,055 | CRITICAL | SourceEngine | ALL PROVIDERS FAILED : AMAT
2026-07-02 00:30:55,056 | INFO     | SourceEngine | REQUEST : MSTR
2026-07-02 00:30:55,255 | WARNING  | HealthManager | Provider MASSIVE is unhealthy.
2026-07-02 00:30:55,256 | WARNING  | SourceEngine | MASSIVE OFFLINE
2026-07-02 00:30:56,606 | ERROR    | StatisticsManager | FINNHUB failed after 0.6576s
2026-07-02 00:30:56,606 | WARNING  | SourceEngine | FINNHUB : EMPTY_DATA
2026-07-02 00:30:56,813 | WARNING  | HealthManager | Provider FMP is unhealthy.
2026-07-02 00:30:56,815 | WARNING  | SourceEngine | FMP OFFLINE
2026-07-02 00:30:57,029 | WARNING  | HealthManager | Provider ALPHA_VANTAGE is unhealthy.
2026-07-02 00:30:57,029 | WARNING  | SourceEngine | ALPHA_VANTAGE OFFLINE
2026-07-02 00:30:57,029 | CRITICAL | SourceEngine | ALL PROVIDERS FAILED : MSTR
2026-07-02 00:30:57,030 | INFO     | SourceEngine | REQUEST : MSTR
2026-07-02 00:30:57,237 | WARNING  | HealthManager | Provider MASSIVE is unhealthy.
2026-07-02 00:30:57,238 | WARNING  | SourceEngine | MASSIVE OFFLINE
2026-07-02 00:30:58,690 | ERROR    | StatisticsManager | FINNHUB failed after 0.6779s
2026-07-02 00:30:58,691 | WARNING  | SourceEngine | FINNHUB : EMPTY_DATA
2026-07-02 00:30:58,917 | WARNING  | HealthManager | Provider FMP is unhealthy.
2026-07-02 00:30:58,918 | WARNING  | SourceEngine | FMP OFFLINE
2026-07-02 00:30:59,127 | WARNING  | HealthManager | Provider ALPHA_VANTAGE is unhealthy.
2026-07-02 00:30:59,131 | WARNING  | SourceEngine | ALPHA_VANTAGE OFFLINE
2026-07-02 00:30:59,132 | CRITICAL | SourceEngine | ALL PROVIDERS FAILED : MSTR
2026-07-02 00:30:59,134 | INFO     | SourceEngine | REQUEST : MSTR
2026-07-02 00:30:59,338 | WARNING  | HealthManager | Provider MASSIVE is unhealthy.
2026-07-02 00:30:59,339 | WARNING  | SourceEngine | MASSIVE OFFLINE
2026-07-02 00:31:00,737 | ERROR    | StatisticsManager | FINNHUB failed after 0.6974s
2026-07-02 00:31:00,738 | WARNING  | SourceEngine | FINNHUB : EMPTY_DATA
2026-07-02 00:31:00,956 | WARNING  | HealthManager | Provider FMP is unhealthy.
2026-07-02 00:31:00,957 | WARNING  | SourceEngine | FMP OFFLINE
2026-07-02 00:31:01,227 | WARNING  | HealthManager | Provider ALPHA_VANTAGE is unhealthy.
2026-07-02 00:31:01,228 | WARNING  | SourceEngine | ALPHA_VANTAGE OFFLINE
2026-07-02 00:31:01,229 | CRITICAL | SourceEngine | ALL PROVIDERS FAILED : MSTR
2026-07-02 00:31:01,230 | INFO     | SourceEngine | REQUEST : ANET
2026-07-02 00:31:01,428 | WARNING  | HealthManager | Provider MASSIVE is unhealthy.
2026-07-02 00:31:01,429 | WARNING  | SourceEngine | MASSIVE OFFLINE
2026-07-02 00:31:02,860 | ERROR    | StatisticsManager | FINNHUB failed after 0.7106s
2026-07-02 00:31:02,861 | WARNING  | SourceEngine | FINNHUB : EMPTY_DATA
2026-07-02 00:31:03,093 | WARNING  | HealthManager | Provider FMP is unhealthy.
2026-07-02 00:31:03,094 | WARNING  | SourceEngine | FMP OFFLINE
2026-07-02 00:31:03,348 | WARNING  | HealthManager | Provider ALPHA_VANTAGE is unhealthy.
2026-07-02 00:31:03,349 | WARNING  | SourceEngine | ALPHA_VANTAGE OFFLINE
2026-07-02 00:31:03,350 | CRITICAL | SourceEngine | ALL PROVIDERS FAILED : ANET
2026-07-02 00:31:03,352 | INFO     | SourceEngine | REQUEST : ANET
2026-07-02 00:31:03,551 | WARNING  | HealthManager | Provider MASSIVE is unhealthy.
2026-07-02 00:31:03,552 | WARNING  | SourceEngine | MASSIVE OFFLINE
2026-07-02 00:31:05,919 | ERROR    | StatisticsManager | FINNHUB failed after 0.7248s
2026-07-02 00:31:05,920 | WARNING  | SourceEngine | FINNHUB : EMPTY_DATA
2026-07-02 00:31:06,133 | WARNING  | HealthManager | Provider FMP is unhealthy.
2026-07-02 00:31:06,134 | WARNING  | SourceEngine | FMP OFFLINE
2026-07-02 00:31:06,366 | WARNING  | HealthManager | Provider ALPHA_VANTAGE is unhealthy.
2026-07-02 00:31:06,367 | WARNING  | SourceEngine | ALPHA_VANTAGE OFFLINE
2026-07-02 00:31:06,368 | CRITICAL | SourceEngine | ALL PROVIDERS FAILED : ANET
2026-07-02 00:31:06,370 | INFO     | SourceEngine | REQUEST : ANET
2026-07-02 00:31:06,580 | WARNING  | HealthManager | Provider MASSIVE is unhealthy.
2026-07-02 00:31:06,581 | WARNING  | SourceEngine | MASSIVE OFFLINE
2026-07-02 00:31:08,221 | ERROR    | StatisticsManager | FINNHUB failed after 0.7145s
2026-07-02 00:31:08,222 | WARNING  | SourceEngine | FINNHUB : EMPTY_DATA
2026-07-02 00:31:08,435 | WARNING  | HealthManager | Provider FMP is unhealthy.
2026-07-02 00:31:08,436 | WARNING  | SourceEngine | FMP OFFLINE
2026-07-02 00:31:08,665 | WARNING  | HealthManager | Provider ALPHA_VANTAGE is unhealthy.
2026-07-02 00:31:08,666 | WARNING  | SourceEngine | ALPHA_VANTAGE OFFLINE
2026-07-02 00:31:08,667 | CRITICAL | SourceEngine | ALL PROVIDERS FAILED : ANET
2026-07-02 00:31:08,668 | INFO     | SourceEngine | REQUEST : SNOW
2026-07-02 00:31:08,873 | WARNING  | HealthManager | Provider MASSIVE is unhealthy.
2026-07-02 00:31:08,874 | WARNING  | SourceEngine | MASSIVE OFFLINE
2026-07-02 00:31:10,346 | ERROR    | StatisticsManager | FINNHUB failed after 0.7530s
2026-07-02 00:31:10,347 | WARNING  | SourceEngine | FINNHUB : EMPTY_DATA
2026-07-02 00:31:10,556 | WARNING  | HealthManager | Provider FMP is unhealthy.
2026-07-02 00:31:10,558 | WARNING  | SourceEngine | FMP OFFLINE
2026-07-02 00:31:10,809 | WARNING  | HealthManager | Provider ALPHA_VANTAGE is unhealthy.
2026-07-02 00:31:10,810 | WARNING  | SourceEngine | ALPHA_VANTAGE OFFLINE
2026-07-02 00:31:10,811 | CRITICAL | SourceEngine | ALL PROVIDERS FAILED : SNOW
2026-07-02 00:31:10,812 | INFO     | SourceEngine | REQUEST : SNOW
2026-07-02 00:31:11,144 | WARNING  | HealthManager | Provider MASSIVE is unhealthy.
2026-07-02 00:31:11,144 | WARNING  | SourceEngine | MASSIVE OFFLINE
2026-07-02 00:31:12,504 | ERROR    | StatisticsManager | FINNHUB failed after 0.6814s
2026-07-02 00:31:12,505 | WARNING  | SourceEngine | FINNHUB : EMPTY_DATA
2026-07-02 00:31:12,730 | WARNING  | HealthManager | Provider FMP is unhealthy.
2026-07-02 00:31:12,731 | WARNING  | SourceEngine | FMP OFFLINE
2026-07-02 00:31:12,961 | WARNING  | HealthManager | Provider ALPHA_VANTAGE is unhealthy.
2026-07-02 00:31:12,962 | WARNING  | SourceEngine | ALPHA_VANTAGE OFFLINE
2026-07-02 00:31:12,963 | CRITICAL | SourceEngine | ALL PROVIDERS FAILED : SNOW
2026-07-02 00:31:12,964 | INFO     | SourceEngine | REQUEST : SNOW
2026-07-02 00:31:13,167 | WARNING  | HealthManager | Provider MASSIVE is unhealthy.
2026-07-02 00:31:13,168 | WARNING  | SourceEngine | MASSIVE OFFLINE
2026-07-02 00:31:14,610 | ERROR    | StatisticsManager | FINNHUB failed after 0.7367s
2026-07-02 00:31:14,611 | WARNING  | SourceEngine | FINNHUB : EMPTY_DATA
2026-07-02 00:31:14,829 | WARNING  | HealthManager | Provider FMP is unhealthy.
2026-07-02 00:31:14,830 | WARNING  | SourceEngine | FMP OFFLINE
2026-07-02 00:31:16,025 | WARNING  | HealthManager | Provider ALPHA_VANTAGE is unhealthy.
2026-07-02 00:31:16,026 | WARNING  | SourceEngine | ALPHA_VANTAGE OFFLINE
2026-07-02 00:31:16,027 | CRITICAL | SourceEngine | ALL PROVIDERS FAILED : SNOW
2026-07-02 00:31:16,028 | INFO     | SourceEngine | REQUEST : MDB
2026-07-02 00:31:16,234 | WARNING  | HealthManager | Provider MASSIVE is unhealthy.
2026-07-02 00:31:16,235 | WARNING  | SourceEngine | MASSIVE OFFLINE
2026-07-02 00:31:17,602 | ERROR    | StatisticsManager | FINNHUB failed after 0.6798s
2026-07-02 00:31:17,603 | WARNING  | SourceEngine | FINNHUB : EMPTY_DATA
2026-07-02 00:31:17,854 | WARNING  | HealthManager | Provider FMP is unhealthy.
2026-07-02 00:31:17,856 | WARNING  | SourceEngine | FMP OFFLINE
2026-07-02 00:31:18,380 | WARNING  | HealthManager | Provider ALPHA_VANTAGE is unhealthy.
2026-07-02 00:31:18,381 | WARNING  | SourceEngine | ALPHA_VANTAGE OFFLINE
2026-07-02 00:31:18,382 | CRITICAL | SourceEngine | ALL PROVIDERS FAILED : MDB
2026-07-02 00:31:18,384 | INFO     | SourceEngine | REQUEST : MDB
2026-07-02 00:31:18,583 | WARNING  | HealthManager | Provider MASSIVE is unhealthy.
2026-07-02 00:31:18,585 | WARNING  | SourceEngine | MASSIVE OFFLINE
2026-07-02 00:31:19,983 | ERROR    | StatisticsManager | FINNHUB failed after 0.7015s
2026-07-02 00:31:19,983 | WARNING  | SourceEngine | FINNHUB : EMPTY_DATA
2026-07-02 00:31:20,195 | WARNING  | HealthManager | Provider FMP is unhealthy.
2026-07-02 00:31:20,196 | WARNING  | SourceEngine | FMP OFFLINE
2026-07-02 00:31:20,414 | WARNING  | HealthManager | Provider ALPHA_VANTAGE is unhealthy.
2026-07-02 00:31:20,415 | WARNING  | SourceEngine | ALPHA_VANTAGE OFFLINE
2026-07-02 00:31:20,416 | CRITICAL | SourceEngine | ALL PROVIDERS FAILED : MDB
2026-07-02 00:31:20,417 | INFO     | SourceEngine | REQUEST : MDB
2026-07-02 00:31:20,619 | WARNING  | HealthManager | Provider MASSIVE is unhealthy.
2026-07-02 00:31:20,620 | WARNING  | SourceEngine | MASSIVE OFFLINE
2026-07-02 00:31:21,969 | ERROR    | StatisticsManager | FINNHUB failed after 0.6803s
2026-07-02 00:31:21,971 | WARNING  | SourceEngine | FINNHUB : EMPTY_DATA
2026-07-02 00:31:22,186 | WARNING  | HealthManager | Provider FMP is unhealthy.
2026-07-02 00:31:22,187 | WARNING  | SourceEngine | FMP OFFLINE
2026-07-02 00:31:22,406 | WARNING  | HealthManager | Provider ALPHA_VANTAGE is unhealthy.
2026-07-02 00:31:22,407 | WARNING  | SourceEngine | ALPHA_VANTAGE OFFLINE
2026-07-02 00:31:22,408 | CRITICAL | SourceEngine | ALL PROVIDERS FAILED : MDB
2026-07-02 00:31:22,408 | INFO     | SourceEngine | REQUEST : DDOG
2026-07-02 00:31:22,605 | WARNING  | HealthManager | Provider MASSIVE is unhealthy.
2026-07-02 00:31:22,606 | WARNING  | SourceEngine | MASSIVE OFFLINE
2026-07-02 00:31:23,966 | ERROR    | StatisticsManager | FINNHUB failed after 0.6854s
2026-07-02 00:31:23,967 | WARNING  | SourceEngine | FINNHUB : EMPTY_DATA
2026-07-02 00:31:24,179 | WARNING  | HealthManager | Provider FMP is unhealthy.
2026-07-02 00:31:24,180 | WARNING  | SourceEngine | FMP OFFLINE
2026-07-02 00:31:24,399 | WARNING  | HealthManager | Provider ALPHA_VANTAGE is unhealthy.
2026-07-02 00:31:24,400 | WARNING  | SourceEngine | ALPHA_VANTAGE OFFLINE
2026-07-02 00:31:24,400 | CRITICAL | SourceEngine | ALL PROVIDERS FAILED : DDOG
2026-07-02 00:31:24,402 | INFO     | SourceEngine | REQUEST : DDOG
2026-07-02 00:31:24,601 | WARNING  | HealthManager | Provider MASSIVE is unhealthy.
2026-07-02 00:31:24,602 | WARNING  | SourceEngine | MASSIVE OFFLINE
2026-07-02 00:31:27,154 | ERROR    | StatisticsManager | FINNHUB failed after 1.2855s
2026-07-02 00:31:27,155 | WARNING  | SourceEngine | FINNHUB : EMPTY_DATA
2026-07-02 00:31:27,374 | WARNING  | HealthManager | Provider FMP is unhealthy.
2026-07-02 00:31:27,375 | WARNING  | SourceEngine | FMP OFFLINE
2026-07-02 00:31:27,600 | WARNING  | HealthManager | Provider ALPHA_VANTAGE is unhealthy.
2026-07-02 00:31:27,601 | WARNING  | SourceEngine | ALPHA_VANTAGE OFFLINE
2026-07-02 00:31:27,602 | CRITICAL | SourceEngine | ALL PROVIDERS FAILED : DDOG
2026-07-02 00:31:27,603 | INFO     | SourceEngine | REQUEST : DDOG
2026-07-02 00:31:27,798 | WARNING  | HealthManager | Provider MASSIVE is unhealthy.
2026-07-02 00:31:27,799 | WARNING  | SourceEngine | MASSIVE OFFLINE
2026-07-02 00:31:39,453 | ERROR    | StatisticsManager | FINNHUB failed after 7.8365s
2026-07-02 00:31:39,454 | WARNING  | SourceEngine | FINNHUB : EMPTY_DATA
2026-07-02 00:31:39,656 | WARNING  | HealthManager | Provider FMP is unhealthy.
2026-07-02 00:31:39,657 | WARNING  | SourceEngine | FMP OFFLINE
2026-07-02 00:31:39,913 | WARNING  | HealthManager | Provider ALPHA_VANTAGE is unhealthy.
2026-07-02 00:31:39,914 | WARNING  | SourceEngine | ALPHA_VANTAGE OFFLINE
2026-07-02 00:31:39,914 | CRITICAL | SourceEngine | ALL PROVIDERS FAILED : DDOG
2026-07-02 00:31:39,914 | INFO     | SourceEngine | REQUEST : NET
2026-07-02 00:31:40,106 | WARNING  | HealthManager | Provider MASSIVE is unhealthy.
2026-07-02 00:31:40,107 | WARNING  | SourceEngine | MASSIVE OFFLINE
2026-07-02 00:31:42,028 | ERROR    | StatisticsManager | FINNHUB failed after 1.2435s
2026-07-02 00:31:42,029 | WARNING  | SourceEngine | FINNHUB : EMPTY_DATA
2026-07-02 00:31:42,244 | WARNING  | HealthManager | Provider FMP is unhealthy.
2026-07-02 00:31:42,245 | WARNING  | SourceEngine | FMP OFFLINE
2026-07-02 00:31:42,497 | WARNING  | HealthManager | Provider ALPHA_VANTAGE is unhealthy.
2026-07-02 00:31:42,498 | WARNING  | SourceEngine | ALPHA_VANTAGE OFFLINE
2026-07-02 00:31:42,498 | CRITICAL | SourceEngine | ALL PROVIDERS FAILED : NET
2026-07-02 00:31:42,500 | INFO     | SourceEngine | REQUEST : NET
2026-07-02 00:31:42,699 | WARNING  | HealthManager | Provider MASSIVE is unhealthy.
2026-07-02 00:31:42,701 | WARNING  | SourceEngine | MASSIVE OFFLINE
2026-07-02 00:31:44,075 | ERROR    | StatisticsManager | FINNHUB failed after 0.6766s
2026-07-02 00:31:44,076 | WARNING  | SourceEngine | FINNHUB : EMPTY_DATA
2026-07-02 00:31:44,303 | WARNING  | HealthManager | Provider FMP is unhealthy.
2026-07-02 00:31:44,304 | WARNING  | SourceEngine | FMP OFFLINE
2026-07-02 00:31:44,572 | WARNING  | HealthManager | Provider ALPHA_VANTAGE is unhealthy.
2026-07-02 00:31:44,572 | WARNING  | SourceEngine | ALPHA_VANTAGE OFFLINE
2026-07-02 00:31:44,573 | CRITICAL | SourceEngine | ALL PROVIDERS FAILED : NET
2026-07-02 00:31:44,575 | INFO     | SourceEngine | REQUEST : NET
2026-07-02 00:31:44,770 | WARNING  | HealthManager | Provider MASSIVE is unhealthy.
2026-07-02 00:31:44,771 | WARNING  | SourceEngine | MASSIVE OFFLINE
2026-07-02 00:31:46,133 | ERROR    | StatisticsManager | FINNHUB failed after 0.6759s
2026-07-02 00:31:46,133 | WARNING  | SourceEngine | FINNHUB : EMPTY_DATA
2026-07-02 00:31:46,369 | WARNING  | HealthManager | Provider FMP is unhealthy.
2026-07-02 00:31:46,370 | WARNING  | SourceEngine | FMP OFFLINE
2026-07-02 00:31:46,630 | WARNING  | HealthManager | Provider ALPHA_VANTAGE is unhealthy.
2026-07-02 00:31:46,631 | WARNING  | SourceEngine | ALPHA_VANTAGE OFFLINE
2026-07-02 00:31:46,632 | CRITICAL | SourceEngine | ALL PROVIDERS FAILED : NET
2026-07-02 00:31:46,634 | INFO     | SourceEngine | REQUEST : QCOM
2026-07-02 00:31:46,850 | WARNING  | HealthManager | Provider MASSIVE is unhealthy.
2026-07-02 00:31:46,851 | WARNING  | SourceEngine | MASSIVE OFFLINE
2026-07-02 00:31:48,201 | ERROR    | StatisticsManager | FINNHUB failed after 0.6717s
2026-07-02 00:31:48,202 | WARNING  | SourceEngine | FINNHUB : EMPTY_DATA
2026-07-02 00:31:48,462 | WARNING  | HealthManager | Provider FMP is unhealthy.
2026-07-02 00:31:48,463 | WARNING  | SourceEngine | FMP OFFLINE
2026-07-02 00:31:48,739 | WARNING  | HealthManager | Provider ALPHA_VANTAGE is unhealthy.
2026-07-02 00:31:48,741 | WARNING  | SourceEngine | ALPHA_VANTAGE OFFLINE
2026-07-02 00:31:48,742 | CRITICAL | SourceEngine | ALL PROVIDERS FAILED : QCOM
2026-07-02 00:31:48,744 | INFO     | SourceEngine | REQUEST : QCOM
2026-07-02 00:31:48,949 | WARNING  | HealthManager | Provider MASSIVE is unhealthy.
2026-07-02 00:31:48,950 | WARNING  | SourceEngine | MASSIVE OFFLINE
2026-07-02 00:31:50,358 | ERROR    | StatisticsManager | FINNHUB failed after 0.7180s
2026-07-02 00:31:50,360 | WARNING  | SourceEngine | FINNHUB : EMPTY_DATA
2026-07-02 00:31:50,568 | WARNING  | HealthManager | Provider FMP is unhealthy.
2026-07-02 00:31:50,569 | WARNING  | SourceEngine | FMP OFFLINE
2026-07-02 00:31:50,823 | WARNING  | HealthManager | Provider ALPHA_VANTAGE is unhealthy.
2026-07-02 00:31:50,823 | WARNING  | SourceEngine | ALPHA_VANTAGE OFFLINE
2026-07-02 00:31:50,824 | CRITICAL | SourceEngine | ALL PROVIDERS FAILED : QCOM
2026-07-02 00:31:50,824 | INFO     | SourceEngine | REQUEST : QCOM
2026-07-02 00:31:51,021 | WARNING  | HealthManager | Provider MASSIVE is unhealthy.
2026-07-02 00:31:51,021 | WARNING  | SourceEngine | MASSIVE OFFLINE
2026-07-02 00:31:52,345 | ERROR    | StatisticsManager | FINNHUB failed after 0.6673s
2026-07-02 00:31:52,346 | WARNING  | SourceEngine | FINNHUB : EMPTY_DATA
2026-07-02 00:31:52,607 | WARNING  | HealthManager | Provider FMP is unhealthy.
2026-07-02 00:31:52,618 | WARNING  | SourceEngine | FMP OFFLINE
2026-07-02 00:31:52,863 | WARNING  | HealthManager | Provider ALPHA_VANTAGE is unhealthy.
2026-07-02 00:31:52,864 | WARNING  | SourceEngine | ALPHA_VANTAGE OFFLINE
2026-07-02 00:31:52,864 | CRITICAL | SourceEngine | ALL PROVIDERS FAILED : QCOM
2026-07-02 00:31:52,865 | INFO     | SourceEngine | REQUEST : ASML
2026-07-02 00:31:53,129 | WARNING  | HealthManager | Provider MASSIVE is unhealthy.
2026-07-02 00:31:53,130 | WARNING  | SourceEngine | MASSIVE OFFLINE
2026-07-02 00:31:54,503 | ERROR    | StatisticsManager | FINNHUB failed after 0.7010s
2026-07-02 00:31:54,504 | WARNING  | SourceEngine | FINNHUB : EMPTY_DATA
2026-07-02 00:31:54,719 | WARNING  | HealthManager | Provider FMP is unhealthy.
2026-07-02 00:31:54,721 | WARNING  | SourceEngine | FMP OFFLINE
2026-07-02 00:31:54,985 | WARNING  | HealthManager | Provider ALPHA_VANTAGE is unhealthy.
2026-07-02 00:31:54,986 | WARNING  | SourceEngine | ALPHA_VANTAGE OFFLINE
2026-07-02 00:31:54,987 | CRITICAL | SourceEngine | ALL PROVIDERS FAILED : ASML
2026-07-02 00:31:55,000 | INFO     | SourceEngine | REQUEST : ASML
2026-07-02 00:31:55,246 | WARNING  | HealthManager | Provider MASSIVE is unhealthy.
2026-07-02 00:31:55,247 | WARNING  | SourceEngine | MASSIVE OFFLINE
2026-07-02 00:31:56,678 | ERROR    | StatisticsManager | FINNHUB failed after 0.6905s
2026-07-02 00:31:56,679 | WARNING  | SourceEngine | FINNHUB : EMPTY_DATA
2026-07-02 00:31:56,956 | WARNING  | HealthManager | Provider FMP is unhealthy.
2026-07-02 00:31:56,957 | WARNING  | SourceEngine | FMP OFFLINE
2026-07-02 00:31:57,219 | WARNING  | HealthManager | Provider ALPHA_VANTAGE is unhealthy.
2026-07-02 00:31:57,219 | WARNING  | SourceEngine | ALPHA_VANTAGE OFFLINE
2026-07-02 00:31:57,220 | CRITICAL | SourceEngine | ALL PROVIDERS FAILED : ASML
2026-07-02 00:31:57,220 | INFO     | SourceEngine | REQUEST : ASML
2026-07-02 00:31:57,416 | WARNING  | HealthManager | Provider MASSIVE is unhealthy.
2026-07-02 00:31:57,417 | WARNING  | SourceEngine | MASSIVE OFFLINE
2026-07-02 00:31:58,771 | ERROR    | StatisticsManager | FINNHUB failed after 0.6803s
2026-07-02 00:31:58,772 | WARNING  | SourceEngine | FINNHUB : EMPTY_DATA
2026-07-02 00:31:59,004 | WARNING  | HealthManager | Provider FMP is unhealthy.
2026-07-02 00:31:59,005 | WARNING  | SourceEngine | FMP OFFLINE
2026-07-02 00:31:59,710 | WARNING  | HealthManager | Provider ALPHA_VANTAGE is unhealthy.
2026-07-02 00:31:59,711 | WARNING  | SourceEngine | ALPHA_VANTAGE OFFLINE
2026-07-02 00:31:59,711 | CRITICAL | SourceEngine | ALL PROVIDERS FAILED : ASML
2026-07-02 00:31:59,712 | INFO     | SourceEngine | REQUEST : ZS
2026-07-02 00:31:59,909 | WARNING  | HealthManager | Provider MASSIVE is unhealthy.
2026-07-02 00:31:59,911 | WARNING  | SourceEngine | MASSIVE OFFLINE
2026-07-02 00:32:01,248 | ERROR    | StatisticsManager | FINNHUB failed after 0.6618s
2026-07-02 00:32:01,249 | WARNING  | SourceEngine | FINNHUB : EMPTY_DATA
2026-07-02 00:32:01,587 | WARNING  | HealthManager | Provider FMP is unhealthy.
2026-07-02 00:32:01,588 | WARNING  | SourceEngine | FMP OFFLINE
2026-07-02 00:32:01,868 | WARNING  | HealthManager | Provider ALPHA_VANTAGE is unhealthy.
2026-07-02 00:32:01,869 | WARNING  | SourceEngine | ALPHA_VANTAGE OFFLINE
2026-07-02 00:32:01,869 | CRITICAL | SourceEngine | ALL PROVIDERS FAILED : ZS
2026-07-02 00:32:01,871 | INFO     | SourceEngine | REQUEST : ZS
2026-07-02 00:32:02,073 | WARNING  | HealthManager | Provider MASSIVE is unhealthy.
2026-07-02 00:32:02,077 | WARNING  | SourceEngine | MASSIVE OFFLINE
2026-07-02 00:32:04,034 | ERROR    | StatisticsManager | FINNHUB failed after 1.2998s
2026-07-02 00:32:04,074 | WARNING  | SourceEngine | FINNHUB : EMPTY_DATA
2026-07-02 00:32:04,292 | WARNING  | HealthManager | Provider FMP is unhealthy.
2026-07-02 00:32:04,308 | WARNING  | SourceEngine | FMP OFFLINE
2026-07-02 00:32:04,583 | WARNING  | HealthManager | Provider ALPHA_VANTAGE is unhealthy.
2026-07-02 00:32:04,584 | WARNING  | SourceEngine | ALPHA_VANTAGE OFFLINE
2026-07-02 00:32:04,585 | CRITICAL | SourceEngine | ALL PROVIDERS FAILED : ZS
2026-07-02 00:32:04,586 | INFO     | SourceEngine | REQUEST : ZS
2026-07-02 00:32:04,789 | WARNING  | HealthManager | Provider MASSIVE is unhealthy.
2026-07-02 00:32:04,790 | WARNING  | SourceEngine | MASSIVE OFFLINE
2026-07-02 00:32:06,117 | ERROR    | StatisticsManager | FINNHUB failed after 0.6489s
2026-07-02 00:32:06,118 | WARNING  | SourceEngine | FINNHUB : EMPTY_DATA
2026-07-02 00:32:06,339 | WARNING  | HealthManager | Provider FMP is unhealthy.
2026-07-02 00:32:06,340 | WARNING  | SourceEngine | FMP OFFLINE
2026-07-02 00:32:06,641 | WARNING  | HealthManager | Provider ALPHA_VANTAGE is unhealthy.
2026-07-02 00:32:06,642 | WARNING  | SourceEngine | ALPHA_VANTAGE OFFLINE
2026-07-02 00:32:06,643 | CRITICAL | SourceEngine | ALL PROVIDERS FAILED : ZS
2026-07-02 00:32:06,644 | INFO     | SourceEngine | REQUEST : WMT
2026-07-02 00:32:06,845 | WARNING  | HealthManager | Provider MASSIVE is unhealthy.
2026-07-02 00:32:06,846 | WARNING  | SourceEngine | MASSIVE OFFLINE
2026-07-02 00:32:08,187 | ERROR    | StatisticsManager | FINNHUB failed after 0.6513s
2026-07-02 00:32:08,188 | WARNING  | SourceEngine | FINNHUB : EMPTY_DATA
2026-07-02 00:32:08,400 | WARNING  | HealthManager | Provider FMP is unhealthy.
2026-07-02 00:32:08,401 | WARNING  | SourceEngine | FMP OFFLINE
2026-07-02 00:32:08,677 | WARNING  | HealthManager | Provider ALPHA_VANTAGE is unhealthy.
2026-07-02 00:32:08,678 | WARNING  | SourceEngine | ALPHA_VANTAGE OFFLINE
2026-07-02 00:32:08,679 | CRITICAL | SourceEngine | ALL PROVIDERS FAILED : WMT
2026-07-02 00:32:08,680 | INFO     | SourceEngine | REQUEST : WMT
2026-07-02 00:32:08,877 | WARNING  | HealthManager | Provider MASSIVE is unhealthy.
2026-07-02 00:32:08,877 | WARNING  | SourceEngine | MASSIVE OFFLINE
2026-07-02 00:32:10,233 | ERROR    | StatisticsManager | FINNHUB failed after 0.6744s
2026-07-02 00:32:10,234 | WARNING  | SourceEngine | FINNHUB : EMPTY_DATA
2026-07-02 00:32:10,443 | WARNING  | HealthManager | Provider FMP is unhealthy.
2026-07-02 00:32:10,444 | WARNING  | SourceEngine | FMP OFFLINE
2026-07-02 00:32:10,757 | WARNING  | HealthManager | Provider ALPHA_VANTAGE is unhealthy.
2026-07-02 00:32:10,758 | WARNING  | SourceEngine | ALPHA_VANTAGE OFFLINE
2026-07-02 00:32:10,759 | CRITICAL | SourceEngine | ALL PROVIDERS FAILED : WMT
2026-07-02 00:32:10,761 | INFO     | SourceEngine | REQUEST : WMT
2026-07-02 00:32:11,035 | WARNING  | HealthManager | Provider MASSIVE is unhealthy.
2026-07-02 00:32:11,036 | WARNING  | SourceEngine | MASSIVE OFFLINE
2026-07-02 00:32:12,518 | ERROR    | StatisticsManager | FINNHUB failed after 0.8022s
2026-07-02 00:32:12,519 | WARNING  | SourceEngine | FINNHUB : EMPTY_DATA
2026-07-02 00:32:12,853 | WARNING  | HealthManager | Provider FMP is unhealthy.
2026-07-02 00:32:12,854 | WARNING  | SourceEngine | FMP OFFLINE
2026-07-02 00:32:13,151 | WARNING  | HealthManager | Provider ALPHA_VANTAGE is unhealthy.
2026-07-02 00:32:13,152 | WARNING  | SourceEngine | ALPHA_VANTAGE OFFLINE
2026-07-02 00:32:13,153 | CRITICAL | SourceEngine | ALL PROVIDERS FAILED : WMT
2026-07-02 00:32:13,154 | INFO     | SourceEngine | REQUEST : HD
2026-07-02 00:32:13,385 | WARNING  | HealthManager | Provider MASSIVE is unhealthy.
2026-07-02 00:32:13,386 | WARNING  | SourceEngine | MASSIVE OFFLINE
2026-07-02 00:32:14,767 | ERROR    | StatisticsManager | FINNHUB failed after 0.6897s
2026-07-02 00:32:14,767 | WARNING  | SourceEngine | FINNHUB : EMPTY_DATA
2026-07-02 00:32:14,980 | WARNING  | HealthManager | Provider FMP is unhealthy.
2026-07-02 00:32:14,981 | WARNING  | SourceEngine | FMP OFFLINE
2026-07-02 00:32:15,254 | WARNING  | HealthManager | Provider ALPHA_VANTAGE is unhealthy.
2026-07-02 00:32:15,255 | WARNING  | SourceEngine | ALPHA_VANTAGE OFFLINE
2026-07-02 00:32:15,256 | CRITICAL | SourceEngine | ALL PROVIDERS FAILED : HD
2026-07-02 00:32:15,257 | INFO     | SourceEngine | REQUEST : HD
2026-07-02 00:32:15,458 | WARNING  | HealthManager | Provider MASSIVE is unhealthy.
2026-07-02 00:32:15,459 | WARNING  | SourceEngine | MASSIVE OFFLINE
2026-07-02 00:32:16,791 | ERROR    | StatisticsManager | FINNHUB failed after 0.6818s
2026-07-02 00:32:16,792 | WARNING  | SourceEngine | FINNHUB : EMPTY_DATA
2026-07-02 00:32:17,005 | WARNING  | HealthManager | Provider FMP is unhealthy.
2026-07-02 00:32:17,006 | WARNING  | SourceEngine | FMP OFFLINE
2026-07-02 00:32:17,304 | WARNING  | HealthManager | Provider ALPHA_VANTAGE is unhealthy.
2026-07-02 00:32:17,305 | WARNING  | SourceEngine | ALPHA_VANTAGE OFFLINE
2026-07-02 00:32:17,305 | CRITICAL | SourceEngine | ALL PROVIDERS FAILED : HD
2026-07-02 00:32:17,306 | INFO     | SourceEngine | REQUEST : HD
2026-07-02 00:32:17,522 | WARNING  | HealthManager | Provider MASSIVE is unhealthy.
2026-07-02 00:32:17,523 | WARNING  | SourceEngine | MASSIVE OFFLINE
2026-07-02 00:32:18,872 | ERROR    | StatisticsManager | FINNHUB failed after 0.6819s
2026-07-02 00:32:18,873 | WARNING  | SourceEngine | FINNHUB : EMPTY_DATA
2026-07-02 00:32:19,085 | WARNING  | HealthManager | Provider FMP is unhealthy.
2026-07-02 00:32:19,087 | WARNING  | SourceEngine | FMP OFFLINE
2026-07-02 00:32:19,348 | WARNING  | HealthManager | Provider ALPHA_VANTAGE is unhealthy.
2026-07-02 00:32:19,349 | WARNING  | SourceEngine | ALPHA_VANTAGE OFFLINE
2026-07-02 00:32:19,350 | CRITICAL | SourceEngine | ALL PROVIDERS FAILED : HD
2026-07-02 00:32:19,355 | INFO     | SourceEngine | REQUEST : JPM
2026-07-02 00:32:19,572 | WARNING  | HealthManager | Provider MASSIVE is unhealthy.
2026-07-02 00:32:19,574 | WARNING  | SourceEngine | MASSIVE OFFLINE
2026-07-02 00:32:20,919 | ERROR    | StatisticsManager | FINNHUB failed after 0.6672s
2026-07-02 00:32:20,920 | WARNING  | SourceEngine | FINNHUB : EMPTY_DATA
2026-07-02 00:32:21,141 | WARNING  | HealthManager | Provider FMP is unhealthy.
2026-07-02 00:32:21,144 | WARNING  | SourceEngine | FMP OFFLINE
2026-07-02 00:32:21,448 | WARNING  | HealthManager | Provider ALPHA_VANTAGE is unhealthy.
2026-07-02 00:32:21,449 | WARNING  | SourceEngine | ALPHA_VANTAGE OFFLINE
2026-07-02 00:32:21,450 | CRITICAL | SourceEngine | ALL PROVIDERS FAILED : JPM
2026-07-02 00:32:21,451 | INFO     | SourceEngine | REQUEST : JPM
2026-07-02 00:32:21,649 | WARNING  | HealthManager | Provider MASSIVE is unhealthy.
2026-07-02 00:32:21,783 | WARNING  | SourceEngine | MASSIVE OFFLINE
2026-07-02 00:32:23,691 | ERROR    | StatisticsManager | FINNHUB failed after 1.2527s
2026-07-02 00:32:23,692 | WARNING  | SourceEngine | FINNHUB : EMPTY_DATA
2026-07-02 00:32:23,900 | WARNING  | HealthManager | Provider FMP is unhealthy.
2026-07-02 00:32:23,901 | WARNING  | SourceEngine | FMP OFFLINE
2026-07-02 00:32:24,239 | WARNING  | HealthManager | Provider ALPHA_VANTAGE is unhealthy.
2026-07-02 00:32:24,241 | WARNING  | SourceEngine | ALPHA_VANTAGE OFFLINE
2026-07-02 00:32:24,241 | CRITICAL | SourceEngine | ALL PROVIDERS FAILED : JPM
2026-07-02 00:32:24,243 | INFO     | SourceEngine | REQUEST : JPM
2026-07-02 00:32:24,440 | WARNING  | HealthManager | Provider MASSIVE is unhealthy.
2026-07-02 00:32:24,441 | WARNING  | SourceEngine | MASSIVE OFFLINE
2026-07-02 00:32:25,780 | ERROR    | StatisticsManager | FINNHUB failed after 0.6509s
2026-07-02 00:32:25,781 | WARNING  | SourceEngine | FINNHUB : EMPTY_DATA
2026-07-02 00:32:25,987 | WARNING  | HealthManager | Provider FMP is unhealthy.
2026-07-02 00:32:25,988 | WARNING  | SourceEngine | FMP OFFLINE
2026-07-02 00:32:26,257 | WARNING  | HealthManager | Provider ALPHA_VANTAGE is unhealthy.
2026-07-02 00:32:26,258 | WARNING  | SourceEngine | ALPHA_VANTAGE OFFLINE
2026-07-02 00:32:26,259 | CRITICAL | SourceEngine | ALL PROVIDERS FAILED : JPM
2026-07-02 00:32:26,260 | INFO     | SourceEngine | REQUEST : GS
2026-07-02 00:32:26,736 | WARNING  | HealthManager | Provider MASSIVE is unhealthy.
2026-07-02 00:32:26,737 | WARNING  | SourceEngine | MASSIVE OFFLINE
2026-07-02 00:32:28,121 | ERROR    | StatisticsManager | FINNHUB failed after 0.6892s
2026-07-02 00:32:28,122 | WARNING  | SourceEngine | FINNHUB : EMPTY_DATA
2026-07-02 00:32:28,339 | WARNING  | HealthManager | Provider FMP is unhealthy.
2026-07-02 00:32:28,339 | WARNING  | SourceEngine | FMP OFFLINE
2026-07-02 00:32:28,589 | WARNING  | HealthManager | Provider ALPHA_VANTAGE is unhealthy.
2026-07-02 00:32:28,590 | WARNING  | SourceEngine | ALPHA_VANTAGE OFFLINE
2026-07-02 00:32:28,590 | CRITICAL | SourceEngine | ALL PROVIDERS FAILED : GS
2026-07-02 00:32:28,591 | INFO     | SourceEngine | REQUEST : GS
2026-07-02 00:32:28,801 | WARNING  | HealthManager | Provider MASSIVE is unhealthy.
2026-07-02 00:32:28,802 | WARNING  | SourceEngine | MASSIVE OFFLINE
2026-07-02 00:32:30,208 | ERROR    | StatisticsManager | FINNHUB failed after 0.7001s
2026-07-02 00:32:30,209 | WARNING  | SourceEngine | FINNHUB : EMPTY_DATA
2026-07-02 00:32:30,427 | WARNING  | HealthManager | Provider FMP is unhealthy.
2026-07-02 00:32:30,429 | WARNING  | SourceEngine | FMP OFFLINE
2026-07-02 00:32:30,701 | WARNING  | HealthManager | Provider ALPHA_VANTAGE is unhealthy.
2026-07-02 00:32:30,702 | WARNING  | SourceEngine | ALPHA_VANTAGE OFFLINE
2026-07-02 00:32:30,703 | CRITICAL | SourceEngine | ALL PROVIDERS FAILED : GS
2026-07-02 00:32:30,704 | INFO     | SourceEngine | REQUEST : GS
2026-07-02 00:32:30,911 | WARNING  | HealthManager | Provider MASSIVE is unhealthy.
2026-07-02 00:32:30,912 | WARNING  | SourceEngine | MASSIVE OFFLINE
2026-07-02 00:32:32,218 | ERROR    | StatisticsManager | FINNHUB failed after 0.6471s
2026-07-02 00:32:32,219 | WARNING  | SourceEngine | FINNHUB : EMPTY_DATA
2026-07-02 00:32:32,440 | WARNING  | HealthManager | Provider FMP is unhealthy.
2026-07-02 00:32:32,442 | WARNING  | SourceEngine | FMP OFFLINE
2026-07-02 00:32:32,710 | WARNING  | HealthManager | Provider ALPHA_VANTAGE is unhealthy.
2026-07-02 00:32:32,711 | WARNING  | SourceEngine | ALPHA_VANTAGE OFFLINE
2026-07-02 00:32:32,712 | CRITICAL | SourceEngine | ALL PROVIDERS FAILED : GS
2026-07-02 00:32:32,713 | INFO     | SourceEngine | REQUEST : V
2026-07-02 00:32:32,942 | WARNING  | HealthManager | Provider MASSIVE is unhealthy.
2026-07-02 00:32:32,944 | WARNING  | SourceEngine | MASSIVE OFFLINE
2026-07-02 00:32:34,308 | ERROR    | StatisticsManager | FINNHUB failed after 0.6914s
2026-07-02 00:32:34,309 | WARNING  | SourceEngine | FINNHUB : EMPTY_DATA
2026-07-02 00:32:34,523 | WARNING  | HealthManager | Provider FMP is unhealthy.
2026-07-02 00:32:34,524 | WARNING  | SourceEngine | FMP OFFLINE
2026-07-02 00:32:34,796 | WARNING  | HealthManager | Provider ALPHA_VANTAGE is unhealthy.
2026-07-02 00:32:34,797 | WARNING  | SourceEngine | ALPHA_VANTAGE OFFLINE
2026-07-02 00:32:34,798 | CRITICAL | SourceEngine | ALL PROVIDERS FAILED : V
2026-07-02 00:32:34,800 | INFO     | SourceEngine | REQUEST : V
2026-07-02 00:32:35,010 | WARNING  | HealthManager | Provider MASSIVE is unhealthy.
2026-07-02 00:32:35,012 | WARNING  | SourceEngine | MASSIVE OFFLINE
2026-07-02 00:32:36,358 | ERROR    | StatisticsManager | FINNHUB failed after 0.6827s
2026-07-02 00:32:36,359 | WARNING  | SourceEngine | FINNHUB : EMPTY_DATA
2026-07-02 00:32:36,639 | WARNING  | HealthManager | Provider FMP is unhealthy.
2026-07-02 00:32:36,640 | WARNING  | SourceEngine | FMP OFFLINE
2026-07-02 00:32:36,926 | WARNING  | HealthManager | Provider ALPHA_VANTAGE is unhealthy.
2026-07-02 00:32:36,927 | WARNING  | SourceEngine | ALPHA_VANTAGE OFFLINE
2026-07-02 00:32:36,928 | CRITICAL | SourceEngine | ALL PROVIDERS FAILED : V
2026-07-02 00:32:36,929 | INFO     | SourceEngine | REQUEST : V
2026-07-02 00:32:37,131 | WARNING  | HealthManager | Provider MASSIVE is unhealthy.
2026-07-02 00:32:37,132 | WARNING  | SourceEngine | MASSIVE OFFLINE
2026-07-02 00:32:38,464 | ERROR    | StatisticsManager | FINNHUB failed after 0.6667s
2026-07-02 00:32:38,465 | WARNING  | SourceEngine | FINNHUB : EMPTY_DATA
2026-07-02 00:32:38,684 | WARNING  | HealthManager | Provider FMP is unhealthy.
2026-07-02 00:32:38,685 | WARNING  | SourceEngine | FMP OFFLINE
2026-07-02 00:32:38,980 | WARNING  | HealthManager | Provider ALPHA_VANTAGE is unhealthy.
2026-07-02 00:32:38,981 | WARNING  | SourceEngine | ALPHA_VANTAGE OFFLINE
2026-07-02 00:32:38,982 | CRITICAL | SourceEngine | ALL PROVIDERS FAILED : V
2026-07-02 00:32:38,983 | INFO     | SourceEngine | REQUEST : MA
2026-07-02 00:32:39,190 | WARNING  | HealthManager | Provider MASSIVE is unhealthy.
2026-07-02 00:32:39,191 | WARNING  | SourceEngine | MASSIVE OFFLINE
2026-07-02 00:32:40,675 | ERROR    | StatisticsManager | FINNHUB failed after 0.7945s
2026-07-02 00:32:40,676 | WARNING  | SourceEngine | FINNHUB : EMPTY_DATA
2026-07-02 00:32:40,896 | WARNING  | HealthManager | Provider FMP is unhealthy.
2026-07-02 00:32:40,898 | WARNING  | SourceEngine | FMP OFFLINE
2026-07-02 00:32:41,199 | WARNING  | HealthManager | Provider ALPHA_VANTAGE is unhealthy.
2026-07-02 00:32:41,200 | WARNING  | SourceEngine | ALPHA_VANTAGE OFFLINE
2026-07-02 00:32:41,201 | CRITICAL | SourceEngine | ALL PROVIDERS FAILED : MA
2026-07-02 00:32:41,203 | INFO     | SourceEngine | REQUEST : MA
2026-07-02 00:32:41,420 | WARNING  | HealthManager | Provider MASSIVE is unhealthy.
2026-07-02 00:32:41,421 | WARNING  | SourceEngine | MASSIVE OFFLINE
2026-07-02 00:32:42,754 | ERROR    | StatisticsManager | FINNHUB failed after 0.6549s
2026-07-02 00:32:42,755 | WARNING  | SourceEngine | FINNHUB : EMPTY_DATA
2026-07-02 00:32:42,985 | WARNING  | HealthManager | Provider FMP is unhealthy.
2026-07-02 00:32:42,986 | WARNING  | SourceEngine | FMP OFFLINE
2026-07-02 00:32:43,277 | WARNING  | HealthManager | Provider ALPHA_VANTAGE is unhealthy.
2026-07-02 00:32:43,278 | WARNING  | SourceEngine | ALPHA_VANTAGE OFFLINE
2026-07-02 00:32:43,279 | CRITICAL | SourceEngine | ALL PROVIDERS FAILED : MA
2026-07-02 00:32:43,280 | INFO     | SourceEngine | REQUEST : MA
2026-07-02 00:32:43,484 | WARNING  | HealthManager | Provider MASSIVE is unhealthy.
2026-07-02 00:32:43,484 | WARNING  | SourceEngine | MASSIVE OFFLINE
2026-07-02 00:32:44,877 | ERROR    | StatisticsManager | FINNHUB failed after 0.6985s
2026-07-02 00:32:44,878 | WARNING  | SourceEngine | FINNHUB : EMPTY_DATA
2026-07-02 00:32:45,089 | WARNING  | HealthManager | Provider FMP is unhealthy.
2026-07-02 00:32:45,090 | WARNING  | SourceEngine | FMP OFFLINE
2026-07-02 00:32:45,392 | WARNING  | HealthManager | Provider ALPHA_VANTAGE is unhealthy.
2026-07-02 00:32:45,394 | WARNING  | SourceEngine | ALPHA_VANTAGE OFFLINE
2026-07-02 00:32:45,394 | CRITICAL | SourceEngine | ALL PROVIDERS FAILED : MA
2026-07-02 00:32:45,395 | INFO     | SourceEngine | REQUEST : LLY
2026-07-02 00:32:45,617 | WARNING  | HealthManager | Provider MASSIVE is unhealthy.
2026-07-02 00:32:45,618 | WARNING  | SourceEngine | MASSIVE OFFLINE
2026-07-02 00:32:47,002 | ERROR    | StatisticsManager | FINNHUB failed after 0.7052s
2026-07-02 00:32:47,004 | WARNING  | SourceEngine | FINNHUB : EMPTY_DATA
2026-07-02 00:32:47,216 | WARNING  | HealthManager | Provider FMP is unhealthy.
2026-07-02 00:32:47,217 | WARNING  | SourceEngine | FMP OFFLINE
2026-07-02 00:32:47,506 | WARNING  | HealthManager | Provider ALPHA_VANTAGE is unhealthy.
2026-07-02 00:32:47,508 | WARNING  | SourceEngine | ALPHA_VANTAGE OFFLINE
2026-07-02 00:32:47,510 | CRITICAL | SourceEngine | ALL PROVIDERS FAILED : LLY
2026-07-02 00:32:47,513 | INFO     | SourceEngine | REQUEST : LLY
2026-07-02 00:32:47,717 | WARNING  | HealthManager | Provider MASSIVE is unhealthy.
2026-07-02 00:32:47,719 | WARNING  | SourceEngine | MASSIVE OFFLINE
2026-07-02 00:32:49,091 | ERROR    | StatisticsManager | FINNHUB failed after 0.7064s
2026-07-02 00:32:49,091 | WARNING  | SourceEngine | FINNHUB : EMPTY_DATA
2026-07-02 00:32:49,306 | WARNING  | HealthManager | Provider FMP is unhealthy.
2026-07-02 00:32:49,307 | WARNING  | SourceEngine | FMP OFFLINE
2026-07-02 00:32:49,634 | WARNING  | HealthManager | Provider ALPHA_VANTAGE is unhealthy.
2026-07-02 00:32:49,635 | WARNING  | SourceEngine | ALPHA_VANTAGE OFFLINE
2026-07-02 00:32:49,636 | CRITICAL | SourceEngine | ALL PROVIDERS FAILED : LLY
2026-07-02 00:32:49,638 | INFO     | SourceEngine | REQUEST : LLY
2026-07-02 00:32:49,855 | WARNING  | HealthManager | Provider MASSIVE is unhealthy.
2026-07-02 00:32:49,856 | WARNING  | SourceEngine | MASSIVE OFFLINE
2026-07-02 00:32:51,239 | ERROR    | StatisticsManager | FINNHUB failed after 0.6910s
2026-07-02 00:32:51,240 | WARNING  | SourceEngine | FINNHUB : EMPTY_DATA
2026-07-02 00:32:51,454 | WARNING  | HealthManager | Provider FMP is unhealthy.
2026-07-02 00:32:51,455 | WARNING  | SourceEngine | FMP OFFLINE
2026-07-02 00:32:51,719 | WARNING  | HealthManager | Provider ALPHA_VANTAGE is unhealthy.
2026-07-02 00:32:51,720 | WARNING  | SourceEngine | ALPHA_VANTAGE OFFLINE
2026-07-02 00:32:51,721 | CRITICAL | SourceEngine | ALL PROVIDERS FAILED : LLY
2026-07-02 00:32:51,722 | INFO     | SourceEngine | REQUEST : UNH
2026-07-02 00:32:51,951 | WARNING  | HealthManager | Provider MASSIVE is unhealthy.
2026-07-02 00:32:51,952 | WARNING  | SourceEngine | MASSIVE OFFLINE
2026-07-02 00:32:53,258 | ERROR    | StatisticsManager | FINNHUB failed after 0.6498s
2026-07-02 00:32:53,259 | WARNING  | SourceEngine | FINNHUB : EMPTY_DATA
2026-07-02 00:32:53,642 | WARNING  | HealthManager | Provider FMP is unhealthy.
2026-07-02 00:32:53,644 | WARNING  | SourceEngine | FMP OFFLINE
2026-07-02 00:32:53,904 | WARNING  | HealthManager | Provider ALPHA_VANTAGE is unhealthy.
2026-07-02 00:32:53,906 | WARNING  | SourceEngine | ALPHA_VANTAGE OFFLINE
2026-07-02 00:32:53,908 | CRITICAL | SourceEngine | ALL PROVIDERS FAILED : UNH
2026-07-02 00:32:53,911 | INFO     | SourceEngine | REQUEST : UNH
2026-07-02 00:32:54,114 | WARNING  | HealthManager | Provider MASSIVE is unhealthy.
2026-07-02 00:32:54,115 | WARNING  | SourceEngine | MASSIVE OFFLINE
2026-07-02 00:32:55,452 | ERROR    | StatisticsManager | FINNHUB failed after 0.6658s
2026-07-02 00:32:55,453 | WARNING  | SourceEngine | FINNHUB : EMPTY_DATA
2026-07-02 00:32:55,666 | WARNING  | HealthManager | Provider FMP is unhealthy.
2026-07-02 00:32:55,667 | WARNING  | SourceEngine | FMP OFFLINE
2026-07-02 00:32:55,930 | WARNING  | HealthManager | Provider ALPHA_VANTAGE is unhealthy.
2026-07-02 00:32:55,931 | WARNING  | SourceEngine | ALPHA_VANTAGE OFFLINE
2026-07-02 00:32:55,932 | CRITICAL | SourceEngine | ALL PROVIDERS FAILED : UNH
2026-07-02 00:32:55,934 | INFO     | SourceEngine | REQUEST : UNH
2026-07-02 00:32:56,128 | WARNING  | HealthManager | Provider MASSIVE is unhealthy.
2026-07-02 00:32:56,129 | WARNING  | SourceEngine | MASSIVE OFFLINE
2026-07-02 00:32:57,479 | ERROR    | StatisticsManager | FINNHUB failed after 0.6717s
2026-07-02 00:32:57,480 | WARNING  | SourceEngine | FINNHUB : EMPTY_DATA
2026-07-02 00:32:57,692 | WARNING  | HealthManager | Provider FMP is unhealthy.
2026-07-02 00:32:57,694 | WARNING  | SourceEngine | FMP OFFLINE
2026-07-02 00:32:57,947 | WARNING  | HealthManager | Provider ALPHA_VANTAGE is unhealthy.
2026-07-02 00:32:57,948 | WARNING  | SourceEngine | ALPHA_VANTAGE OFFLINE
2026-07-02 00:32:57,949 | CRITICAL | SourceEngine | ALL PROVIDERS FAILED : UNH
2026-07-02 00:32:57,951 | INFO     | SourceEngine | REQUEST : ABBV
2026-07-02 00:32:58,151 | WARNING  | HealthManager | Provider MASSIVE is unhealthy.
2026-07-02 00:32:58,156 | WARNING  | SourceEngine | MASSIVE OFFLINE
2026-07-02 00:32:59,528 | ERROR    | StatisticsManager | FINNHUB failed after 0.6893s
2026-07-02 00:32:59,529 | WARNING  | SourceEngine | FINNHUB : EMPTY_DATA
2026-07-02 00:32:59,844 | WARNING  | HealthManager | Provider FMP is unhealthy.
2026-07-02 00:32:59,845 | WARNING  | SourceEngine | FMP OFFLINE
2026-07-02 00:33:00,118 | WARNING  | HealthManager | Provider ALPHA_VANTAGE is unhealthy.
2026-07-02 00:33:00,121 | WARNING  | SourceEngine | ALPHA_VANTAGE OFFLINE
2026-07-02 00:33:00,122 | CRITICAL | SourceEngine | ALL PROVIDERS FAILED : ABBV
2026-07-02 00:33:00,129 | INFO     | SourceEngine | REQUEST : ABBV
2026-07-02 00:33:00,333 | WARNING  | HealthManager | Provider MASSIVE is unhealthy.
2026-07-02 00:33:00,334 | WARNING  | SourceEngine | MASSIVE OFFLINE
2026-07-02 00:33:01,689 | ERROR    | StatisticsManager | FINNHUB failed after 0.6738s
2026-07-02 00:33:01,690 | WARNING  | SourceEngine | FINNHUB : EMPTY_DATA
2026-07-02 00:33:01,953 | WARNING  | HealthManager | Provider FMP is unhealthy.
2026-07-02 00:33:01,954 | WARNING  | SourceEngine | FMP OFFLINE
2026-07-02 00:33:02,219 | WARNING  | HealthManager | Provider ALPHA_VANTAGE is unhealthy.
2026-07-02 00:33:02,220 | WARNING  | SourceEngine | ALPHA_VANTAGE OFFLINE
2026-07-02 00:33:02,221 | CRITICAL | SourceEngine | ALL PROVIDERS FAILED : ABBV
2026-07-02 00:33:02,222 | INFO     | SourceEngine | REQUEST : ABBV
2026-07-02 00:33:02,418 | WARNING  | HealthManager | Provider MASSIVE is unhealthy.
2026-07-02 00:33:02,420 | WARNING  | SourceEngine | MASSIVE OFFLINE
2026-07-02 00:33:03,749 | ERROR    | StatisticsManager | FINNHUB failed after 0.6711s
2026-07-02 00:33:03,751 | WARNING  | SourceEngine | FINNHUB : EMPTY_DATA
2026-07-02 00:33:04,267 | WARNING  | HealthManager | Provider FMP is unhealthy.
2026-07-02 00:33:04,269 | WARNING  | SourceEngine | FMP OFFLINE
2026-07-02 00:33:04,573 | WARNING  | HealthManager | Provider ALPHA_VANTAGE is unhealthy.
2026-07-02 00:33:04,577 | WARNING  | SourceEngine | ALPHA_VANTAGE OFFLINE
2026-07-02 00:33:04,579 | CRITICAL | SourceEngine | ALL PROVIDERS FAILED : ABBV
2026-07-02 00:33:04,583 | INFO     | SourceEngine | REQUEST : ORCL
2026-07-02 00:33:04,782 | WARNING  | HealthManager | Provider MASSIVE is unhealthy.
2026-07-02 00:33:04,783 | WARNING  | SourceEngine | MASSIVE OFFLINE
2026-07-02 00:33:06,167 | ERROR    | StatisticsManager | FINNHUB failed after 0.6840s
2026-07-02 00:33:06,168 | WARNING  | SourceEngine | FINNHUB : EMPTY_DATA
2026-07-02 00:33:06,376 | WARNING  | HealthManager | Provider FMP is unhealthy.
2026-07-02 00:33:06,377 | WARNING  | SourceEngine | FMP OFFLINE
2026-07-02 00:33:07,042 | WARNING  | HealthManager | Provider ALPHA_VANTAGE is unhealthy.
2026-07-02 00:33:07,075 | WARNING  | SourceEngine | ALPHA_VANTAGE OFFLINE
2026-07-02 00:33:07,082 | CRITICAL | SourceEngine | ALL PROVIDERS FAILED : ORCL
2026-07-02 00:33:07,118 | INFO     | SourceEngine | REQUEST : ORCL
2026-07-02 00:33:07,375 | WARNING  | HealthManager | Provider MASSIVE is unhealthy.
2026-07-02 00:33:07,376 | WARNING  | SourceEngine | MASSIVE OFFLINE
2026-07-02 00:33:08,791 | ERROR    | StatisticsManager | FINNHUB failed after 0.7111s
2026-07-02 00:33:08,792 | WARNING  | SourceEngine | FINNHUB : EMPTY_DATA
2026-07-02 00:33:09,006 | WARNING  | HealthManager | Provider FMP is unhealthy.
2026-07-02 00:33:09,008 | WARNING  | SourceEngine | FMP OFFLINE
2026-07-02 00:33:09,310 | WARNING  | HealthManager | Provider ALPHA_VANTAGE is unhealthy.
2026-07-02 00:33:09,311 | WARNING  | SourceEngine | ALPHA_VANTAGE OFFLINE
2026-07-02 00:33:09,312 | CRITICAL | SourceEngine | ALL PROVIDERS FAILED : ORCL
2026-07-02 00:33:09,314 | INFO     | SourceEngine | REQUEST : ORCL
2026-07-02 00:33:09,600 | WARNING  | HealthManager | Provider MASSIVE is unhealthy.
2026-07-02 00:33:09,601 | WARNING  | SourceEngine | MASSIVE OFFLINE
2026-07-02 00:33:10,972 | ERROR    | StatisticsManager | FINNHUB failed after 0.6763s
2026-07-02 00:33:10,973 | WARNING  | SourceEngine | FINNHUB : EMPTY_DATA
2026-07-02 00:33:11,244 | WARNING  | HealthManager | Provider FMP is unhealthy.
2026-07-02 00:33:11,245 | WARNING  | SourceEngine | FMP OFFLINE
2026-07-02 00:33:11,539 | WARNING  | HealthManager | Provider ALPHA_VANTAGE is unhealthy.
2026-07-02 00:33:11,543 | WARNING  | SourceEngine | ALPHA_VANTAGE OFFLINE
2026-07-02 00:33:11,544 | CRITICAL | SourceEngine | ALL PROVIDERS FAILED : ORCL
2026-07-02 00:33:11,545 | INFO     | SourceEngine | REQUEST : APP
2026-07-02 00:33:11,864 | WARNING  | HealthManager | Provider MASSIVE is unhealthy.
2026-07-02 00:33:11,865 | WARNING  | SourceEngine | MASSIVE OFFLINE
2026-07-02 00:33:13,214 | ERROR    | StatisticsManager | FINNHUB failed after 0.6703s
2026-07-02 00:33:13,216 | WARNING  | SourceEngine | FINNHUB : EMPTY_DATA
2026-07-02 00:33:13,430 | WARNING  | HealthManager | Provider FMP is unhealthy.
2026-07-02 00:33:13,443 | WARNING  | SourceEngine | FMP OFFLINE
2026-07-02 00:33:13,873 | WARNING  | HealthManager | Provider ALPHA_VANTAGE is unhealthy.
2026-07-02 00:33:13,874 | WARNING  | SourceEngine | ALPHA_VANTAGE OFFLINE
2026-07-02 00:33:13,875 | CRITICAL | SourceEngine | ALL PROVIDERS FAILED : APP
2026-07-02 00:33:13,877 | INFO     | SourceEngine | REQUEST : APP
2026-07-02 00:33:14,091 | WARNING  | HealthManager | Provider MASSIVE is unhealthy.
2026-07-02 00:33:14,093 | WARNING  | SourceEngine | MASSIVE OFFLINE
2026-07-02 00:33:15,480 | ERROR    | StatisticsManager | FINNHUB failed after 0.6827s
2026-07-02 00:33:15,481 | WARNING  | SourceEngine | FINNHUB : EMPTY_DATA
2026-07-02 00:33:15,701 | WARNING  | HealthManager | Provider FMP is unhealthy.
2026-07-02 00:33:15,702 | WARNING  | SourceEngine | FMP OFFLINE
2026-07-02 00:33:16,151 | WARNING  | HealthManager | Provider ALPHA_VANTAGE is unhealthy.
2026-07-02 00:33:16,152 | WARNING  | SourceEngine | ALPHA_VANTAGE OFFLINE
2026-07-02 00:33:16,152 | CRITICAL | SourceEngine | ALL PROVIDERS FAILED : APP
2026-07-02 00:33:16,154 | INFO     | SourceEngine | REQUEST : APP
2026-07-02 00:33:16,352 | WARNING  | HealthManager | Provider MASSIVE is unhealthy.
2026-07-02 00:33:16,353 | WARNING  | SourceEngine | MASSIVE OFFLINE
2026-07-02 00:33:17,699 | ERROR    | StatisticsManager | FINNHUB failed after 0.6824s
2026-07-02 00:33:17,700 | WARNING  | SourceEngine | FINNHUB : EMPTY_DATA
2026-07-02 00:33:17,916 | WARNING  | HealthManager | Provider FMP is unhealthy.
2026-07-02 00:33:17,918 | WARNING  | SourceEngine | FMP OFFLINE
2026-07-02 00:33:18,376 | WARNING  | HealthManager | Provider ALPHA_VANTAGE is unhealthy.
2026-07-02 00:33:18,376 | WARNING  | SourceEngine | ALPHA_VANTAGE OFFLINE
2026-07-02 00:33:18,377 | CRITICAL | SourceEngine | ALL PROVIDERS FAILED : APP
2026-07-02 00:33:18,377 | INFO     | SourceEngine | REQUEST : UBER
2026-07-02 00:33:19,831 | WARNING  | HealthManager | Provider MASSIVE is unhealthy.
2026-07-02 00:33:19,832 | WARNING  | SourceEngine | MASSIVE OFFLINE
2026-07-02 00:33:21,804 | ERROR    | StatisticsManager | FINNHUB failed after 0.6759s
2026-07-02 00:33:21,805 | WARNING  | SourceEngine | FINNHUB : EMPTY_DATA
2026-07-02 00:33:22,415 | WARNING  | HealthManager | Provider FMP is unhealthy.
2026-07-02 00:33:22,424 | WARNING  | SourceEngine | FMP OFFLINE
2026-07-02 00:33:22,841 | WARNING  | HealthManager | Provider ALPHA_VANTAGE is unhealthy.
2026-07-02 00:33:22,841 | WARNING  | SourceEngine | ALPHA_VANTAGE OFFLINE
2026-07-02 00:33:22,842 | CRITICAL | SourceEngine | ALL PROVIDERS FAILED : UBER
2026-07-02 00:33:22,843 | INFO     | SourceEngine | REQUEST : UBER
2026-07-02 00:33:23,051 | WARNING  | HealthManager | Provider MASSIVE is unhealthy.
2026-07-02 00:33:23,052 | WARNING  | SourceEngine | MASSIVE OFFLINE
2026-07-02 00:33:25,124 | ERROR    | StatisticsManager | FINNHUB failed after 1.4105s
2026-07-02 00:33:25,125 | WARNING  | SourceEngine | FINNHUB : EMPTY_DATA
2026-07-02 00:33:25,338 | WARNING  | HealthManager | Provider FMP is unhealthy.
2026-07-02 00:33:25,339 | WARNING  | SourceEngine | FMP OFFLINE
2026-07-02 00:33:25,776 | WARNING  | HealthManager | Provider ALPHA_VANTAGE is unhealthy.
2026-07-02 00:33:25,777 | WARNING  | SourceEngine | ALPHA_VANTAGE OFFLINE
2026-07-02 00:33:25,778 | CRITICAL | SourceEngine | ALL PROVIDERS FAILED : UBER
2026-07-02 00:33:25,779 | INFO     | SourceEngine | REQUEST : UBER
2026-07-02 00:33:25,969 | WARNING  | HealthManager | Provider MASSIVE is unhealthy.
2026-07-02 00:33:25,970 | WARNING  | SourceEngine | MASSIVE OFFLINE
2026-07-02 00:33:27,331 | ERROR    | StatisticsManager | FINNHUB failed after 0.6808s
2026-07-02 00:33:27,332 | WARNING  | SourceEngine | FINNHUB : EMPTY_DATA
2026-07-02 00:33:27,548 | WARNING  | HealthManager | Provider FMP is unhealthy.
2026-07-02 00:33:27,549 | WARNING  | SourceEngine | FMP OFFLINE
2026-07-02 00:33:27,948 | WARNING  | HealthManager | Provider ALPHA_VANTAGE is unhealthy.
2026-07-02 00:33:27,949 | WARNING  | SourceEngine | ALPHA_VANTAGE OFFLINE
2026-07-02 00:33:27,950 | CRITICAL | SourceEngine | ALL PROVIDERS FAILED : UBER
2026-07-02 00:33:27,951 | INFO     | SourceEngine | REQUEST : CRM
2026-07-02 00:33:28,156 | WARNING  | HealthManager | Provider MASSIVE is unhealthy.
2026-07-02 00:33:28,157 | WARNING  | SourceEngine | MASSIVE OFFLINE
2026-07-02 00:33:30,199 | ERROR    | StatisticsManager | FINNHUB failed after 0.6689s
2026-07-02 00:33:30,199 | WARNING  | SourceEngine | FINNHUB : EMPTY_DATA
2026-07-02 00:33:30,409 | WARNING  | HealthManager | Provider FMP is unhealthy.
2026-07-02 00:33:30,424 | WARNING  | SourceEngine | FMP OFFLINE
2026-07-02 00:33:30,814 | WARNING  | HealthManager | Provider ALPHA_VANTAGE is unhealthy.
2026-07-02 00:33:30,868 | WARNING  | SourceEngine | ALPHA_VANTAGE OFFLINE
2026-07-02 00:33:30,901 | CRITICAL | SourceEngine | ALL PROVIDERS FAILED : CRM
2026-07-02 00:33:30,909 | INFO     | SourceEngine | REQUEST : CRM
2026-07-02 00:33:31,115 | WARNING  | HealthManager | Provider MASSIVE is unhealthy.
2026-07-02 00:33:31,116 | WARNING  | SourceEngine | MASSIVE OFFLINE
2026-07-02 00:33:32,524 | ERROR    | StatisticsManager | FINNHUB failed after 0.6894s
2026-07-02 00:33:32,525 | WARNING  | SourceEngine | FINNHUB : EMPTY_DATA
2026-07-02 00:33:32,741 | WARNING  | HealthManager | Provider FMP is unhealthy.
2026-07-02 00:33:32,742 | WARNING  | SourceEngine | FMP OFFLINE
2026-07-02 00:33:33,178 | WARNING  | HealthManager | Provider ALPHA_VANTAGE is unhealthy.
2026-07-02 00:33:33,181 | WARNING  | SourceEngine | ALPHA_VANTAGE OFFLINE
2026-07-02 00:33:33,185 | CRITICAL | SourceEngine | ALL PROVIDERS FAILED : CRM
2026-07-02 00:33:33,195 | INFO     | SourceEngine | REQUEST : CRM
2026-07-02 00:33:33,671 | WARNING  | HealthManager | Provider MASSIVE is unhealthy.
2026-07-02 00:33:33,672 | WARNING  | SourceEngine | MASSIVE OFFLINE
2026-07-02 00:33:35,054 | ERROR    | StatisticsManager | FINNHUB failed after 0.6986s
2026-07-02 00:33:35,056 | WARNING  | SourceEngine | FINNHUB : EMPTY_DATA
2026-07-02 00:33:35,272 | WARNING  | HealthManager | Provider FMP is unhealthy.
2026-07-02 00:33:35,273 | WARNING  | SourceEngine | FMP OFFLINE
2026-07-02 00:33:35,662 | WARNING  | HealthManager | Provider ALPHA_VANTAGE is unhealthy.
2026-07-02 00:33:35,663 | WARNING  | SourceEngine | ALPHA_VANTAGE OFFLINE
2026-07-02 00:33:35,664 | CRITICAL | SourceEngine | ALL PROVIDERS FAILED : CRM
2026-07-02 00:33:35,666 | INFO     | SourceEngine | REQUEST : ADBE
2026-07-02 00:33:35,875 | WARNING  | HealthManager | Provider MASSIVE is unhealthy.
2026-07-02 00:33:35,876 | WARNING  | SourceEngine | MASSIVE OFFLINE
2026-07-02 00:33:37,234 | ERROR    | StatisticsManager | FINNHUB failed after 0.6728s
2026-07-02 00:33:37,236 | WARNING  | SourceEngine | FINNHUB : EMPTY_DATA
2026-07-02 00:33:37,458 | WARNING  | HealthManager | Provider FMP is unhealthy.
2026-07-02 00:33:37,459 | WARNING  | SourceEngine | FMP OFFLINE
2026-07-02 00:33:37,829 | WARNING  | HealthManager | Provider ALPHA_VANTAGE is unhealthy.
2026-07-02 00:33:37,830 | WARNING  | SourceEngine | ALPHA_VANTAGE OFFLINE
2026-07-02 00:33:37,831 | CRITICAL | SourceEngine | ALL PROVIDERS FAILED : ADBE
2026-07-02 00:33:37,832 | INFO     | SourceEngine | REQUEST : ADBE
2026-07-02 00:33:38,036 | WARNING  | HealthManager | Provider MASSIVE is unhealthy.
2026-07-02 00:33:38,037 | WARNING  | SourceEngine | MASSIVE OFFLINE
2026-07-02 00:33:40,020 | ERROR    | StatisticsManager | FINNHUB failed after 1.2849s
2026-07-02 00:33:40,021 | WARNING  | SourceEngine | FINNHUB : EMPTY_DATA
2026-07-02 00:33:40,262 | WARNING  | HealthManager | Provider FMP is unhealthy.
2026-07-02 00:33:40,262 | WARNING  | SourceEngine | FMP OFFLINE
2026-07-02 00:33:40,632 | WARNING  | HealthManager | Provider ALPHA_VANTAGE is unhealthy.
2026-07-02 00:33:40,633 | WARNING  | SourceEngine | ALPHA_VANTAGE OFFLINE
2026-07-02 00:33:40,634 | CRITICAL | SourceEngine | ALL PROVIDERS FAILED : ADBE
2026-07-02 00:33:40,635 | INFO     | SourceEngine | REQUEST : ADBE
2026-07-02 00:33:40,835 | WARNING  | HealthManager | Provider MASSIVE is unhealthy.
2026-07-02 00:33:40,835 | WARNING  | SourceEngine | MASSIVE OFFLINE
2026-07-02 00:33:42,212 | ERROR    | StatisticsManager | FINNHUB failed after 0.6983s
2026-07-02 00:33:42,213 | WARNING  | SourceEngine | FINNHUB : EMPTY_DATA
2026-07-02 00:33:42,437 | WARNING  | HealthManager | Provider FMP is unhealthy.
2026-07-02 00:33:42,438 | WARNING  | SourceEngine | FMP OFFLINE
2026-07-02 00:33:42,847 | WARNING  | HealthManager | Provider ALPHA_VANTAGE is unhealthy.
2026-07-02 00:33:42,848 | WARNING  | SourceEngine | ALPHA_VANTAGE OFFLINE
2026-07-02 00:33:42,849 | CRITICAL | SourceEngine | ALL PROVIDERS FAILED : ADBE
2026-07-02 00:33:42,851 | INFO     | SourceEngine | REQUEST : BA
2026-07-02 00:33:43,058 | WARNING  | HealthManager | Provider MASSIVE is unhealthy.
2026-07-02 00:33:43,059 | WARNING  | SourceEngine | MASSIVE OFFLINE
2026-07-02 00:33:44,461 | ERROR    | StatisticsManager | FINNHUB failed after 0.7290s
2026-07-02 00:33:44,463 | WARNING  | SourceEngine | FINNHUB : EMPTY_DATA
2026-07-02 00:33:44,678 | WARNING  | HealthManager | Provider FMP is unhealthy.
2026-07-02 00:33:44,679 | WARNING  | SourceEngine | FMP OFFLINE
2026-07-02 00:33:45,077 | WARNING  | HealthManager | Provider ALPHA_VANTAGE is unhealthy.
2026-07-02 00:33:45,079 | WARNING  | SourceEngine | ALPHA_VANTAGE OFFLINE
2026-07-02 00:33:45,080 | CRITICAL | SourceEngine | ALL PROVIDERS FAILED : BA
2026-07-02 00:33:45,082 | INFO     | SourceEngine | REQUEST : BA
2026-07-02 00:33:45,289 | WARNING  | HealthManager | Provider MASSIVE is unhealthy.
2026-07-02 00:33:45,292 | WARNING  | SourceEngine | MASSIVE OFFLINE
2026-07-02 00:33:46,699 | ERROR    | StatisticsManager | FINNHUB failed after 0.6785s
2026-07-02 00:33:46,700 | WARNING  | SourceEngine | FINNHUB : EMPTY_DATA
2026-07-02 00:33:46,916 | WARNING  | HealthManager | Provider FMP is unhealthy.
2026-07-02 00:33:46,917 | WARNING  | SourceEngine | FMP OFFLINE
2026-07-02 00:33:47,290 | WARNING  | HealthManager | Provider ALPHA_VANTAGE is unhealthy.
2026-07-02 00:33:47,291 | WARNING  | SourceEngine | ALPHA_VANTAGE OFFLINE
2026-07-02 00:33:47,291 | CRITICAL | SourceEngine | ALL PROVIDERS FAILED : BA
2026-07-02 00:33:47,293 | INFO     | SourceEngine | REQUEST : BA
2026-07-02 00:33:47,858 | WARNING  | HealthManager | Provider MASSIVE is unhealthy.
2026-07-02 00:33:47,859 | WARNING  | SourceEngine | MASSIVE OFFLINE
2026-07-02 00:33:49,195 | ERROR    | StatisticsManager | FINNHUB failed after 0.6716s
2026-07-02 00:33:49,196 | WARNING  | SourceEngine | FINNHUB : EMPTY_DATA
2026-07-02 00:33:49,408 | WARNING  | HealthManager | Provider FMP is unhealthy.
2026-07-02 00:33:49,409 | WARNING  | SourceEngine | FMP OFFLINE
2026-07-02 00:33:49,788 | WARNING  | HealthManager | Provider ALPHA_VANTAGE is unhealthy.
2026-07-02 00:33:49,789 | WARNING  | SourceEngine | ALPHA_VANTAGE OFFLINE
2026-07-02 00:33:49,790 | CRITICAL | SourceEngine | ALL PROVIDERS FAILED : BA
2026-07-02 00:33:49,791 | INFO     | SourceEngine | REQUEST : TXN
2026-07-02 00:33:49,991 | WARNING  | HealthManager | Provider MASSIVE is unhealthy.
2026-07-02 00:33:49,992 | WARNING  | SourceEngine | MASSIVE OFFLINE
2026-07-02 00:33:51,452 | ERROR    | StatisticsManager | FINNHUB failed after 0.7788s
2026-07-02 00:33:51,453 | WARNING  | SourceEngine | FINNHUB : EMPTY_DATA
2026-07-02 00:33:51,660 | WARNING  | HealthManager | Provider FMP is unhealthy.
2026-07-02 00:33:51,662 | WARNING  | SourceEngine | FMP OFFLINE
2026-07-02 00:33:52,016 | WARNING  | HealthManager | Provider ALPHA_VANTAGE is unhealthy.
2026-07-02 00:33:52,017 | WARNING  | SourceEngine | ALPHA_VANTAGE OFFLINE
2026-07-02 00:33:52,018 | CRITICAL | SourceEngine | ALL PROVIDERS FAILED : TXN
2026-07-02 00:33:52,020 | INFO     | SourceEngine | REQUEST : TXN
2026-07-02 00:33:52,222 | WARNING  | HealthManager | Provider MASSIVE is unhealthy.
2026-07-02 00:33:52,223 | WARNING  | SourceEngine | MASSIVE OFFLINE
2026-07-02 00:33:54,366 | ERROR    | StatisticsManager | FINNHUB failed after 0.8603s
2026-07-02 00:33:54,367 | WARNING  | SourceEngine | FINNHUB : EMPTY_DATA
2026-07-02 00:33:54,594 | WARNING  | HealthManager | Provider FMP is unhealthy.
2026-07-02 00:33:54,595 | WARNING  | SourceEngine | FMP OFFLINE
2026-07-02 00:33:54,924 | WARNING  | HealthManager | Provider ALPHA_VANTAGE is unhealthy.
2026-07-02 00:33:54,925 | WARNING  | SourceEngine | ALPHA_VANTAGE OFFLINE
2026-07-02 00:33:54,926 | CRITICAL | SourceEngine | ALL PROVIDERS FAILED : TXN
2026-07-02 00:33:54,927 | INFO     | SourceEngine | REQUEST : TXN
2026-07-02 00:33:55,131 | WARNING  | HealthManager | Provider MASSIVE is unhealthy.
2026-07-02 00:33:55,132 | WARNING  | SourceEngine | MASSIVE OFFLINE
2026-07-02 00:33:57,441 | ERROR    | StatisticsManager | FINNHUB failed after 1.6312s
2026-07-02 00:33:57,442 | WARNING  | SourceEngine | FINNHUB : EMPTY_DATA
2026-07-02 00:33:57,641 | WARNING  | HealthManager | Provider FMP is unhealthy.
2026-07-02 00:33:57,642 | WARNING  | SourceEngine | FMP OFFLINE
2026-07-02 00:33:57,984 | WARNING  | HealthManager | Provider ALPHA_VANTAGE is unhealthy.
2026-07-02 00:33:57,985 | WARNING  | SourceEngine | ALPHA_VANTAGE OFFLINE
2026-07-02 00:33:57,986 | CRITICAL | SourceEngine | ALL PROVIDERS FAILED : TXN
2026-07-02 00:33:57,988 | INFO     | SourceEngine | REQUEST : XOM
2026-07-02 00:33:58,198 | WARNING  | HealthManager | Provider MASSIVE is unhealthy.
2026-07-02 00:33:58,200 | WARNING  | SourceEngine | MASSIVE OFFLINE
2026-07-02 00:33:59,778 | ERROR    | StatisticsManager | FINNHUB failed after 0.6924s
2026-07-02 00:33:59,779 | WARNING  | SourceEngine | FINNHUB : EMPTY_DATA
2026-07-02 00:33:59,975 | WARNING  | HealthManager | Provider FMP is unhealthy.
2026-07-02 00:33:59,975 | WARNING  | SourceEngine | FMP OFFLINE
2026-07-02 00:34:00,328 | WARNING  | HealthManager | Provider ALPHA_VANTAGE is unhealthy.
2026-07-02 00:34:00,330 | WARNING  | SourceEngine | ALPHA_VANTAGE OFFLINE
2026-07-02 00:34:00,331 | CRITICAL | SourceEngine | ALL PROVIDERS FAILED : XOM
2026-07-02 00:34:00,332 | INFO     | SourceEngine | REQUEST : XOM
2026-07-02 00:34:00,526 | WARNING  | HealthManager | Provider MASSIVE is unhealthy.
2026-07-02 00:34:00,527 | WARNING  | SourceEngine | MASSIVE OFFLINE
2026-07-02 00:34:01,884 | ERROR    | StatisticsManager | FINNHUB failed after 0.6772s
2026-07-02 00:34:01,885 | WARNING  | SourceEngine | FINNHUB : EMPTY_DATA
2026-07-02 00:34:02,128 | WARNING  | HealthManager | Provider FMP is unhealthy.
2026-07-02 00:34:02,129 | WARNING  | SourceEngine | FMP OFFLINE
2026-07-02 00:34:02,469 | WARNING  | HealthManager | Provider ALPHA_VANTAGE is unhealthy.
2026-07-02 00:34:02,470 | WARNING  | SourceEngine | ALPHA_VANTAGE OFFLINE
2026-07-02 00:34:02,471 | CRITICAL | SourceEngine | ALL PROVIDERS FAILED : XOM
2026-07-02 00:34:02,471 | INFO     | SourceEngine | REQUEST : XOM
2026-07-02 00:34:02,676 | WARNING  | HealthManager | Provider MASSIVE is unhealthy.
2026-07-02 00:34:02,684 | WARNING  | SourceEngine | MASSIVE OFFLINE
2026-07-02 00:34:04,050 | ERROR    | StatisticsManager | FINNHUB failed after 0.6918s
2026-07-02 00:34:04,050 | WARNING  | SourceEngine | FINNHUB : EMPTY_DATA
2026-07-02 00:34:04,278 | WARNING  | HealthManager | Provider FMP is unhealthy.
2026-07-02 00:34:04,279 | WARNING  | SourceEngine | FMP OFFLINE
2026-07-02 00:34:04,571 | WARNING  | HealthManager | Provider ALPHA_VANTAGE is unhealthy.
2026-07-02 00:34:04,572 | WARNING  | SourceEngine | ALPHA_VANTAGE OFFLINE
2026-07-02 00:34:04,572 | CRITICAL | SourceEngine | ALL PROVIDERS FAILED : XOM
2026-07-02 00:34:04,574 | INFO     | SourceEngine | REQUEST : CVX
2026-07-02 00:34:04,885 | WARNING  | HealthManager | Provider MASSIVE is unhealthy.
2026-07-02 00:34:04,886 | WARNING  | SourceEngine | MASSIVE OFFLINE
2026-07-02 00:34:06,465 | ERROR    | StatisticsManager | FINNHUB failed after 0.6753s
2026-07-02 00:34:06,465 | WARNING  | SourceEngine | FINNHUB : EMPTY_DATA
2026-07-02 00:34:06,675 | WARNING  | HealthManager | Provider FMP is unhealthy.
2026-07-02 00:34:06,676 | WARNING  | SourceEngine | FMP OFFLINE
2026-07-02 00:34:07,026 | WARNING  | HealthManager | Provider ALPHA_VANTAGE is unhealthy.
2026-07-02 00:34:07,027 | WARNING  | SourceEngine | ALPHA_VANTAGE OFFLINE
2026-07-02 00:34:07,027 | CRITICAL | SourceEngine | ALL PROVIDERS FAILED : CVX
2026-07-02 00:34:07,028 | INFO     | SourceEngine | REQUEST : CVX
2026-07-02 00:34:07,231 | WARNING  | HealthManager | Provider MASSIVE is unhealthy.
2026-07-02 00:34:07,232 | WARNING  | SourceEngine | MASSIVE OFFLINE
2026-07-02 00:34:08,574 | ERROR    | StatisticsManager | FINNHUB failed after 0.6873s
2026-07-02 00:34:08,574 | WARNING  | SourceEngine | FINNHUB : EMPTY_DATA
2026-07-02 00:34:08,803 | WARNING  | HealthManager | Provider FMP is unhealthy.
2026-07-02 00:34:08,803 | WARNING  | SourceEngine | FMP OFFLINE
2026-07-02 00:34:09,123 | WARNING  | HealthManager | Provider ALPHA_VANTAGE is unhealthy.
2026-07-02 00:34:09,124 | WARNING  | SourceEngine | ALPHA_VANTAGE OFFLINE
2026-07-02 00:34:09,124 | CRITICAL | SourceEngine | ALL PROVIDERS FAILED : CVX
2026-07-02 00:34:09,125 | INFO     | SourceEngine | REQUEST : CVX
2026-07-02 00:34:09,329 | WARNING  | HealthManager | Provider MASSIVE is unhealthy.
2026-07-02 00:34:09,330 | WARNING  | SourceEngine | MASSIVE OFFLINE
2026-07-02 00:34:10,680 | ERROR    | StatisticsManager | FINNHUB failed after 0.6687s
2026-07-02 00:34:10,680 | WARNING  | SourceEngine | FINNHUB : EMPTY_DATA
2026-07-02 00:46:37,158 | INFO     | SourceEngine | Provider Priority = ['MASSIVE', 'FINNHUB', 'FMP', 'ALPHA_VANTAGE']
2026-07-02 00:46:37,159 | INFO     | SourceEngine | SourceEngine initialized successfully.
2026-07-02 00:46:37,159 | INFO     | SourceEngine | REQUEST : NVDA
2026-07-02 00:46:38,617 | WARNING  | HealthManager | Provider MASSIVE is unhealthy.
2026-07-02 00:46:38,619 | WARNING  | SourceEngine | MASSIVE OFFLINE
2026-07-02 00:46:40,274 | ERROR    | StatisticsManager | FINNHUB failed after 0.2992s
2026-07-02 00:46:40,275 | WARNING  | SourceEngine | FINNHUB : EMPTY_DATA
2026-07-02 00:46:42,079 | WARNING  | HealthManager | Provider FMP is unhealthy.
2026-07-02 00:46:42,080 | WARNING  | SourceEngine | FMP OFFLINE
2026-07-02 00:46:43,222 | WARNING  | HealthManager | Provider ALPHA_VANTAGE is unhealthy.
2026-07-02 00:46:43,223 | WARNING  | SourceEngine | ALPHA_VANTAGE OFFLINE
2026-07-02 00:46:43,224 | CRITICAL | SourceEngine | ALL PROVIDERS FAILED : NVDA
2026-07-02 01:11:15,504 | INFO     | SourceEngine | Provider Priority = ['MASSIVE', 'FINNHUB', 'FMP', 'ALPHA_VANTAGE']
2026-07-02 01:11:15,505 | INFO     | SourceEngine | SourceEngine initialized successfully.
2026-07-02 01:11:15,506 | INFO     | SourceEngine | Provider Priority = ['MASSIVE', 'FINNHUB', 'FMP', 'ALPHA_VANTAGE']
2026-07-02 01:11:15,506 | INFO     | SourceEngine | SourceEngine initialized successfully.
2026-07-02 01:11:15,507 | INFO     | SourceEngine | REQUEST : AAPL
2026-07-02 01:11:16,983 | ERROR    | StatisticsManager | MASSIVE failed after 1.4660s
2026-07-02 01:11:16,985 | WARNING  | SourceEngine | MASSIVE : MISSING_COLUMNS
2026-07-02 01:11:20,727 | ERROR    | StatisticsManager | FINNHUB failed after 0.6703s
2026-07-02 01:11:20,728 | WARNING  | SourceEngine | FINNHUB : EMPTY_DATA
2026-07-02 01:11:22,478 | WARNING  | HealthManager | Provider FMP is unhealthy.
2026-07-02 01:11:22,479 | WARNING  | SourceEngine | FMP OFFLINE
2026-07-02 01:11:23,776 | WARNING  | HealthManager | Provider ALPHA_VANTAGE is unhealthy.
2026-07-02 01:11:23,777 | WARNING  | SourceEngine | ALPHA_VANTAGE OFFLINE
2026-07-02 01:11:23,778 | CRITICAL | SourceEngine | ALL PROVIDERS FAILED : AAPL
2026-07-02 01:11:24,792 | WARNING  | HealthManager | Provider FMP is unhealthy.
2026-07-02 01:11:25,921 | WARNING  | HealthManager | Provider ALPHA_VANTAGE is unhealthy.
2026-07-02 01:11:25,922 | INFO     | SourceEngine | Stopping SourceEngine...
2026-07-02 01:11:25,931 | INFO     | SourceEngine | SourceEngine stopped successfully.
